"INTERACTION_ID","CUSTOMER_ID","INTERACTION_DATE","CHANNEL","INTERACTION_TYPE","SENTIMENT"
"1","145","""2026-04-11""","Social Media","Feedback","Negative"
"2","375","""2026-09-11""","App","Account Update","Positive"
"3","10","""2024-10-27""","App","Inquiry","Negative"
"4","112","""2026-05-19""","Chat","Purchase Consultation","Neutral"
"5","323","""2025-03-16""","In-Store","Purchase Consultation","Positive"
"6","271","""2025-07-02""","Phone","Support","Neutral"
"7","294","""2025-06-04""","Phone","Account Update","Positive"
"8","12","""2024-10-18""","In-Store","Inquiry","Negative"
"9","463","""2025-02-09""","Chat","Feedback","Positive"
"10","467","""2025-08-11""","App","Account Update","Neutral"
"11","427","""2025-05-24""","Social Media","Account Update","Neutral"
"12","665","""2024-11-12""","Email","Inquiry","Positive"
"13","206","""2026-06-22""","In-Store","Purchase Consultation","Positive"
"14","310","""2025-05-02""","Social Media","Account Update","Positive"
"15","176","""2025-06-25""","Email","Support","Neutral"
"16","230","""2026-05-25""","In-Store","Support","Neutral"
"17","61","""2025-02-18""","Phone","Feedback","Neutral"
"18","100","""2024-10-04""","Phone","Account Update","Negative"
"19","163","""2025-07-19""","Chat","Account Update","Negative"
"20","216","""2025-06-10""","Email","Feedback","Neutral"
"21","739","""2026-05-29""","Social Media","Account Update","Neutral"
"22","528","""2025-02-26""","Phone","Purchase Consultation","Neutral"
"23","189","""2026-01-13""","Chat","Purchase Consultation","Negative"
"24","133","""2025-10-25""","Phone","Purchase Consultation","Neutral"
"25","451","""2025-05-29""","App","Purchase Consultation","Positive"
"26","876","""2024-11-30""","App","Account Update","Neutral"
"27","84","""2025-11-12""","Chat","Account Update","Neutral"
"28","144","""2024-11-09""","App","Support","Positive"
"29","925","""2026-03-02""","Social Media","Feedback","Neutral"
"30","717","""2024-12-27""","In-Store","Support","Negative"
"31","124","""2026-08-05""","Phone","Account Update","Negative"
"32","6","""2024-10-02""","App","Feedback","Positive"
"33","490","""2024-10-13""","App","Feedback","Positive"
"34","381","""2026-08-31""","Chat","Support","Neutral"
"35","45","""2026-08-21""","Chat","Support","Negative"
"36","534","""2026-08-30""","App","Support","Neutral"
"37","151","""2025-02-04""","App","Purchase Consultation","Neutral"
"38","762","""2026-02-07""","Social Media","Purchase Consultation","Positive"
"39","119","""2025-10-21""","Email","Inquiry","Neutral"
"40","53","""2026-06-04""","Chat","Feedback","Negative"
"41","315","""2026-03-27""","Phone","Feedback","Positive"
"42","652","""2026-04-10""","Phone","Inquiry","Positive"
"43","817","""2025-12-14""","App","Account Update","Neutral"
"44","140","""2025-03-21""","In-Store","Inquiry","Negative"
"45","346","""2025-10-03""","Social Media","Inquiry","Neutral"
"46","81","""2024-12-16""","Social Media","Inquiry","Neutral"
"47","95","""2025-11-03""","Social Media","Inquiry","Neutral"
"48","144","""2026-06-07""","Social Media","Inquiry","Neutral"
"49","80","""2025-03-07""","Email","Inquiry","Negative"
"50","25","""2026-07-31""","Email","Account Update","Positive"
"51","55","""2025-01-25""","Email","Account Update","Negative"
"52","377","""2025-04-08""","In-Store","Purchase Consultation","Neutral"
"53","61","""2025-04-16""","Chat","Inquiry","Positive"
"54","128","""2025-06-19""","App","Support","Neutral"
"55","94","""2025-02-21""","Chat","Support","Neutral"
"56","53","""2025-12-21""","App","Feedback","Negative"
"57","203","""2026-02-26""","Social Media","Support","Neutral"
"58","167","""2026-03-18""","Social Media","Account Update","Negative"
"59","383","""2025-12-15""","Phone","Support","Neutral"
"60","405","""2026-02-19""","In-Store","Inquiry","Neutral"
"61","477","""2025-08-12""","In-Store","Account Update","Positive"
"62","829","""2025-08-24""","App","Inquiry","Neutral"
"63","399","""2025-05-29""","Social Media","Support","Positive"
"64","2","""2024-10-12""","Social Media","Purchase Consultation","Negative"
"65","468","""2025-12-27""","Chat","Support","Positive"
"66","40","""2025-05-10""","Email","Feedback","Neutral"
"67","149","""2025-07-03""","Email","Inquiry","Negative"
"68","229","""2026-04-29""","Social Media","Support","Positive"
"69","533","""2024-12-04""","App","Feedback","Neutral"
"70","961","""2025-02-13""","Email","Support","Neutral"
"71","100","""2024-10-01""","Email","Inquiry","Neutral"
"72","104","""2025-11-26""","App","Inquiry","Negative"
"73","78","""2024-11-11""","Chat","Feedback","Neutral"
"74","142","""2025-03-24""","Phone","Account Update","Neutral"
"75","70","""2025-06-04""","Chat","Inquiry","Negative"
"76","62","""2026-08-11""","App","Purchase Consultation","Negative"
"77","431","""2025-02-26""","Phone","Purchase Consultation","Neutral"
"78","155","""2025-11-08""","Phone","Inquiry","Neutral"
"79","198","""2025-11-07""","Phone","Purchase Consultation","Neutral"
"80","28","""2025-05-14""","Social Media","Purchase Consultation","Negative"
"81","744","""2025-08-01""","Social Media","Purchase Consultation","Negative"
"82","624","""2024-10-20""","Email","Support","Neutral"
"83","169","""2026-01-21""","App","Feedback","Positive"
"84","836","""2025-05-20""","Social Media","Feedback","Negative"
"85","52","""2026-08-28""","Chat","Support","Negative"
"86","38","""2025-02-08""","Phone","Support","Positive"
"87","40","""2025-01-02""","Email","Support","Negative"
"88","53","""2025-10-25""","Phone","Inquiry","Neutral"
"89","521","""2025-10-02""","Phone","Support","Negative"
"90","817","""2024-11-18""","Phone","Support","Positive"
"91","514","""2024-12-01""","Phone","Feedback","Negative"
"92","74","""2026-08-10""","Email","Account Update","Neutral"
"93","687","""2025-10-12""","App","Support","Neutral"
"94","89","""2025-11-08""","Social Media","Feedback","Positive"
"95","875","""2026-03-02""","In-Store","Support","Neutral"
"96","97","""2025-02-22""","Social Media","Account Update","Negative"
"97","109","""2026-07-10""","Social Media","Support","Negative"
"98","170","""2026-05-03""","Chat","Inquiry","Negative"
"99","264","""2025-11-27""","App","Inquiry","Neutral"
"100","218","""2026-09-03""","Email","Feedback","Positive"
"101","2","""2024-10-31""","App","Feedback","Negative"
"102","921","""2025-01-01""","Email","Account Update","Neutral"
"103","64","""2024-11-06""","Chat","Support","Positive"
"104","153","""2025-03-07""","In-Store","Support","Neutral"
"105","186","""2026-02-03""","Chat","Account Update","Negative"
"106","36","""2026-02-21""","Phone","Account Update","Negative"
"107","845","""2025-10-04""","App","Feedback","Positive"
"108","191","""2026-07-28""","Email","Feedback","Neutral"
"109","269","""2025-06-14""","Phone","Purchase Consultation","Neutral"
"110","560","""2025-11-23""","Phone","Feedback","Neutral"
"111","30","""2026-06-11""","Social Media","Support","Neutral"
"112","233","""2025-08-14""","Social Media","Inquiry","Neutral"
"113","142","""2024-11-22""","Phone","Purchase Consultation","Neutral"
"114","1","""2026-02-10""","Phone","Account Update","Negative"
"115","159","""2026-04-26""","Phone","Feedback","Positive"
"116","166","""2024-12-18""","Chat","Account Update","Positive"
"117","52","""2024-12-20""","In-Store","Feedback","Neutral"
"118","11","""2026-09-20""","Phone","Account Update","Negative"
"119","210","""2025-11-06""","Email","Feedback","Positive"
"120","587","""2026-06-08""","Phone","Account Update","Negative"
"121","276","""2024-12-17""","App","Account Update","Positive"
"122","164","""2025-05-23""","Chat","Feedback","Neutral"
"123","103","""2025-02-16""","Social Media","Feedback","Positive"
"124","711","""2026-08-31""","Social Media","Support","Neutral"
"125","69","""2024-11-12""","In-Store","Account Update","Negative"
"126","309","""2026-01-18""","Email","Support","Positive"
"127","101","""2024-10-14""","App","Account Update","Positive"
"128","423","""2025-12-05""","Social Media","Feedback","Neutral"
"129","474","""2024-10-26""","Chat","Support","Positive"
"130","222","""2026-02-20""","Social Media","Feedback","Positive"
"131","434","""2025-03-19""","Social Media","Inquiry","Neutral"
"132","873","""2024-12-14""","Email","Inquiry","Neutral"
"133","265","""2026-06-26""","App","Support","Positive"
"134","510","""2024-10-01""","Email","Inquiry","Negative"
"135","557","""2026-01-30""","App","Inquiry","Neutral"
"136","540","""2026-05-04""","Phone","Account Update","Negative"
"137","586","""2025-03-30""","Social Media","Inquiry","Positive"
"138","872","""2025-01-07""","Chat","Inquiry","Positive"
"139","83","""2026-07-31""","In-Store","Feedback","Negative"
"140","2","""2026-08-20""","Email","Purchase Consultation","Neutral"
"141","294","""2025-10-07""","Social Media","Account Update","Positive"
"142","729","""2025-11-05""","Email","Account Update","Neutral"
"143","342","""2025-01-03""","Social Media","Purchase Consultation","Positive"
"144","427","""2025-11-06""","App","Purchase Consultation","Positive"
"145","64","""2026-09-25""","Chat","Account Update","Neutral"
"146","137","""2024-12-05""","App","Purchase Consultation","Positive"
"147","453","""2026-06-28""","In-Store","Inquiry","Neutral"
"148","451","""2024-10-19""","Email","Inquiry","Positive"
"149","424","""2025-02-10""","In-Store","Feedback","Positive"
"150","461","""2025-10-11""","App","Support","Positive"
"151","72","""2025-01-20""","Phone","Feedback","Positive"
"152","462","""2025-05-09""","In-Store","Purchase Consultation","Positive"
"153","972","""2026-04-10""","In-Store","Purchase Consultation","Positive"
"154","321","""2024-12-24""","Email","Feedback","Neutral"
"155","43","""2025-09-22""","Phone","Inquiry","Positive"
"156","157","""2025-04-23""","Email","Feedback","Negative"
"157","252","""2025-03-19""","Chat","Inquiry","Positive"
"158","389","""2025-01-16""","Phone","Feedback","Positive"
"159","30","""2025-02-18""","In-Store","Account Update","Positive"
"160","23","""2026-02-25""","Chat","Purchase Consultation","Positive"
"161","767","""2026-09-05""","Phone","Support","Neutral"
"162","337","""2024-12-27""","Chat","Purchase Consultation","Positive"
"163","299","""2025-06-23""","App","Purchase Consultation","Neutral"
"164","261","""2025-11-21""","In-Store","Support","Positive"
"165","51","""2026-04-14""","Chat","Feedback","Negative"
"166","6","""2026-08-12""","Chat","Purchase Consultation","Negative"
"167","332","""2025-03-11""","Phone","Support","Positive"
"168","143","""2025-06-17""","Chat","Account Update","Positive"
"169","41","""2026-04-15""","Chat","Support","Negative"
"170","120","""2026-04-16""","Email","Inquiry","Neutral"
"171","112","""2025-01-14""","Chat","Inquiry","Positive"
"172","94","""2026-06-01""","Phone","Purchase Consultation","Negative"
"173","32","""2026-08-23""","Social Media","Purchase Consultation","Negative"
"174","65","""2026-06-04""","Phone","Inquiry","Negative"
"175","340","""2024-10-06""","Social Media","Inquiry","Neutral"
"176","465","""2025-04-29""","In-Store","Inquiry","Neutral"
"177","251","""2026-05-04""","Phone","Purchase Consultation","Neutral"
"178","951","""2025-07-13""","Social Media","Support","Positive"
"179","45","""2026-07-10""","Chat","Purchase Consultation","Negative"
"180","435","""2025-07-04""","Email","Purchase Consultation","Positive"
"181","277","""2026-01-29""","In-Store","Support","Positive"
"182","40","""2025-05-28""","Email","Inquiry","Negative"
"183","566","""2025-08-26""","In-Store","Inquiry","Positive"
"184","206","""2025-09-10""","In-Store","Inquiry","Positive"
"185","124","""2026-09-11""","App","Feedback","Neutral"
"186","223","""2026-08-21""","Chat","Feedback","Positive"
"187","181","""2024-12-07""","Chat","Inquiry","Neutral"
"188","668","""2026-06-09""","App","Account Update","Neutral"
"189","242","""2024-11-27""","App","Inquiry","Positive"
"190","21","""2025-01-13""","Social Media","Inquiry","Positive"
"191","127","""2026-07-20""","Social Media","Purchase Consultation","Neutral"
"192","1","""2025-08-13""","Social Media","Feedback","Negative"
"193","457","""2026-08-21""","Social Media","Feedback","Neutral"
"194","253","""2025-11-12""","Email","Purchase Consultation","Positive"
"195","61","""2025-12-15""","In-Store","Purchase Consultation","Negative"
"196","523","""2026-03-05""","Phone","Purchase Consultation","Neutral"
"197","39","""2024-10-25""","App","Purchase Consultation","Negative"
"198","667","""2026-05-04""","Phone","Purchase Consultation","Negative"
"199","264","""2026-03-07""","Chat","Support","Positive"
"200","180","""2025-02-19""","Social Media","Feedback","Negative"
"201","412","""2025-11-03""","Email","Account Update","Neutral"
"202","68","""2024-10-10""","Email","Feedback","Neutral"
"203","239","""2025-06-24""","App","Purchase Consultation","Positive"
"204","696","""2026-06-17""","App","Purchase Consultation","Negative"
"205","38","""2025-06-18""","Chat","Purchase Consultation","Negative"
"206","100","""2025-07-26""","App","Feedback","Negative"
"207","261","""2025-10-11""","In-Store","Inquiry","Neutral"
"208","18","""2026-06-01""","Phone","Inquiry","Negative"
"209","481","""2026-02-16""","Phone","Inquiry","Neutral"
"210","329","""2026-08-26""","Phone","Purchase Consultation","Positive"
"211","587","""2025-10-02""","Social Media","Feedback","Negative"
"212","921","""2025-10-08""","Chat","Account Update","Neutral"
"213","232","""2025-03-24""","In-Store","Inquiry","Positive"
"214","363","""2025-10-24""","Email","Purchase Consultation","Positive"
"215","175","""2025-07-12""","Phone","Inquiry","Neutral"
"216","60","""2025-08-19""","Email","Inquiry","Positive"
"217","803","""2026-06-16""","Email","Support","Neutral"
"218","82","""2026-07-20""","Chat","Inquiry","Negative"
"219","473","""2024-10-27""","In-Store","Purchase Consultation","Positive"
"220","25","""2025-09-11""","Phone","Purchase Consultation","Neutral"
"221","462","""2025-01-11""","Phone","Account Update","Positive"
"222","312","""2024-11-22""","Chat","Support","Positive"
"223","159","""2026-03-16""","Chat","Account Update","Positive"
"224","4","""2026-09-08""","Social Media","Feedback","Positive"
"225","239","""2026-01-18""","Email","Inquiry","Neutral"
"226","112","""2025-06-16""","In-Store","Feedback","Neutral"
"227","6","""2026-07-25""","Chat","Support","Negative"
"228","73","""2025-12-17""","In-Store","Purchase Consultation","Negative"
"229","1","""2024-10-03""","App","Feedback","Negative"
"230","108","""2024-10-13""","In-Store","Purchase Consultation","Neutral"
"231","75","""2024-12-02""","Phone","Inquiry","Negative"
"232","908","""2026-09-20""","Chat","Account Update","Negative"
"233","772","""2026-05-21""","Chat","Feedback","Neutral"
"234","535","""2026-07-18""","Chat","Purchase Consultation","Negative"
"235","262","""2026-02-09""","Chat","Purchase Consultation","Neutral"
"236","401","""2026-09-11""","In-Store","Account Update","Positive"
"237","177","""2026-05-23""","Phone","Account Update","Positive"
"238","142","""2024-12-21""","Chat","Inquiry","Negative"
"239","699","""2026-06-07""","Phone","Account Update","Neutral"
"240","112","""2025-12-06""","Social Media","Inquiry","Neutral"
"241","48","""2024-12-16""","App","Inquiry","Positive"
"242","74","""2024-10-21""","Phone","Purchase Consultation","Negative"
"243","553","""2024-12-01""","App","Account Update","Negative"
"244","413","""2024-09-30""","Phone","Feedback","Positive"
"245","587","""2026-07-12""","Email","Inquiry","Neutral"
"246","63","""2026-08-28""","Social Media","Feedback","Positive"
"247","783","""2026-06-17""","Social Media","Support","Positive"
"248","115","""2026-03-26""","Social Media","Inquiry","Negative"
"249","2","""2024-11-27""","Social Media","Purchase Consultation","Positive"
"250","942","""2025-04-19""","Email","Feedback","Neutral"
"251","481","""2025-05-31""","Email","Inquiry","Positive"
"252","639","""2025-01-15""","Email","Feedback","Neutral"
"253","401","""2026-03-22""","In-Store","Account Update","Positive"
"254","105","""2025-06-17""","Phone","Inquiry","Positive"
"255","198","""2026-07-13""","In-Store","Inquiry","Negative"
"256","524","""2025-01-19""","Phone","Feedback","Negative"
"257","174","""2026-07-10""","App","Purchase Consultation","Positive"
"258","462","""2026-01-09""","Phone","Purchase Consultation","Positive"
"259","155","""2024-09-30""","Chat","Feedback","Neutral"
"260","630","""2025-04-27""","Chat","Inquiry","Neutral"
"261","68","""2024-11-21""","In-Store","Feedback","Neutral"
"262","336","""2024-11-14""","Social Media","Inquiry","Positive"
"263","171","""2025-10-19""","Chat","Purchase Consultation","Neutral"
"264","820","""2026-01-24""","Social Media","Account Update","Negative"
"265","309","""2026-02-24""","Chat","Inquiry","Positive"
"266","330","""2025-12-03""","Social Media","Inquiry","Positive"
"267","129","""2024-10-02""","Social Media","Purchase Consultation","Neutral"
"268","82","""2026-02-25""","App","Account Update","Negative"
"269","254","""2026-01-22""","Chat","Inquiry","Positive"
"270","465","""2024-12-28""","In-Store","Feedback","Positive"
"271","427","""2024-11-29""","App","Support","Positive"
"272","295","""2025-11-21""","Social Media","Account Update","Positive"
"273","437","""2024-11-25""","Email","Feedback","Positive"
"274","10","""2025-11-12""","Email","Purchase Consultation","Negative"
"275","20","""2024-11-03""","App","Feedback","Neutral"
"276","737","""2025-06-27""","App","Support","Neutral"
"277","200","""2026-08-24""","Social Media","Purchase Consultation","Neutral"
"278","439","""2026-07-13""","Phone","Inquiry","Positive"
"279","851","""2026-02-26""","Phone","Account Update","Positive"
"280","922","""2026-07-09""","App","Support","Neutral"
"281","44","""2025-07-09""","Email","Purchase Consultation","Positive"
"282","124","""2024-12-08""","App","Feedback","Negative"
"283","156","""2025-07-07""","App","Purchase Consultation","Positive"
"284","41","""2025-04-03""","Email","Feedback","Positive"
"285","681","""2026-03-01""","Social Media","Support","Neutral"
"286","487","""2024-10-17""","Chat","Account Update","Positive"
"287","210","""2025-04-01""","App","Inquiry","Neutral"
"288","453","""2025-04-13""","App","Purchase Consultation","Positive"
"289","165","""2025-04-19""","In-Store","Feedback","Negative"
"290","42","""2024-10-24""","Email","Feedback","Positive"
"291","498","""2024-11-05""","App","Support","Neutral"
"292","936","""2025-04-29""","In-Store","Feedback","Negative"
"293","369","""2025-03-09""","Email","Account Update","Neutral"
"294","6","""2026-03-14""","Phone","Purchase Consultation","Negative"
"295","132","""2026-01-27""","App","Feedback","Negative"
"296","200","""2026-02-02""","In-Store","Account Update","Positive"
"297","68","""2025-06-24""","App","Support","Neutral"
"298","442","""2026-09-14""","Email","Purchase Consultation","Neutral"
"299","271","""2025-08-04""","App","Feedback","Neutral"
"300","628","""2024-11-18""","Chat","Support","Negative"
"301","582","""2026-03-04""","App","Account Update","Neutral"
"302","494","""2025-05-16""","In-Store","Inquiry","Positive"
"303","103","""2025-02-19""","App","Feedback","Neutral"
"304","69","""2026-04-27""","Phone","Account Update","Negative"
"305","408","""2025-06-13""","Email","Purchase Consultation","Positive"
"306","119","""2026-04-02""","Phone","Support","Negative"
"307","651","""2025-05-19""","Social Media","Account Update","Neutral"
"308","2","""2025-09-03""","App","Support","Positive"
"309","173","""2026-08-27""","App","Support","Negative"
"310","283","""2025-12-27""","Phone","Purchase Consultation","Positive"
"311","240","""2026-01-21""","Phone","Feedback","Positive"
"312","308","""2025-10-10""","App","Feedback","Positive"
"313","781","""2025-08-22""","App","Support","Negative"
"314","93","""2026-05-19""","Chat","Account Update","Positive"
"315","193","""2025-10-21""","Chat","Purchase Consultation","Positive"
"316","347","""2025-11-11""","App","Support","Positive"
"317","419","""2025-03-09""","In-Store","Purchase Consultation","Positive"
"318","47","""2025-03-06""","Social Media","Purchase Consultation","Neutral"
"319","392","""2026-03-19""","App","Account Update","Neutral"
"320","468","""2024-10-28""","Social Media","Purchase Consultation","Neutral"
"321","973","""2026-07-30""","Chat","Purchase Consultation","Neutral"
"322","96","""2024-10-13""","Social Media","Inquiry","Negative"
"323","247","""2025-04-14""","App","Purchase Consultation","Positive"
"324","479","""2025-02-16""","Social Media","Account Update","Neutral"
"325","58","""2026-06-11""","In-Store","Feedback","Neutral"
"326","570","""2024-11-16""","Email","Support","Neutral"
"327","485","""2026-01-09""","In-Store","Account Update","Positive"
"328","860","""2025-05-28""","Email","Support","Neutral"
"329","591","""2026-03-31""","In-Store","Purchase Consultation","Negative"
"330","229","""2024-12-23""","Chat","Inquiry","Neutral"
"331","311","""2024-11-06""","Phone","Purchase Consultation","Neutral"
"332","556","""2025-11-12""","Chat","Inquiry","Neutral"
"333","235","""2026-02-15""","Email","Feedback","Positive"
"334","123","""2026-05-24""","Email","Support","Neutral"
"335","686","""2025-09-21""","In-Store","Account Update","Neutral"
"336","459","""2025-05-24""","In-Store","Feedback","Positive"
"337","449","""2025-11-13""","Email","Support","Positive"
"338","663","""2025-05-13""","Chat","Feedback","Negative"
"339","98","""2024-11-18""","Chat","Feedback","Neutral"
"340","738","""2024-11-08""","Chat","Feedback","Negative"
"341","318","""2025-04-08""","Social Media","Feedback","Positive"
"342","53","""2026-08-30""","Email","Purchase Consultation","Positive"
"343","63","""2026-04-08""","Social Media","Purchase Consultation","Negative"
"344","97","""2026-05-28""","Phone","Account Update","Negative"
"345","781","""2026-03-26""","Phone","Account Update","Positive"
"346","37","""2025-10-08""","In-Store","Purchase Consultation","Negative"
"347","340","""2026-06-01""","Social Media","Account Update","Neutral"
"348","928","""2025-01-11""","Chat","Inquiry","Positive"
"349","162","""2025-01-27""","Phone","Feedback","Negative"
"350","138","""2026-04-10""","Chat","Purchase Consultation","Positive"
"351","803","""2025-03-30""","Social Media","Inquiry","Neutral"
"352","593","""2025-09-06""","Social Media","Account Update","Neutral"
"353","366","""2025-03-19""","Phone","Support","Positive"
"354","202","""2026-09-07""","App","Feedback","Positive"
"355","75","""2025-09-09""","Chat","Support","Negative"
"356","310","""2025-02-09""","Social Media","Feedback","Positive"
"357","271","""2025-12-01""","Phone","Inquiry","Positive"
"358","99","""2026-03-24""","Email","Inquiry","Neutral"
"359","201","""2025-05-21""","Email","Purchase Consultation","Positive"
"360","126","""2025-02-20""","Social Media","Support","Neutral"
"361","963","""2026-05-05""","Social Media","Feedback","Positive"
"362","182","""2026-03-29""","Phone","Account Update","Positive"
"363","135","""2026-01-19""","Chat","Purchase Consultation","Positive"
"364","737","""2026-06-27""","In-Store","Account Update","Neutral"
"365","370","""2025-09-09""","Phone","Support","Positive"
"366","223","""2025-11-15""","App","Purchase Consultation","Positive"
"367","537","""2025-10-09""","In-Store","Feedback","Neutral"
"368","197","""2024-11-30""","App","Purchase Consultation","Positive"
"369","4","""2025-06-12""","Email","Feedback","Positive"
"370","775","""2025-02-20""","Chat","Account Update","Positive"
"371","414","""2025-10-10""","Email","Inquiry","Positive"
"372","720","""2026-06-29""","In-Store","Feedback","Neutral"
"373","976","""2026-04-09""","Phone","Account Update","Neutral"
"374","267","""2026-03-20""","Email","Purchase Consultation","Positive"
"375","327","""2025-12-23""","Chat","Support","Positive"
"376","99","""2025-01-20""","In-Store","Account Update","Negative"
"377","536","""2026-05-26""","Social Media","Purchase Consultation","Neutral"
"378","369","""2025-08-25""","Phone","Purchase Consultation","Positive"
"379","468","""2026-04-02""","Phone","Purchase Consultation","Positive"
"380","52","""2026-04-22""","App","Inquiry","Positive"
"381","7","""2026-08-12""","In-Store","Purchase Consultation","Negative"
"382","635","""2026-02-10""","App","Account Update","Positive"
"383","123","""2026-09-12""","In-Store","Purchase Consultation","Positive"
"384","69","""2025-05-12""","App","Account Update","Negative"
"385","1","""2026-09-15""","Chat","Account Update","Negative"
"386","162","""2025-11-09""","Phone","Feedback","Negative"
"387","29","""2025-06-25""","Social Media","Account Update","Negative"
"388","33","""2024-10-20""","In-Store","Purchase Consultation","Positive"
"389","49","""2024-11-12""","In-Store","Inquiry","Negative"
"390","95","""2026-01-05""","Email","Account Update","Neutral"
"391","480","""2025-12-28""","Social Media","Account Update","Positive"
"392","415","""2025-09-03""","App","Support","Neutral"
"393","65","""2025-09-28""","Phone","Purchase Consultation","Neutral"
"394","895","""2025-03-31""","In-Store","Feedback","Neutral"
"395","691","""2026-06-12""","Phone","Feedback","Negative"
"396","759","""2026-06-16""","In-Store","Support","Positive"
"397","177","""2026-05-06""","Social Media","Support","Positive"
"398","371","""2026-06-21""","Social Media","Purchase Consultation","Positive"
"399","90","""2026-03-24""","In-Store","Account Update","Positive"
"400","38","""2025-10-17""","App","Account Update","Neutral"
"401","116","""2024-12-24""","Phone","Feedback","Neutral"
"402","515","""2025-03-14""","Email","Support","Neutral"
"403","277","""2026-07-10""","App","Account Update","Neutral"
"404","586","""2025-11-11""","Email","Inquiry","Neutral"
"405","398","""2025-05-25""","Email","Purchase Consultation","Positive"
"406","428","""2025-03-15""","Email","Purchase Consultation","Positive"
"407","293","""2024-10-31""","Email","Account Update","Neutral"
"408","952","""2025-05-26""","Email","Inquiry","Neutral"
"409","825","""2026-08-18""","Phone","Purchase Consultation","Neutral"
"410","364","""2025-05-20""","Phone","Support","Positive"
"411","917","""2026-04-05""","Social Media","Account Update","Negative"
"412","631","""2025-01-02""","Social Media","Feedback","Negative"
"413","133","""2025-08-02""","Chat","Feedback","Neutral"
"414","38","""2026-08-20""","In-Store","Account Update","Negative"
"415","373","""2025-06-16""","Email","Purchase Consultation","Positive"
"416","36","""2025-02-01""","Social Media","Account Update","Negative"
"417","15","""2024-12-26""","Email","Inquiry","Negative"
"418","102","""2026-03-10""","App","Account Update","Neutral"
"419","83","""2025-02-07""","Email","Feedback","Negative"
"420","17","""2025-06-07""","Email","Support","Positive"
"421","422","""2026-05-19""","Social Media","Support","Positive"
"422","503","""2025-11-18""","Phone","Feedback","Positive"
"423","135","""2025-04-13""","In-Store","Inquiry","Negative"
"424","488","""2025-06-07""","Social Media","Purchase Consultation","Positive"
"425","32","""2026-07-21""","Phone","Support","Neutral"
"426","795","""2026-03-11""","Email","Purchase Consultation","Neutral"
"427","280","""2024-10-18""","Social Media","Feedback","Neutral"
"428","225","""2024-12-27""","Social Media","Purchase Consultation","Neutral"
"429","762","""2025-08-09""","Chat","Feedback","Positive"
"430","212","""2026-02-27""","App","Feedback","Positive"
"431","51","""2025-02-28""","App","Inquiry","Negative"
"432","141","""2026-06-17""","App","Support","Positive"
"433","23","""2026-05-20""","In-Store","Feedback","Neutral"
"434","324","""2026-02-24""","App","Support","Positive"
"435","118","""2025-11-11""","App","Feedback","Positive"
"436","288","""2025-05-12""","Chat","Purchase Consultation","Positive"
"437","579","""2026-04-09""","Social Media","Purchase Consultation","Negative"
"438","455","""2025-07-01""","In-Store","Inquiry","Positive"
"439","245","""2026-07-06""","Social Media","Inquiry","Positive"
"440","175","""2026-03-21""","Chat","Support","Neutral"
"441","690","""2024-12-10""","Email","Inquiry","Negative"
"442","946","""2024-10-13""","App","Support","Neutral"
"443","289","""2025-02-13""","Phone","Purchase Consultation","Positive"
"444","63","""2025-04-22""","Social Media","Purchase Consultation","Negative"
"445","109","""2026-02-14""","Email","Support","Neutral"
"446","418","""2026-03-05""","Phone","Account Update","Neutral"
"447","91","""2025-07-27""","Phone","Feedback","Negative"
"448","397","""2026-05-05""","Phone","Inquiry","Positive"
"449","179","""2024-12-25""","Phone","Support","Negative"
"450","114","""2026-09-08""","Chat","Feedback","Neutral"
"451","975","""2024-10-10""","App","Support","Neutral"
"452","443","""2025-10-23""","App","Purchase Consultation","Neutral"
"453","99","""2024-12-14""","Social Media","Inquiry","Positive"
"454","273","""2026-06-26""","Phone","Purchase Consultation","Neutral"
"455","851","""2026-01-01""","Email","Purchase Consultation","Neutral"
"456","93","""2025-12-24""","Email","Inquiry","Neutral"
"457","949","""2025-12-22""","Chat","Account Update","Positive"
"458","79","""2026-01-26""","App","Account Update","Negative"
"459","378","""2025-02-10""","App","Feedback","Positive"
"460","63","""2024-12-30""","Phone","Support","Neutral"
"461","79","""2026-06-27""","Social Media","Account Update","Neutral"
"462","190","""2025-04-21""","Email","Purchase Consultation","Neutral"
"463","174","""2024-12-18""","App","Inquiry","Neutral"
"464","47","""2026-08-10""","App","Account Update","Neutral"
"465","10","""2024-11-22""","Social Media","Purchase Consultation","Negative"
"466","73","""2026-04-14""","Phone","Purchase Consultation","Negative"
"467","408","""2024-11-23""","Social Media","Account Update","Neutral"
"468","398","""2026-07-06""","Social Media","Inquiry","Positive"
"469","259","""2025-07-24""","Email","Purchase Consultation","Positive"
"470","604","""2026-05-18""","Phone","Account Update","Neutral"
"471","174","""2025-07-01""","Email","Account Update","Positive"
"472","161","""2025-12-06""","In-Store","Inquiry","Negative"
"473","477","""2025-02-17""","App","Purchase Consultation","Neutral"
"474","106","""2025-10-02""","Social Media","Feedback","Positive"
"475","68","""2026-06-09""","In-Store","Account Update","Positive"
"476","290","""2026-09-16""","App","Account Update","Positive"
"477","697","""2025-02-07""","Email","Support","Positive"
"478","181","""2025-01-08""","Social Media","Support","Positive"
"479","211","""2026-04-30""","In-Store","Inquiry","Positive"
"480","171","""2024-10-07""","In-Store","Purchase Consultation","Negative"
"481","313","""2026-03-23""","Chat","Support","Positive"
"482","408","""2024-12-31""","App","Feedback","Positive"
"483","244","""2025-04-27""","App","Account Update","Positive"
"484","204","""2025-11-30""","Phone","Purchase Consultation","Positive"
"485","92","""2025-04-30""","Phone","Feedback","Negative"
"486","274","""2025-05-07""","Phone","Feedback","Positive"
"487","226","""2026-08-26""","Phone","Support","Positive"
"488","172","""2025-10-15""","Email","Feedback","Neutral"
"489","529","""2025-12-30""","Phone","Inquiry","Positive"
"490","164","""2026-02-23""","App","Inquiry","Neutral"
"491","24","""2025-10-19""","Social Media","Inquiry","Negative"
"492","38","""2026-05-08""","App","Inquiry","Negative"
"493","485","""2024-11-18""","Email","Support","Positive"
"494","92","""2026-04-05""","App","Feedback","Negative"
"495","189","""2026-09-25""","Chat","Support","Negative"
"496","497","""2026-07-16""","App","Feedback","Positive"
"497","264","""2026-08-07""","Chat","Feedback","Positive"
"498","118","""2025-05-31""","Email","Purchase Consultation","Neutral"
"499","566","""2025-08-14""","Social Media","Purchase Consultation","Neutral"
"500","329","""2024-10-18""","App","Account Update","Positive"
"501","136","""2025-05-19""","Social Media","Account Update","Neutral"
"502","518","""2025-09-25""","Chat","Purchase Consultation","Positive"
"503","189","""2024-12-19""","Chat","Support","Negative"
"504","233","""2025-03-04""","App","Support","Positive"
"505","17","""2025-11-27""","In-Store","Feedback","Positive"
"506","116","""2026-02-22""","App","Purchase Consultation","Negative"
"507","882","""2025-05-21""","Chat","Support","Neutral"
"508","133","""2025-07-18""","In-Store","Inquiry","Positive"
"509","610","""2025-01-09""","Phone","Purchase Consultation","Neutral"
"510","56","""2026-04-07""","App","Support","Negative"
"511","282","""2024-10-28""","Chat","Feedback","Positive"
"512","220","""2025-03-24""","Email","Feedback","Positive"
"513","239","""2025-05-13""","Chat","Purchase Consultation","Neutral"
"514","91","""2024-10-27""","Social Media","Feedback","Negative"
"515","111","""2026-07-09""","Phone","Support","Positive"
"516","456","""2025-09-09""","Phone","Purchase Consultation","Positive"
"517","481","""2025-05-30""","Social Media","Feedback","Positive"
"518","81","""2026-02-06""","App","Purchase Consultation","Negative"
"519","281","""2025-10-30""","Social Media","Support","Neutral"
"520","82","""2025-06-23""","Social Media","Feedback","Neutral"
"521","205","""2026-01-05""","App","Account Update","Positive"
"522","458","""2026-02-23""","App","Feedback","Positive"
"523","405","""2024-10-07""","In-Store","Account Update","Neutral"
"524","531","""2025-11-19""","Phone","Support","Positive"
"525","376","""2025-08-15""","In-Store","Support","Positive"
"526","247","""2025-09-08""","Social Media","Inquiry","Positive"
"527","991","""2024-10-11""","In-Store","Feedback","Positive"
"528","97","""2026-05-08""","Email","Feedback","Neutral"
"529","286","""2026-04-17""","Chat","Inquiry","Positive"
"530","391","""2026-07-03""","Email","Support","Neutral"
"531","22","""2025-05-30""","Email","Inquiry","Negative"
"532","538","""2025-06-22""","App","Support","Neutral"
"533","302","""2024-10-28""","In-Store","Feedback","Positive"
"534","194","""2026-01-29""","Phone","Feedback","Neutral"
"535","4","""2024-10-05""","App","Feedback","Negative"
"536","84","""2026-08-03""","In-Store","Purchase Consultation","Negative"
"537","206","""2025-06-03""","Email","Purchase Consultation","Positive"
"538","340","""2026-02-11""","Social Media","Support","Positive"
"539","326","""2025-07-11""","App","Feedback","Positive"
"540","746","""2025-02-28""","App","Support","Negative"
"541","416","""2026-07-18""","Phone","Feedback","Neutral"
"542","878","""2025-08-26""","Chat","Inquiry","Neutral"
"543","749","""2025-11-18""","Phone","Inquiry","Positive"
"544","896","""2026-05-30""","Social Media","Feedback","Neutral"
"545","241","""2025-09-15""","In-Store","Inquiry","Neutral"
"546","544","""2025-11-29""","Email","Inquiry","Positive"
"547","827","""2025-07-01""","In-Store","Feedback","Neutral"
"548","561","""2025-12-18""","Social Media","Support","Positive"
"549","349","""2026-08-01""","In-Store","Feedback","Positive"
"550","330","""2025-07-07""","In-Store","Inquiry","Positive"
"551","184","""2025-01-21""","App","Inquiry","Neutral"
"552","972","""2026-01-22""","Phone","Support","Negative"
"553","77","""2026-09-02""","App","Purchase Consultation","Positive"
"554","375","""2025-02-28""","Chat","Feedback","Positive"
"555","3","""2026-04-16""","In-Store","Account Update","Positive"
"556","449","""2025-05-09""","App","Feedback","Positive"
"557","95","""2025-10-21""","Phone","Inquiry","Negative"
"558","244","""2025-07-18""","In-Store","Purchase Consultation","Positive"
"559","339","""2025-11-11""","Chat","Account Update","Positive"
"560","384","""2026-08-25""","Social Media","Feedback","Positive"
"561","383","""2025-08-09""","Chat","Purchase Consultation","Neutral"
"562","91","""2025-04-22""","In-Store","Inquiry","Negative"
"563","36","""2024-11-26""","Social Media","Feedback","Neutral"
"564","689","""2025-12-24""","Social Media","Inquiry","Neutral"
"565","232","""2025-10-13""","Chat","Purchase Consultation","Positive"
"566","97","""2024-11-19""","Email","Purchase Consultation","Negative"
"567","485","""2026-08-01""","Phone","Inquiry","Positive"
"568","56","""2024-11-27""","Social Media","Feedback","Negative"
"569","979","""2026-04-30""","Email","Purchase Consultation","Neutral"
"570","238","""2026-03-16""","Email","Account Update","Positive"
"571","434","""2026-01-23""","In-Store","Account Update","Neutral"
"572","165","""2025-10-10""","Social Media","Inquiry","Negative"
"573","375","""2025-07-31""","App","Support","Positive"
"574","229","""2025-06-14""","In-Store","Support","Positive"
"575","2","""2024-12-09""","Email","Account Update","Negative"
"576","374","""2025-06-22""","Email","Feedback","Neutral"
"577","110","""2025-11-26""","Phone","Inquiry","Positive"
"578","221","""2025-03-03""","Email","Inquiry","Neutral"
"579","187","""2024-11-08""","App","Inquiry","Negative"
"580","280","""2025-05-04""","Email","Inquiry","Positive"
"581","26","""2025-03-01""","Phone","Inquiry","Negative"
"582","387","""2025-04-14""","Chat","Support","Positive"
"583","168","""2026-03-02""","Email","Purchase Consultation","Negative"
"584","30","""2026-03-04""","Phone","Purchase Consultation","Positive"
"585","182","""2026-06-13""","Phone","Purchase Consultation","Negative"
"586","212","""2025-09-14""","App","Account Update","Positive"
"587","56","""2026-08-10""","Phone","Support","Positive"
"588","257","""2025-09-03""","Social Media","Purchase Consultation","Positive"
"589","263","""2024-12-28""","Phone","Account Update","Positive"
"590","642","""2025-03-21""","Phone","Support","Positive"
"591","270","""2025-08-06""","Phone","Purchase Consultation","Positive"
"592","295","""2025-04-22""","Email","Support","Neutral"
"593","197","""2026-04-22""","Phone","Account Update","Positive"
"594","13","""2025-02-19""","Social Media","Inquiry","Positive"
"595","90","""2026-03-31""","App","Inquiry","Negative"
"596","391","""2025-07-04""","Social Media","Account Update","Positive"
"597","348","""2026-05-23""","In-Store","Support","Positive"
"598","707","""2026-05-26""","Email","Feedback","Neutral"
"599","237","""2026-01-28""","Social Media","Support","Neutral"
"600","3","""2026-09-02""","App","Purchase Consultation","Negative"
"601","145","""2026-04-15""","In-Store","Feedback","Positive"
"602","196","""2026-07-10""","Email","Account Update","Neutral"
"603","82","""2026-08-18""","App","Account Update","Positive"
"604","492","""2025-04-18""","Phone","Purchase Consultation","Neutral"
"605","160","""2025-01-13""","App","Account Update","Positive"
"606","141","""2025-11-03""","Social Media","Inquiry","Neutral"
"607","135","""2025-10-07""","Social Media","Purchase Consultation","Positive"
"608","13","""2026-03-13""","Social Media","Inquiry","Positive"
"609","363","""2025-07-30""","Phone","Support","Positive"
"610","43","""2025-06-09""","Chat","Feedback","Positive"
"611","375","""2026-09-23""","Phone","Account Update","Positive"
"612","325","""2026-04-24""","Email","Support","Positive"
"613","802","""2025-03-02""","Email","Purchase Consultation","Neutral"
"614","733","""2024-10-29""","Email","Feedback","Positive"
"615","269","""2025-05-06""","Chat","Inquiry","Positive"
"616","128","""2025-02-15""","App","Feedback","Neutral"
"617","288","""2024-09-27""","App","Inquiry","Positive"
"618","744","""2025-03-30""","Phone","Support","Negative"
"619","209","""2026-05-02""","Phone","Support","Neutral"
"620","286","""2025-03-12""","Social Media","Support","Positive"
"621","397","""2025-02-08""","App","Purchase Consultation","Positive"
"622","258","""2025-04-26""","Social Media","Purchase Consultation","Positive"
"623","181","""2025-12-30""","Email","Account Update","Negative"
"624","498","""2025-04-12""","Social Media","Inquiry","Positive"
"625","185","""2024-11-30""","App","Support","Neutral"
"626","188","""2026-04-02""","App","Purchase Consultation","Positive"
"627","560","""2026-04-26""","Email","Inquiry","Negative"
"628","356","""2024-11-01""","Chat","Inquiry","Positive"
"629","300","""2025-05-19""","App","Inquiry","Positive"
"630","682","""2026-01-15""","Social Media","Inquiry","Neutral"
"631","197","""2025-10-07""","Social Media","Account Update","Negative"
"632","250","""2025-03-16""","Email","Support","Positive"
"633","301","""2026-01-30""","Social Media","Purchase Consultation","Neutral"
"634","13","""2024-11-03""","Social Media","Account Update","Negative"
"635","167","""2025-08-02""","In-Store","Purchase Consultation","Positive"
"636","47","""2026-03-05""","Phone","Inquiry","Neutral"
"637","296","""2026-06-21""","Social Media","Purchase Consultation","Neutral"
"638","174","""2024-11-05""","In-Store","Inquiry","Positive"
"639","76","""2026-06-22""","App","Inquiry","Neutral"
"640","677","""2026-03-11""","Social Media","Inquiry","Neutral"
"641","7","""2026-01-25""","Phone","Purchase Consultation","Neutral"
"642","985","""2024-12-25""","Chat","Feedback","Negative"
"643","294","""2026-04-03""","In-Store","Feedback","Positive"
"644","47","""2025-09-10""","Email","Purchase Consultation","Negative"
"645","71","""2025-09-28""","Email","Feedback","Negative"
"646","433","""2025-01-10""","Chat","Purchase Consultation","Neutral"
"647","196","""2025-08-19""","Social Media","Feedback","Positive"
"648","343","""2024-10-31""","App","Inquiry","Neutral"
"649","403","""2025-01-24""","Email","Support","Positive"
"650","269","""2026-01-25""","In-Store","Feedback","Neutral"
"651","58","""2024-10-02""","Phone","Support","Negative"
"652","240","""2025-08-18""","In-Store","Account Update","Positive"
"653","838","""2025-04-24""","App","Support","Negative"
"654","201","""2026-04-15""","In-Store","Feedback","Positive"
"655","23","""2026-09-05""","Phone","Feedback","Positive"
"656","470","""2024-11-05""","Social Media","Inquiry","Neutral"
"657","63","""2024-10-28""","App","Purchase Consultation","Positive"
"658","168","""2025-01-24""","Phone","Inquiry","Neutral"
"659","438","""2025-03-24""","In-Store","Inquiry","Positive"
"660","168","""2025-08-13""","Email","Support","Positive"
"661","175","""2026-07-26""","App","Support","Negative"
"662","226","""2026-08-31""","Phone","Inquiry","Positive"
"663","29","""2025-05-28""","App","Inquiry","Positive"
"664","636","""2025-12-28""","App","Purchase Consultation","Neutral"
"665","13","""2026-09-25""","Social Media","Account Update","Negative"
"666","465","""2025-05-28""","Chat","Purchase Consultation","Positive"
"667","109","""2026-08-28""","Social Media","Inquiry","Negative"
"668","340","""2026-05-26""","In-Store","Feedback","Positive"
"669","33","""2025-04-01""","Social Media","Inquiry","Neutral"
"670","312","""2026-07-22""","App","Purchase Consultation","Positive"
"671","338","""2025-09-13""","App","Account Update","Positive"
"672","188","""2026-07-11""","In-Store","Account Update","Positive"
"673","741","""2026-05-15""","Phone","Feedback","Negative"
"674","345","""2026-01-02""","Chat","Account Update","Positive"
"675","142","""2026-09-12""","Phone","Account Update","Neutral"
"676","196","""2026-04-24""","Social Media","Purchase Consultation","Neutral"
"677","493","""2025-10-29""","Phone","Support","Positive"
"678","468","""2025-05-23""","Phone","Feedback","Positive"
"679","19","""2025-03-04""","In-Store","Purchase Consultation","Positive"
"680","300","""2026-07-28""","App","Account Update","Neutral"
"681","357","""2025-09-14""","App","Feedback","Positive"
"682","31","""2026-03-28""","Chat","Support","Negative"
"683","339","""2025-03-16""","App","Purchase Consultation","Positive"
"684","83","""2026-04-29""","Phone","Support","Positive"
"685","175","""2025-09-14""","Email","Purchase Consultation","Neutral"
"686","87","""2025-08-10""","Chat","Account Update","Negative"
"687","77","""2025-08-03""","Chat","Inquiry","Negative"
"688","92","""2025-09-02""","Social Media","Feedback","Negative"
"689","199","""2026-01-17""","In-Store","Account Update","Negative"
"690","157","""2025-02-22""","Phone","Account Update","Negative"
"691","284","""2024-12-05""","Social Media","Support","Positive"
"692","77","""2024-12-10""","Chat","Purchase Consultation","Negative"
"693","33","""2025-02-17""","App","Support","Neutral"
"694","159","""2025-05-20""","Email","Support","Positive"
"695","351","""2025-10-30""","Chat","Inquiry","Positive"
"696","440","""2026-01-17""","In-Store","Purchase Consultation","Neutral"
"697","501","""2025-08-08""","In-Store","Purchase Consultation","Neutral"
"698","366","""2026-03-19""","Chat","Purchase Consultation","Positive"
"699","362","""2026-06-22""","App","Feedback","Positive"
"700","599","""2026-06-25""","Chat","Purchase Consultation","Neutral"
"701","12","""2026-04-22""","App","Purchase Consultation","Negative"
"702","51","""2025-04-18""","Social Media","Inquiry","Neutral"
"703","909","""2025-02-27""","Phone","Feedback","Neutral"
"704","167","""2025-04-10""","Social Media","Inquiry","Positive"
"705","102","""2026-06-22""","Social Media","Inquiry","Neutral"
"706","48","""2025-11-30""","App","Purchase Consultation","Positive"
"707","619","""2025-07-02""","Chat","Account Update","Neutral"
"708","786","""2025-11-13""","Chat","Support","Neutral"
"709","196","""2025-10-11""","App","Purchase Consultation","Positive"
"710","56","""2024-10-28""","Email","Account Update","Neutral"
"711","618","""2025-09-20""","Phone","Account Update","Neutral"
"712","752","""2026-01-21""","App","Inquiry","Positive"
"713","466","""2025-08-19""","Phone","Support","Positive"
"714","330","""2026-07-10""","Phone","Support","Positive"
"715","581","""2025-03-10""","Email","Feedback","Negative"
"716","403","""2025-11-01""","App","Purchase Consultation","Positive"
"717","120","""2026-01-29""","Phone","Feedback","Negative"
"718","345","""2026-05-13""","Chat","Purchase Consultation","Neutral"
"719","475","""2026-03-16""","App","Feedback","Neutral"
"720","149","""2025-12-22""","Chat","Purchase Consultation","Neutral"
"721","251","""2025-03-18""","App","Support","Positive"
"722","49","""2026-01-18""","Social Media","Support","Negative"
"723","309","""2026-04-24""","Social Media","Support","Neutral"
"724","365","""2025-11-19""","Social Media","Purchase Consultation","Positive"
"725","77","""2024-12-12""","Email","Inquiry","Negative"
"726","264","""2026-03-18""","In-Store","Support","Positive"
"727","244","""2026-06-06""","In-Store","Purchase Consultation","Neutral"
"728","959","""2025-07-19""","Chat","Inquiry","Positive"
"729","218","""2025-12-03""","App","Account Update","Positive"
"730","119","""2024-10-31""","Chat","Feedback","Neutral"
"731","719","""2025-08-23""","Social Media","Support","Neutral"
"732","306","""2025-11-11""","Chat","Support","Positive"
"733","410","""2025-03-27""","In-Store","Inquiry","Positive"
"734","694","""2025-09-25""","In-Store","Support","Neutral"
"735","202","""2025-07-04""","App","Feedback","Positive"
"736","342","""2024-12-01""","Phone","Support","Positive"
"737","36","""2025-05-22""","Chat","Account Update","Positive"
"738","272","""2026-09-04""","Chat","Purchase Consultation","Positive"
"739","546","""2025-02-10""","In-Store","Purchase Consultation","Negative"
"740","96","""2025-05-21""","App","Inquiry","Positive"
"741","359","""2026-07-18""","App","Purchase Consultation","Neutral"
"742","121","""2025-01-28""","App","Inquiry","Neutral"
"743","231","""2025-03-08""","In-Store","Support","Positive"
"744","12","""2025-11-02""","Chat","Feedback","Neutral"
"745","880","""2026-08-22""","Social Media","Purchase Consultation","Neutral"
"746","45","""2025-03-21""","In-Store","Support","Negative"
"747","246","""2026-05-11""","Social Media","Inquiry","Positive"
"748","39","""2025-10-03""","Phone","Support","Negative"
"749","63","""2025-09-25""","Email","Account Update","Negative"
"750","173","""2025-11-23""","Chat","Account Update","Positive"
"751","387","""2024-11-09""","In-Store","Account Update","Positive"
"752","528","""2025-01-17""","In-Store","Purchase Consultation","Negative"
"753","309","""2024-09-29""","Email","Purchase Consultation","Positive"
"754","29","""2025-02-21""","Chat","Feedback","Negative"
"755","102","""2024-10-11""","App","Purchase Consultation","Negative"
"756","89","""2026-08-12""","In-Store","Feedback","Neutral"
"757","201","""2026-03-28""","Email","Account Update","Neutral"
"758","732","""2026-08-10""","In-Store","Feedback","Neutral"
"759","94","""2026-03-02""","Email","Purchase Consultation","Negative"
"760","542","""2026-01-24""","Phone","Purchase Consultation","Negative"
"761","843","""2025-01-01""","In-Store","Account Update","Neutral"
"762","104","""2024-12-29""","Email","Support","Neutral"
"763","481","""2025-01-01""","Chat","Inquiry","Positive"
"764","55","""2024-10-24""","App","Account Update","Neutral"
"765","524","""2025-06-08""","App","Inquiry","Negative"
"766","94","""2026-03-20""","Phone","Feedback","Neutral"
"767","899","""2026-09-09""","App","Inquiry","Neutral"
"768","262","""2026-04-12""","Email","Account Update","Positive"
"769","17","""2026-02-01""","Email","Feedback","Negative"
"770","308","""2025-06-12""","In-Store","Support","Positive"
"771","390","""2026-04-10""","App","Support","Positive"
"772","112","""2025-04-29""","Email","Inquiry","Neutral"
"773","105","""2025-01-09""","Phone","Feedback","Neutral"
"774","262","""2026-01-24""","Phone","Account Update","Positive"
"775","389","""2025-06-13""","Chat","Feedback","Positive"
"776","412","""2025-09-27""","Social Media","Account Update","Positive"
"777","487","""2026-01-19""","Social Media","Feedback","Positive"
"778","483","""2025-03-04""","Chat","Support","Positive"
"779","376","""2025-11-27""","Social Media","Account Update","Positive"
"780","132","""2026-09-08""","Social Media","Inquiry","Negative"
"781","797","""2026-07-27""","App","Support","Neutral"
"782","230","""2024-10-27""","Phone","Feedback","Positive"
"783","669","""2025-08-31""","In-Store","Inquiry","Negative"
"784","779","""2025-01-29""","Phone","Inquiry","Neutral"
"785","89","""2025-03-03""","Social Media","Inquiry","Negative"
"786","193","""2025-12-27""","In-Store","Feedback","Positive"
"787","816","""2026-02-25""","Social Media","Feedback","Negative"
"788","62","""2024-10-14""","Email","Inquiry","Neutral"
"789","61","""2025-01-17""","App","Inquiry","Negative"
"790","292","""2025-10-01""","Phone","Purchase Consultation","Positive"
"791","371","""2024-10-28""","App","Purchase Consultation","Neutral"
"792","481","""2024-10-31""","Chat","Feedback","Positive"
"793","500","""2025-03-07""","Phone","Support","Positive"
"794","29","""2025-02-09""","Chat","Purchase Consultation","Neutral"
"795","229","""2025-01-12""","In-Store","Purchase Consultation","Positive"
"796","979","""2025-11-30""","Email","Support","Neutral"
"797","974","""2025-07-21""","Phone","Purchase Consultation","Neutral"
"798","152","""2025-04-13""","Phone","Support","Negative"
"799","68","""2025-05-28""","App","Support","Negative"
"800","731","""2025-07-10""","Email","Inquiry","Positive"
"801","266","""2025-08-17""","Chat","Purchase Consultation","Positive"
"802","92","""2025-03-05""","Phone","Support","Negative"
"803","591","""2025-09-25""","Phone","Purchase Consultation","Neutral"
"804","456","""2024-11-02""","In-Store","Inquiry","Positive"
"805","48","""2026-03-08""","Social Media","Inquiry","Positive"
"806","187","""2025-11-06""","Social Media","Support","Neutral"
"807","740","""2026-02-20""","Email","Support","Negative"
"808","328","""2026-05-19""","Phone","Inquiry","Neutral"
"809","30","""2025-01-02""","Social Media","Support","Negative"
"810","622","""2025-08-28""","Phone","Purchase Consultation","Negative"
"811","584","""2026-07-30""","Email","Account Update","Neutral"
"812","187","""2025-12-09""","Phone","Account Update","Positive"
"813","34","""2024-12-17""","Social Media","Inquiry","Negative"
"814","130","""2025-05-18""","In-Store","Support","Neutral"
"815","412","""2025-02-16""","Chat","Support","Positive"
"816","447","""2024-12-05""","Email","Support","Neutral"
"817","345","""2026-01-08""","Social Media","Account Update","Neutral"
"818","41","""2026-01-08""","App","Support","Positive"
"819","725","""2026-06-01""","Phone","Purchase Consultation","Neutral"
"820","113","""2025-08-04""","In-Store","Account Update","Negative"
"821","201","""2025-12-01""","App","Support","Neutral"
"822","19","""2026-06-26""","App","Feedback","Neutral"
"823","239","""2025-01-25""","App","Support","Neutral"
"824","45","""2025-10-15""","Chat","Account Update","Negative"
"825","974","""2024-12-11""","Chat","Inquiry","Neutral"
"826","348","""2025-05-10""","Email","Purchase Consultation","Positive"
"827","432","""2026-05-03""","App","Purchase Consultation","Positive"
"828","175","""2025-07-04""","Phone","Purchase Consultation","Negative"
"829","432","""2025-01-20""","Email","Inquiry","Neutral"
"830","450","""2026-09-18""","Email","Purchase Consultation","Positive"
"831","453","""2024-10-16""","Social Media","Purchase Consultation","Positive"
"832","322","""2026-05-07""","In-Store","Inquiry","Positive"
"833","110","""2026-08-22""","Chat","Support","Positive"
"834","363","""2025-09-30""","Phone","Account Update","Neutral"
"835","463","""2025-05-16""","In-Store","Inquiry","Neutral"
"836","205","""2025-12-28""","Chat","Inquiry","Positive"
"837","173","""2025-07-21""","Chat","Support","Neutral"
"838","116","""2025-10-10""","Phone","Feedback","Neutral"
"839","175","""2025-09-04""","Social Media","Inquiry","Neutral"
"840","75","""2026-01-08""","In-Store","Purchase Consultation","Negative"
"841","148","""2025-04-04""","Phone","Inquiry","Neutral"
"842","449","""2025-05-05""","App","Account Update","Positive"
"843","220","""2025-10-31""","Email","Support","Neutral"
"844","172","""2025-12-09""","App","Account Update","Positive"
"845","313","""2024-10-18""","Social Media","Feedback","Positive"
"846","551","""2025-03-03""","App","Support","Negative"
"847","338","""2024-12-08""","In-Store","Feedback","Positive"
"848","187","""2025-04-16""","In-Store","Account Update","Positive"
"849","133","""2024-10-15""","App","Inquiry","Negative"
"850","316","""2026-02-18""","In-Store","Purchase Consultation","Neutral"
"851","212","""2025-05-01""","Social Media","Inquiry","Neutral"
"852","191","""2024-11-17""","Social Media","Account Update","Negative"
"853","932","""2025-10-24""","Social Media","Feedback","Neutral"
"854","809","""2026-05-30""","Email","Support","Neutral"
"855","91","""2024-10-02""","Email","Feedback","Neutral"
"856","55","""2025-08-28""","Email","Support","Negative"
"857","82","""2025-06-21""","Email","Support","Negative"
"858","12","""2025-03-19""","Email","Feedback","Neutral"
"859","26","""2025-01-29""","App","Inquiry","Negative"
"860","119","""2026-05-11""","Social Media","Purchase Consultation","Neutral"
"861","434","""2025-11-03""","Chat","Purchase Consultation","Positive"
"862","771","""2024-11-18""","App","Purchase Consultation","Neutral"
"863","92","""2025-03-07""","Social Media","Purchase Consultation","Negative"
"864","174","""2025-12-24""","Chat","Feedback","Neutral"
"865","4","""2026-08-03""","Social Media","Purchase Consultation","Negative"
"866","544","""2025-10-27""","In-Store","Support","Neutral"
"867","374","""2025-03-17""","Phone","Support","Positive"
"868","145","""2025-03-19""","Social Media","Support","Neutral"
"869","113","""2025-02-27""","Chat","Purchase Consultation","Neutral"
"870","128","""2026-09-12""","Phone","Purchase Consultation","Neutral"
"871","999","""2025-06-21""","Phone","Account Update","Neutral"
"872","355","""2024-11-01""","In-Store","Inquiry","Positive"
"873","174","""2026-03-25""","Phone","Purchase Consultation","Positive"
"874","714","""2025-07-14""","Social Media","Account Update","Positive"
"875","311","""2024-09-28""","Chat","Feedback","Positive"
"876","673","""2026-05-09""","Chat","Inquiry","Negative"
"877","484","""2025-02-21""","Chat","Support","Neutral"
"878","492","""2026-08-23""","Phone","Account Update","Positive"
"879","29","""2026-09-19""","Chat","Inquiry","Negative"
"880","330","""2025-09-14""","Phone","Account Update","Neutral"
"881","26","""2026-04-03""","In-Store","Feedback","Negative"
"882","839","""2025-07-13""","Phone","Feedback","Negative"
"883","962","""2026-05-15""","Phone","Feedback","Negative"
"884","33","""2024-10-09""","In-Store","Purchase Consultation","Negative"
"885","675","""2025-08-09""","Email","Support","Neutral"
"886","101","""2026-04-19""","Email","Inquiry","Positive"
"887","54","""2025-07-14""","In-Store","Account Update","Negative"
"888","198","""2025-05-15""","Email","Feedback","Neutral"
"889","82","""2024-11-12""","In-Store","Account Update","Negative"
"890","152","""2025-01-31""","Social Media","Feedback","Negative"
"891","243","""2024-10-23""","App","Inquiry","Positive"
"892","24","""2025-10-14""","In-Store","Feedback","Positive"
"893","453","""2026-06-04""","App","Inquiry","Positive"
"894","50","""2026-06-16""","Phone","Support","Negative"
"895","515","""2026-07-22""","Phone","Inquiry","Positive"
"896","274","""2025-08-03""","Email","Account Update","Neutral"
"897","583","""2025-09-29""","App","Inquiry","Neutral"
"898","690","""2025-02-19""","Phone","Account Update","Neutral"
"899","60","""2026-01-31""","Social Media","Purchase Consultation","Negative"
"900","928","""2025-11-17""","Phone","Purchase Consultation","Negative"
"901","192","""2026-05-07""","Email","Inquiry","Neutral"
"902","25","""2025-06-08""","In-Store","Account Update","Negative"
"903","100","""2026-09-25""","Chat","Purchase Consultation","Negative"
"904","423","""2026-05-26""","In-Store","Support","Positive"
"905","52","""2024-12-15""","In-Store","Inquiry","Negative"
"906","921","""2025-10-19""","Email","Feedback","Positive"
"907","842","""2026-06-02""","Chat","Support","Positive"
"908","421","""2025-09-06""","Chat","Account Update","Neutral"
"909","366","""2025-04-03""","Social Media","Inquiry","Positive"
"910","771","""2026-01-24""","Email","Inquiry","Neutral"
"911","127","""2025-02-28""","Social Media","Purchase Consultation","Negative"
"912","533","""2026-04-22""","Social Media","Support","Neutral"
"913","71","""2026-06-06""","Social Media","Purchase Consultation","Neutral"
"914","403","""2025-07-04""","Chat","Inquiry","Positive"
"915","34","""2025-12-15""","Social Media","Account Update","Negative"
"916","682","""2025-02-04""","In-Store","Purchase Consultation","Negative"
"917","127","""2026-05-31""","App","Support","Neutral"
"918","96","""2025-11-04""","Chat","Purchase Consultation","Positive"
"919","755","""2025-12-11""","Chat","Inquiry","Negative"
"920","646","""2024-11-12""","Email","Support","Positive"
"921","572","""2026-08-04""","In-Store","Inquiry","Positive"
"922","272","""2026-05-12""","In-Store","Purchase Consultation","Positive"
"923","597","""2025-06-20""","In-Store","Inquiry","Negative"
"924","33","""2025-07-23""","Phone","Account Update","Positive"
"925","994","""2025-07-05""","Social Media","Account Update","Negative"
"926","775","""2025-01-05""","Email","Account Update","Positive"
"927","743","""2026-02-16""","Email","Account Update","Neutral"
"928","165","""2026-02-01""","Email","Support","Neutral"
"929","59","""2026-04-18""","Email","Account Update","Positive"
"930","366","""2026-05-21""","In-Store","Support","Neutral"
"931","36","""2026-03-12""","Social Media","Account Update","Negative"
"932","314","""2025-01-02""","Email","Support","Neutral"
"933","286","""2025-08-04""","App","Support","Neutral"
"934","592","""2025-02-07""","Phone","Account Update","Positive"
"935","83","""2026-09-09""","Phone","Support","Negative"
"936","698","""2025-08-19""","Chat","Inquiry","Neutral"
"937","83","""2025-05-01""","Chat","Feedback","Positive"
"938","174","""2025-04-08""","In-Store","Feedback","Negative"
"939","844","""2025-10-09""","App","Purchase Consultation","Positive"
"940","873","""2025-12-21""","Phone","Feedback","Neutral"
"941","292","""2026-06-16""","Social Media","Account Update","Positive"
"942","854","""2026-03-16""","Email","Support","Neutral"
"943","77","""2025-02-27""","Phone","Inquiry","Negative"
"944","88","""2025-09-07""","App","Inquiry","Negative"
"945","440","""2026-05-21""","App","Feedback","Neutral"
"946","269","""2026-05-30""","Email","Support","Positive"
"947","756","""2025-01-23""","Social Media","Support","Neutral"
"948","289","""2025-07-01""","Email","Support","Positive"
"949","119","""2026-06-24""","Email","Purchase Consultation","Neutral"
"950","856","""2025-11-26""","In-Store","Support","Neutral"
"951","732","""2026-03-09""","Phone","Inquiry","Positive"
"952","265","""2026-04-06""","Phone","Inquiry","Positive"
"953","295","""2025-07-28""","Email","Feedback","Positive"
"954","178","""2026-01-02""","Social Media","Purchase Consultation","Neutral"
"955","251","""2025-11-25""","In-Store","Purchase Consultation","Neutral"
"956","66","""2025-04-30""","Email","Inquiry","Positive"
"957","463","""2024-11-10""","App","Purchase Consultation","Positive"
"958","258","""2026-07-26""","Email","Inquiry","Positive"
"959","214","""2026-09-16""","In-Store","Inquiry","Positive"
"960","320","""2025-01-27""","Email","Inquiry","Positive"
"961","279","""2026-03-09""","Social Media","Inquiry","Positive"
"962","478","""2024-10-08""","App","Support","Positive"
"963","518","""2024-12-30""","Phone","Inquiry","Neutral"
"964","47","""2026-09-08""","App","Feedback","Positive"
"965","107","""2026-09-03""","Phone","Account Update","Neutral"
"966","986","""2025-01-12""","Email","Feedback","Positive"
"967","474","""2024-10-27""","Social Media","Account Update","Positive"
"968","677","""2024-10-28""","Phone","Support","Negative"
"969","153","""2026-09-15""","Phone","Purchase Consultation","Negative"
"970","214","""2024-12-08""","Social Media","Account Update","Positive"
"971","3","""2026-05-07""","Chat","Feedback","Negative"
"972","343","""2026-03-01""","App","Feedback","Neutral"
"973","891","""2026-07-05""","In-Store","Account Update","Neutral"
"974","452","""2025-12-25""","Chat","Support","Positive"
"975","240","""2025-11-18""","Email","Purchase Consultation","Positive"
"976","23","""2025-02-08""","App","Account Update","Positive"
"977","607","""2026-06-28""","Social Media","Feedback","Negative"
"978","10","""2025-06-12""","In-Store","Purchase Consultation","Positive"
"979","224","""2025-09-28""","Social Media","Account Update","Positive"
"980","634","""2025-06-26""","Chat","Feedback","Positive"
"981","251","""2026-03-09""","Phone","Purchase Consultation","Positive"
"982","310","""2026-09-21""","App","Account Update","Positive"
"983","323","""2025-06-14""","Phone","Feedback","Positive"
"984","352","""2024-10-22""","Phone","Purchase Consultation","Positive"
"985","393","""2025-10-15""","Social Media","Account Update","Positive"
"986","866","""2026-03-18""","App","Purchase Consultation","Neutral"
"987","1","""2025-09-19""","Social Media","Inquiry","Positive"
"988","56","""2026-05-16""","In-Store","Inquiry","Neutral"
"989","137","""2025-09-16""","In-Store","Support","Negative"
"990","84","""2025-06-17""","Email","Purchase Consultation","Negative"
"991","522","""2026-08-11""","In-Store","Support","Negative"
"992","565","""2025-01-27""","Phone","Feedback","Neutral"
"993","474","""2026-02-17""","In-Store","Feedback","Neutral"
"994","395","""2026-08-13""","Social Media","Inquiry","Neutral"
"995","935","""2025-11-16""","Phone","Purchase Consultation","Neutral"
"996","270","""2025-04-12""","App","Purchase Consultation","Neutral"
"997","228","""2024-12-31""","Email","Account Update","Neutral"
"998","96","""2026-09-17""","In-Store","Feedback","Negative"
"999","242","""2026-04-04""","In-Store","Inquiry","Positive"
"1000","586","""2025-09-24""","Social Media","Account Update","Negative"
"1001","411","""2025-04-30""","Email","Support","Neutral"
"1002","400","""2025-12-27""","Email","Support","Neutral"
"1003","8","""2024-12-08""","Phone","Account Update","Positive"
"1004","6","""2025-10-02""","App","Feedback","Negative"
"1005","222","""2025-05-31""","Social Media","Inquiry","Neutral"
"1006","998","""2026-05-25""","In-Store","Feedback","Positive"
"1007","175","""2026-09-23""","Phone","Purchase Consultation","Neutral"
"1008","387","""2025-10-26""","Chat","Account Update","Positive"
"1009","309","""2026-08-14""","Email","Feedback","Neutral"
"1010","494","""2026-07-12""","Social Media","Inquiry","Neutral"
"1011","60","""2025-02-23""","Phone","Purchase Consultation","Negative"
"1012","163","""2024-10-31""","App","Feedback","Positive"
"1013","335","""2026-01-16""","In-Store","Purchase Consultation","Positive"
"1014","402","""2025-05-12""","Social Media","Purchase Consultation","Neutral"
"1015","116","""2025-04-21""","Email","Inquiry","Neutral"
"1016","94","""2026-05-02""","Chat","Purchase Consultation","Positive"
"1017","406","""2024-10-03""","App","Inquiry","Positive"
"1018","35","""2024-11-23""","Chat","Support","Negative"
"1019","366","""2026-01-12""","Email","Account Update","Positive"
"1020","66","""2025-05-15""","Phone","Inquiry","Positive"
"1021","484","""2024-12-14""","App","Feedback","Positive"
"1022","398","""2025-11-08""","Social Media","Purchase Consultation","Positive"
"1023","146","""2026-09-13""","App","Feedback","Positive"
"1024","161","""2024-11-03""","In-Store","Support","Neutral"
"1025","312","""2026-04-13""","App","Purchase Consultation","Positive"
"1026","86","""2025-11-18""","App","Purchase Consultation","Negative"
"1027","124","""2025-07-14""","In-Store","Account Update","Positive"
"1028","330","""2025-10-09""","App","Inquiry","Positive"
"1029","438","""2024-09-29""","Phone","Feedback","Neutral"
"1030","720","""2026-01-10""","Phone","Purchase Consultation","Neutral"
"1031","478","""2025-12-30""","App","Inquiry","Neutral"
"1032","29","""2026-09-17""","Phone","Purchase Consultation","Positive"
"1033","600","""2025-10-15""","App","Feedback","Positive"
"1034","234","""2024-10-07""","In-Store","Support","Neutral"
"1035","396","""2025-04-18""","In-Store","Inquiry","Positive"
"1036","199","""2026-03-23""","Email","Support","Neutral"
"1037","132","""2025-01-10""","Email","Feedback","Neutral"
"1038","444","""2025-06-20""","App","Support","Positive"
"1039","287","""2026-01-18""","Social Media","Feedback","Neutral"
"1040","854","""2025-12-19""","Chat","Account Update","Positive"
"1041","958","""2025-10-02""","Chat","Inquiry","Neutral"
"1042","117","""2024-11-08""","Email","Support","Neutral"
"1043","359","""2024-12-26""","Chat","Purchase Consultation","Positive"
"1044","73","""2026-08-20""","Chat","Support","Negative"
"1045","148","""2026-01-11""","Chat","Purchase Consultation","Neutral"
"1046","110","""2026-08-09""","Phone","Purchase Consultation","Negative"
"1047","477","""2026-05-16""","Social Media","Inquiry","Positive"
"1048","981","""2025-01-17""","Social Media","Feedback","Positive"
"1049","51","""2025-10-06""","App","Inquiry","Negative"
"1050","184","""2026-08-03""","App","Inquiry","Positive"
"1051","155","""2025-04-03""","In-Store","Account Update","Positive"
"1052","364","""2024-10-01""","Social Media","Account Update","Positive"
"1053","54","""2025-02-02""","App","Inquiry","Neutral"
"1054","435","""2024-11-05""","Email","Account Update","Neutral"
"1055","340","""2025-12-06""","App","Inquiry","Positive"
"1056","237","""2025-09-09""","In-Store","Purchase Consultation","Positive"
"1057","145","""2025-11-12""","Social Media","Purchase Consultation","Neutral"
"1058","256","""2025-08-12""","Chat","Account Update","Neutral"
"1059","298","""2026-08-27""","In-Store","Inquiry","Positive"
"1060","228","""2025-07-11""","Social Media","Feedback","Positive"
"1061","655","""2025-04-17""","In-Store","Purchase Consultation","Negative"
"1062","56","""2025-07-11""","Email","Feedback","Negative"
"1063","181","""2025-01-18""","App","Inquiry","Positive"
"1064","194","""2026-01-25""","App","Support","Positive"
"1065","459","""2026-02-11""","App","Support","Neutral"
"1066","88","""2024-10-07""","Chat","Feedback","Neutral"
"1067","150","""2026-03-22""","Phone","Account Update","Neutral"
"1068","236","""2025-09-11""","App","Purchase Consultation","Positive"
"1069","654","""2026-09-19""","Chat","Inquiry","Positive"
"1070","66","""2026-05-16""","Social Media","Account Update","Neutral"
"1071","100","""2025-08-16""","In-Store","Inquiry","Negative"
"1072","991","""2025-03-08""","Email","Account Update","Negative"
"1073","59","""2025-12-19""","Chat","Inquiry","Neutral"
"1074","39","""2026-05-10""","In-Store","Inquiry","Positive"
"1075","236","""2025-03-03""","Email","Inquiry","Positive"
"1076","276","""2025-02-05""","Phone","Account Update","Neutral"
"1077","38","""2025-05-11""","In-Store","Account Update","Negative"
"1078","286","""2026-02-15""","App","Feedback","Positive"
"1079","641","""2026-02-26""","Phone","Feedback","Neutral"
"1080","900","""2025-11-29""","Social Media","Feedback","Positive"
"1081","264","""2026-07-05""","In-Store","Inquiry","Positive"
"1082","188","""2024-10-05""","Phone","Account Update","Negative"
"1083","200","""2025-02-08""","Email","Inquiry","Positive"
"1084","161","""2025-07-16""","Social Media","Feedback","Positive"
"1085","934","""2025-08-09""","Email","Purchase Consultation","Negative"
"1086","133","""2026-03-28""","Social Media","Purchase Consultation","Positive"
"1087","290","""2025-04-13""","Social Media","Inquiry","Neutral"
"1088","87","""2026-07-04""","Chat","Account Update","Negative"
"1089","815","""2026-01-02""","Chat","Account Update","Negative"
"1090","655","""2026-02-05""","In-Store","Purchase Consultation","Neutral"
"1091","805","""2025-03-05""","Email","Account Update","Positive"
"1092","209","""2025-02-09""","Email","Inquiry","Positive"
"1093","80","""2024-09-30""","Social Media","Feedback","Neutral"
"1094","45","""2026-07-22""","In-Store","Support","Positive"
"1095","176","""2025-04-15""","Social Media","Inquiry","Neutral"
"1096","202","""2024-11-25""","Email","Purchase Consultation","Positive"
"1097","492","""2025-05-15""","Phone","Account Update","Positive"
"1098","244","""2025-10-10""","App","Account Update","Positive"
"1099","48","""2024-11-14""","Phone","Support","Negative"
"1100","66","""2025-11-18""","Social Media","Support","Negative"
"1101","420","""2025-07-19""","Email","Feedback","Positive"
"1102","477","""2026-05-21""","Social Media","Inquiry","Positive"
"1103","82","""2025-10-13""","In-Store","Support","Neutral"
"1104","618","""2024-11-25""","Social Media","Inquiry","Negative"
"1105","28","""2025-12-18""","Social Media","Feedback","Negative"
"1106","102","""2025-01-21""","App","Feedback","Negative"
"1107","31","""2025-01-10""","In-Store","Purchase Consultation","Positive"
"1108","317","""2025-11-20""","Chat","Support","Positive"
"1109","13","""2025-04-11""","Chat","Feedback","Negative"
"1110","953","""2026-02-09""","App","Support","Positive"
"1111","109","""2025-04-05""","Phone","Support","Negative"
"1112","42","""2026-04-09""","Chat","Purchase Consultation","Positive"
"1113","548","""2026-06-27""","In-Store","Feedback","Neutral"
"1114","239","""2026-05-18""","Phone","Inquiry","Positive"
"1115","146","""2026-03-20""","Email","Account Update","Positive"
"1116","73","""2025-01-30""","Chat","Support","Positive"
"1117","29","""2026-07-21""","Chat","Support","Positive"
"1118","233","""2025-08-06""","App","Purchase Consultation","Neutral"
"1119","31","""2025-12-18""","Email","Inquiry","Negative"
"1120","480","""2026-06-15""","Social Media","Account Update","Positive"
"1121","15","""2025-03-23""","Social Media","Purchase Consultation","Positive"
"1122","967","""2025-07-12""","Phone","Support","Neutral"
"1123","159","""2025-01-14""","Chat","Purchase Consultation","Neutral"
"1124","258","""2024-12-06""","Phone","Purchase Consultation","Neutral"
"1125","225","""2026-05-27""","App","Inquiry","Positive"
"1126","121","""2026-08-23""","Social Media","Inquiry","Neutral"
"1127","130","""2026-08-27""","Phone","Feedback","Neutral"
"1128","509","""2026-03-06""","App","Inquiry","Neutral"
"1129","98","""2024-10-04""","Social Media","Inquiry","Positive"
"1130","407","""2025-11-03""","In-Store","Purchase Consultation","Positive"
"1131","114","""2025-08-26""","Chat","Feedback","Neutral"
"1132","58","""2025-07-06""","Social Media","Support","Negative"
"1133","81","""2025-09-26""","Social Media","Support","Negative"
"1134","326","""2026-03-01""","Chat","Feedback","Neutral"
"1135","254","""2024-10-03""","In-Store","Support","Positive"
"1136","168","""2025-05-31""","Social Media","Purchase Consultation","Negative"
"1137","73","""2026-08-02""","Email","Account Update","Negative"
"1138","651","""2024-10-09""","Social Media","Account Update","Neutral"
"1139","378","""2025-09-02""","Email","Purchase Consultation","Positive"
"1140","768","""2026-09-18""","Email","Inquiry","Neutral"
"1141","44","""2025-01-02""","App","Account Update","Neutral"
"1142","93","""2026-07-27""","App","Feedback","Neutral"
"1143","30","""2024-12-26""","Email","Inquiry","Positive"
"1144","118","""2026-05-04""","App","Inquiry","Positive"
"1145","2","""2025-02-04""","Social Media","Purchase Consultation","Neutral"
"1146","185","""2026-06-02""","Phone","Support","Positive"
"1147","404","""2025-06-11""","Social Media","Inquiry","Positive"
"1148","483","""2026-06-25""","Phone","Inquiry","Positive"
"1149","69","""2026-09-12""","Social Media","Feedback","Neutral"
"1150","213","""2025-03-12""","App","Feedback","Positive"
"1151","79","""2026-03-20""","Social Media","Account Update","Positive"
"1152","899","""2024-11-22""","App","Inquiry","Neutral"
"1153","380","""2026-07-21""","Email","Inquiry","Neutral"
"1154","202","""2026-05-02""","In-Store","Inquiry","Positive"
"1155","439","""2026-08-11""","Email","Purchase Consultation","Positive"
"1156","306","""2025-12-22""","In-Store","Inquiry","Positive"
"1157","104","""2026-01-18""","Social Media","Account Update","Neutral"
"1158","138","""2024-10-06""","Phone","Account Update","Negative"
"1159","743","""2025-09-13""","App","Inquiry","Negative"
"1160","43","""2025-12-13""","Social Media","Purchase Consultation","Neutral"
"1161","241","""2026-08-25""","App","Support","Positive"
"1162","33","""2025-11-21""","In-Store","Purchase Consultation","Negative"
"1163","205","""2026-02-25""","App","Account Update","Positive"
"1164","94","""2025-10-23""","App","Feedback","Positive"
"1165","264","""2025-07-09""","Chat","Support","Positive"
"1166","343","""2026-05-24""","In-Store","Inquiry","Positive"
"1167","167","""2025-01-26""","Social Media","Purchase Consultation","Negative"
"1168","247","""2026-05-20""","Social Media","Purchase Consultation","Positive"
"1169","135","""2026-06-21""","Phone","Support","Neutral"
"1170","50","""2026-07-03""","Email","Feedback","Positive"
"1171","18","""2026-09-07""","In-Store","Account Update","Negative"
"1172","183","""2025-07-28""","In-Store","Support","Neutral"
"1173","59","""2024-10-29""","In-Store","Feedback","Positive"
"1174","642","""2025-12-09""","Social Media","Purchase Consultation","Negative"
"1175","140","""2025-05-21""","Phone","Feedback","Positive"
"1176","251","""2025-09-29""","Chat","Account Update","Positive"
"1177","40","""2025-06-27""","Phone","Support","Positive"
"1178","321","""2025-04-07""","Phone","Purchase Consultation","Neutral"
"1179","331","""2026-06-01""","Chat","Inquiry","Positive"
"1180","103","""2024-10-15""","Email","Support","Neutral"
"1181","801","""2024-10-15""","Email","Feedback","Negative"
"1182","206","""2026-06-03""","Phone","Support","Neutral"
"1183","62","""2025-12-09""","Chat","Account Update","Neutral"
"1184","101","""2025-08-21""","App","Account Update","Negative"
"1185","949","""2025-02-13""","In-Store","Support","Positive"
"1186","145","""2025-06-23""","App","Account Update","Negative"
"1187","96","""2026-04-21""","Social Media","Inquiry","Negative"
"1188","178","""2024-11-20""","Phone","Purchase Consultation","Neutral"
"1189","896","""2026-06-15""","Chat","Purchase Consultation","Negative"
"1190","304","""2025-11-25""","Social Media","Feedback","Neutral"
"1191","343","""2025-05-28""","App","Inquiry","Positive"
"1192","766","""2026-08-25""","Phone","Support","Negative"
"1193","411","""2025-10-29""","Chat","Feedback","Neutral"
"1194","496","""2025-07-08""","In-Store","Support","Positive"
"1195","301","""2026-01-16""","App","Inquiry","Positive"
"1196","100","""2025-09-30""","Chat","Inquiry","Negative"
"1197","53","""2026-07-01""","Chat","Support","Negative"
"1198","65","""2026-08-25""","Phone","Support","Neutral"
"1199","342","""2025-03-24""","Chat","Account Update","Positive"
"1200","729","""2025-03-13""","In-Store","Support","Positive"
"1201","38","""2025-03-19""","Email","Purchase Consultation","Positive"
"1202","162","""2024-10-30""","Social Media","Inquiry","Positive"
"1203","196","""2025-07-27""","Chat","Inquiry","Positive"
"1204","79","""2024-12-01""","Phone","Account Update","Negative"
"1205","289","""2025-10-28""","In-Store","Inquiry","Neutral"
"1206","60","""2026-01-01""","Phone","Support","Positive"
"1207","169","""2025-04-10""","Social Media","Inquiry","Neutral"
"1208","332","""2025-09-20""","Social Media","Purchase Consultation","Positive"
"1209","171","""2024-12-17""","App","Support","Positive"
"1210","153","""2026-05-11""","Chat","Inquiry","Positive"
"1211","653","""2024-10-07""","In-Store","Feedback","Negative"
"1212","77","""2026-01-21""","In-Store","Account Update","Neutral"
"1213","458","""2025-08-07""","In-Store","Purchase Consultation","Positive"
"1214","92","""2025-05-29""","App","Feedback","Negative"
"1215","189","""2025-12-12""","Phone","Inquiry","Positive"
"1216","165","""2025-06-27""","App","Purchase Consultation","Neutral"
"1217","833","""2025-12-11""","Phone","Account Update","Positive"
"1218","102","""2026-01-05""","Email","Support","Negative"
"1219","24","""2026-06-28""","Social Media","Account Update","Positive"
"1220","2","""2025-08-26""","Social Media","Account Update","Positive"
"1221","688","""2025-12-19""","In-Store","Account Update","Neutral"
"1222","55","""2024-12-10""","Social Media","Feedback","Neutral"
"1223","77","""2024-11-11""","Social Media","Account Update","Negative"
"1224","231","""2025-08-01""","Social Media","Inquiry","Neutral"
"1225","117","""2025-09-19""","App","Support","Negative"
"1226","386","""2024-10-22""","In-Store","Purchase Consultation","Positive"
"1227","24","""2026-03-19""","Social Media","Account Update","Negative"
"1228","498","""2025-06-26""","Social Media","Support","Positive"
"1229","322","""2026-02-22""","Phone","Feedback","Positive"
"1230","506","""2025-04-14""","Email","Feedback","Neutral"
"1231","188","""2025-02-16""","Chat","Purchase Consultation","Positive"
"1232","21","""2026-06-14""","Social Media","Account Update","Positive"
"1233","151","""2026-04-01""","In-Store","Feedback","Negative"
"1234","428","""2024-12-19""","In-Store","Support","Positive"
"1235","112","""2026-04-06""","Email","Account Update","Positive"
"1236","829","""2026-01-19""","App","Support","Neutral"
"1237","231","""2025-07-16""","Social Media","Inquiry","Positive"
"1238","65","""2026-09-13""","Email","Account Update","Negative"
"1239","461","""2026-03-08""","Chat","Account Update","Positive"
"1240","48","""2024-12-09""","App","Inquiry","Neutral"
"1241","950","""2025-09-23""","In-Store","Inquiry","Neutral"
"1242","211","""2026-08-05""","In-Store","Feedback","Positive"
"1243","227","""2026-07-03""","Email","Inquiry","Positive"
"1244","238","""2025-09-28""","Social Media","Feedback","Positive"
"1245","398","""2025-10-21""","Social Media","Purchase Consultation","Positive"
"1246","459","""2025-07-03""","Social Media","Account Update","Neutral"
"1247","7","""2025-08-09""","App","Account Update","Negative"
"1248","241","""2026-09-14""","Email","Feedback","Positive"
"1249","470","""2026-05-24""","Phone","Feedback","Positive"
"1250","417","""2026-02-27""","Chat","Support","Positive"
"1251","69","""2026-03-05""","Email","Support","Negative"
"1252","480","""2026-09-12""","Email","Inquiry","Positive"
"1253","33","""2025-01-12""","Chat","Feedback","Negative"
"1254","821","""2025-02-03""","Email","Feedback","Negative"
"1255","472","""2025-04-22""","Phone","Purchase Consultation","Positive"
"1256","931","""2026-09-24""","App","Purchase Consultation","Neutral"
"1257","321","""2026-06-30""","Chat","Support","Positive"
"1258","283","""2025-06-15""","Chat","Account Update","Neutral"
"1259","99","""2025-11-14""","Chat","Account Update","Negative"
"1260","145","""2026-05-07""","Chat","Purchase Consultation","Negative"
"1261","166","""2026-08-05""","In-Store","Purchase Consultation","Negative"
"1262","349","""2026-04-28""","App","Inquiry","Positive"
"1263","481","""2026-03-22""","Phone","Feedback","Positive"
"1264","385","""2025-08-20""","Phone","Support","Positive"
"1265","52","""2025-10-15""","Social Media","Purchase Consultation","Positive"
"1266","247","""2025-01-21""","Social Media","Feedback","Neutral"
"1267","667","""2025-12-31""","Phone","Support","Neutral"
"1268","157","""2024-10-10""","Phone","Inquiry","Positive"
"1269","39","""2025-08-10""","Social Media","Inquiry","Neutral"
"1270","340","""2026-07-12""","Phone","Account Update","Neutral"
"1271","216","""2026-07-14""","Email","Purchase Consultation","Positive"
"1272","315","""2026-02-27""","Email","Purchase Consultation","Neutral"
"1273","778","""2026-03-18""","Phone","Account Update","Neutral"
"1274","198","""2026-07-26""","Email","Support","Neutral"
"1275","669","""2026-08-31""","Social Media","Support","Positive"
"1276","205","""2026-04-03""","Phone","Inquiry","Positive"
"1277","192","""2024-11-11""","App","Purchase Consultation","Negative"
"1278","270","""2026-07-10""","Phone","Account Update","Positive"
"1279","9","""2026-07-16""","Chat","Inquiry","Neutral"
"1280","190","""2024-12-08""","Email","Account Update","Neutral"
"1281","271","""2025-02-16""","Chat","Account Update","Positive"
"1282","246","""2026-01-26""","Phone","Support","Positive"
"1283","87","""2026-01-23""","Social Media","Feedback","Positive"
"1284","132","""2025-05-12""","Phone","Purchase Consultation","Negative"
"1285","185","""2026-06-29""","Phone","Account Update","Neutral"
"1286","387","""2024-12-20""","Chat","Account Update","Positive"
"1287","32","""2025-07-01""","Phone","Support","Negative"
"1288","158","""2026-08-22""","In-Store","Feedback","Neutral"
"1289","341","""2025-02-12""","Social Media","Support","Positive"
"1290","764","""2025-03-12""","Chat","Account Update","Neutral"
"1291","750","""2026-05-13""","Phone","Feedback","Neutral"
"1292","408","""2026-03-04""","Social Media","Inquiry","Neutral"
"1293","404","""2026-02-06""","Social Media","Inquiry","Positive"
"1294","23","""2026-04-16""","Email","Purchase Consultation","Positive"
"1295","838","""2025-06-03""","In-Store","Support","Negative"
"1296","85","""2026-06-05""","Phone","Feedback","Negative"
"1297","152","""2026-07-17""","Phone","Account Update","Neutral"
"1298","175","""2025-01-24""","Social Media","Feedback","Negative"
"1299","75","""2024-10-07""","In-Store","Purchase Consultation","Neutral"
"1300","107","""2026-07-10""","Phone","Support","Neutral"
"1301","177","""2026-09-09""","Email","Feedback","Positive"
"1302","777","""2026-03-22""","In-Store","Account Update","Neutral"
"1303","176","""2025-04-18""","In-Store","Purchase Consultation","Negative"
"1304","99","""2025-10-04""","App","Account Update","Negative"
"1305","786","""2025-09-13""","In-Store","Feedback","Neutral"
"1306","11","""2026-04-14""","App","Inquiry","Positive"
"1307","378","""2026-04-07""","Email","Account Update","Neutral"
"1308","92","""2025-05-01""","Chat","Account Update","Negative"
"1309","987","""2025-05-25""","Email","Inquiry","Negative"
"1310","14","""2025-12-22""","Email","Purchase Consultation","Positive"
"1311","440","""2025-10-17""","App","Support","Neutral"
"1312","17","""2025-03-04""","Email","Support","Positive"
"1313","854","""2025-10-17""","In-Store","Support","Positive"
"1314","129","""2025-08-02""","In-Store","Purchase Consultation","Neutral"
"1315","817","""2024-10-31""","Email","Support","Positive"
"1316","236","""2025-12-02""","In-Store","Purchase Consultation","Positive"
"1317","224","""2025-12-24""","Email","Feedback","Positive"
"1318","34","""2025-05-30""","Chat","Feedback","Positive"
"1319","65","""2026-08-24""","Chat","Feedback","Negative"
"1320","192","""2025-07-25""","Email","Purchase Consultation","Negative"
"1321","255","""2025-12-09""","Chat","Support","Neutral"
"1322","153","""2025-12-19""","In-Store","Inquiry","Neutral"
"1323","282","""2025-11-20""","Email","Inquiry","Positive"
"1324","24","""2026-07-20""","Social Media","Support","Negative"
"1325","343","""2025-04-02""","Social Media","Account Update","Positive"
"1326","98","""2026-08-13""","Phone","Account Update","Negative"
"1327","425","""2026-06-07""","Email","Purchase Consultation","Neutral"
"1328","740","""2026-04-22""","Email","Purchase Consultation","Neutral"
"1329","529","""2025-04-08""","Chat","Feedback","Neutral"
"1330","137","""2025-11-30""","Phone","Inquiry","Positive"
"1331","328","""2025-06-03""","Social Media","Inquiry","Positive"
"1332","36","""2026-08-05""","Chat","Feedback","Neutral"
"1333","61","""2026-03-02""","Social Media","Inquiry","Positive"
"1334","33","""2025-08-14""","Chat","Feedback","Negative"
"1335","163","""2026-01-18""","App","Support","Positive"
"1336","148","""2025-10-29""","App","Purchase Consultation","Negative"
"1337","141","""2024-11-23""","Email","Support","Positive"
"1338","654","""2025-06-09""","Social Media","Account Update","Neutral"
"1339","207","""2025-06-17""","Social Media","Inquiry","Neutral"
"1340","285","""2024-12-03""","Chat","Purchase Consultation","Positive"
"1341","32","""2026-01-28""","App","Support","Neutral"
"1342","149","""2025-02-20""","Email","Feedback","Neutral"
"1343","135","""2025-11-21""","Chat","Purchase Consultation","Neutral"
"1344","447","""2025-08-25""","App","Support","Positive"
"1345","64","""2026-01-10""","Chat","Inquiry","Neutral"
"1346","604","""2026-03-23""","Chat","Account Update","Negative"
"1347","159","""2025-08-03""","App","Purchase Consultation","Positive"
"1348","483","""2024-12-15""","Email","Support","Positive"
"1349","51","""2026-04-09""","App","Purchase Consultation","Negative"
"1350","183","""2026-05-26""","Chat","Account Update","Positive"
"1351","292","""2026-07-05""","App","Account Update","Neutral"
"1352","451","""2026-03-08""","Phone","Purchase Consultation","Positive"
"1353","922","""2025-02-17""","Email","Purchase Consultation","Neutral"
"1354","84","""2025-02-07""","Social Media","Support","Neutral"
"1355","6","""2025-02-05""","Social Media","Feedback","Negative"
"1356","335","""2025-09-25""","Social Media","Account Update","Positive"
"1357","873","""2025-02-18""","Email","Feedback","Negative"
"1358","516","""2026-08-08""","Email","Inquiry","Neutral"
"1359","87","""2025-09-27""","In-Store","Feedback","Neutral"
"1360","78","""2025-01-18""","Phone","Inquiry","Negative"
"1361","298","""2025-06-12""","Social Media","Account Update","Neutral"
"1362","56","""2025-08-15""","Social Media","Purchase Consultation","Negative"
"1363","179","""2026-01-31""","Social Media","Purchase Consultation","Positive"
"1364","833","""2025-01-07""","Phone","Purchase Consultation","Negative"
"1365","668","""2025-12-29""","Phone","Feedback","Neutral"
"1366","797","""2025-02-07""","Email","Purchase Consultation","Positive"
"1367","920","""2025-09-07""","In-Store","Support","Positive"
"1368","676","""2026-04-19""","Chat","Feedback","Positive"
"1369","43","""2024-11-14""","Social Media","Purchase Consultation","Neutral"
"1370","168","""2026-05-20""","In-Store","Purchase Consultation","Positive"
"1371","49","""2026-04-07""","Social Media","Account Update","Negative"
"1372","575","""2025-05-05""","Email","Inquiry","Neutral"
"1373","578","""2024-12-05""","App","Inquiry","Neutral"
"1374","613","""2026-02-17""","Email","Account Update","Neutral"
"1375","34","""2025-03-22""","Phone","Inquiry","Negative"
"1376","276","""2025-11-29""","Social Media","Feedback","Positive"
"1377","41","""2026-08-10""","Phone","Support","Positive"
"1378","98","""2025-09-21""","Social Media","Feedback","Neutral"
"1379","51","""2026-02-18""","Email","Account Update","Negative"
"1380","377","""2025-11-27""","Chat","Feedback","Positive"
"1381","939","""2024-12-30""","Chat","Support","Neutral"
"1382","418","""2024-09-30""","Chat","Purchase Consultation","Neutral"
"1383","471","""2025-01-13""","Email","Feedback","Positive"
"1384","23","""2025-09-12""","Email","Account Update","Positive"
"1385","8","""2025-03-14""","In-Store","Support","Negative"
"1386","350","""2025-12-29""","Social Media","Feedback","Positive"
"1387","68","""2025-07-07""","App","Support","Neutral"
"1388","212","""2026-07-05""","App","Feedback","Positive"
"1389","823","""2025-06-23""","Phone","Purchase Consultation","Positive"
"1390","166","""2026-09-02""","Social Media","Feedback","Neutral"
"1391","372","""2025-06-23""","Chat","Inquiry","Positive"
"1392","294","""2025-02-20""","Phone","Inquiry","Neutral"
"1393","486","""2025-10-24""","App","Inquiry","Positive"
"1394","437","""2025-06-21""","Chat","Account Update","Neutral"
"1395","632","""2025-01-15""","Social Media","Account Update","Negative"
"1396","150","""2026-03-26""","Phone","Purchase Consultation","Neutral"
"1397","401","""2026-02-22""","Phone","Purchase Consultation","Neutral"
"1398","657","""2026-02-22""","Chat","Feedback","Neutral"
"1399","114","""2025-10-27""","Chat","Account Update","Positive"
"1400","432","""2026-06-12""","Chat","Purchase Consultation","Positive"
"1401","410","""2025-11-30""","Email","Inquiry","Neutral"
"1402","898","""2025-02-17""","App","Support","Positive"
"1403","363","""2026-02-04""","App","Feedback","Positive"
"1404","569","""2024-12-11""","In-Store","Inquiry","Negative"
"1405","250","""2025-10-23""","Phone","Support","Positive"
"1406","264","""2026-03-17""","Social Media","Inquiry","Positive"
"1407","376","""2025-01-13""","In-Store","Account Update","Positive"
"1408","87","""2026-01-27""","Chat","Support","Positive"
"1409","251","""2026-03-16""","Email","Purchase Consultation","Positive"
"1410","324","""2026-01-06""","Chat","Feedback","Positive"
"1411","942","""2026-04-20""","Chat","Purchase Consultation","Neutral"
"1412","38","""2024-10-28""","Phone","Feedback","Negative"
"1413","551","""2025-03-18""","Social Media","Support","Positive"
"1414","737","""2025-08-16""","Chat","Feedback","Neutral"
"1415","565","""2025-08-20""","App","Inquiry","Neutral"
"1416","476","""2026-06-18""","Chat","Inquiry","Positive"
"1417","91","""2025-12-18""","Chat","Support","Positive"
"1418","58","""2026-02-17""","In-Store","Inquiry","Positive"
"1419","731","""2024-11-14""","Chat","Inquiry","Neutral"
"1420","235","""2026-03-19""","Social Media","Feedback","Neutral"
"1421","61","""2026-04-04""","Social Media","Account Update","Negative"
"1422","121","""2025-07-08""","Social Media","Feedback","Negative"
"1423","345","""2025-11-20""","Phone","Support","Positive"
"1424","55","""2026-03-21""","In-Store","Feedback","Negative"
"1425","249","""2025-10-07""","Chat","Feedback","Positive"
"1426","67","""2025-05-23""","App","Account Update","Negative"
"1427","933","""2026-04-24""","Email","Feedback","Positive"
"1428","11","""2026-06-14""","Phone","Feedback","Neutral"
"1429","256","""2026-03-05""","Phone","Purchase Consultation","Positive"
"1430","403","""2025-05-17""","App","Purchase Consultation","Positive"
"1431","268","""2025-10-07""","In-Store","Account Update","Positive"
"1432","61","""2026-08-15""","Chat","Feedback","Negative"
"1433","758","""2026-01-21""","Social Media","Support","Positive"
"1434","544","""2025-11-29""","App","Support","Neutral"
"1435","441","""2026-07-24""","Email","Purchase Consultation","Neutral"
"1436","42","""2026-03-13""","Social Media","Account Update","Positive"
"1437","937","""2025-10-06""","Social Media","Account Update","Positive"
"1438","499","""2025-03-29""","Phone","Account Update","Positive"
"1439","361","""2026-08-25""","Email","Account Update","Positive"
"1440","415","""2024-11-29""","Chat","Purchase Consultation","Positive"
"1441","13","""2026-06-18""","Phone","Account Update","Positive"
"1442","305","""2025-05-08""","In-Store","Feedback","Positive"
"1443","625","""2026-08-07""","Chat","Account Update","Positive"
"1444","361","""2026-01-25""","Email","Account Update","Positive"
"1445","34","""2025-03-06""","Email","Account Update","Negative"
"1446","903","""2025-09-02""","Social Media","Inquiry","Neutral"
"1447","241","""2025-01-30""","Email","Feedback","Positive"
"1448","621","""2025-08-31""","In-Store","Account Update","Positive"
"1449","89","""2026-07-09""","In-Store","Purchase Consultation","Neutral"
"1450","70","""2024-10-26""","Email","Feedback","Negative"
"1451","158","""2026-01-20""","Social Media","Feedback","Neutral"
"1452","925","""2026-06-05""","App","Support","Positive"
"1453","161","""2026-08-06""","Social Media","Feedback","Neutral"
"1454","957","""2025-12-21""","Phone","Account Update","Negative"
"1455","80","""2026-05-05""","Chat","Support","Positive"
"1456","108","""2026-07-04""","Chat","Support","Neutral"
"1457","97","""2025-01-25""","Email","Inquiry","Positive"
"1458","127","""2025-04-01""","Social Media","Purchase Consultation","Neutral"
"1459","126","""2026-08-04""","In-Store","Account Update","Positive"
"1460","451","""2026-06-18""","Email","Purchase Consultation","Positive"
"1461","343","""2026-06-12""","Chat","Support","Positive"
"1462","13","""2025-02-22""","Chat","Inquiry","Neutral"
"1463","125","""2025-04-01""","In-Store","Purchase Consultation","Positive"
"1464","932","""2025-09-07""","Email","Inquiry","Neutral"
"1465","170","""2024-12-05""","Social Media","Purchase Consultation","Negative"
"1466","39","""2025-07-24""","Email","Account Update","Negative"
"1467","395","""2026-07-03""","Social Media","Feedback","Positive"
"1468","1000","""2026-04-13""","Email","Support","Neutral"
"1469","102","""2025-11-25""","Social Media","Support","Positive"
"1470","303","""2025-05-23""","App","Support","Positive"
"1471","306","""2025-04-01""","Social Media","Account Update","Positive"
"1472","173","""2026-09-08""","Social Media","Account Update","Positive"
"1473","282","""2025-11-03""","Email","Inquiry","Positive"
"1474","243","""2025-01-21""","Chat","Purchase Consultation","Neutral"
"1475","149","""2026-05-02""","Chat","Purchase Consultation","Negative"
"1476","486","""2024-11-30""","In-Store","Purchase Consultation","Positive"
"1477","309","""2026-02-13""","Email","Support","Positive"
"1478","242","""2025-04-02""","In-Store","Account Update","Positive"
"1479","331","""2024-12-22""","Chat","Feedback","Positive"
"1480","924","""2025-06-15""","Chat","Support","Positive"
"1481","160","""2025-12-28""","Social Media","Account Update","Positive"
"1482","45","""2026-04-24""","In-Store","Account Update","Negative"
"1483","392","""2025-12-31""","Chat","Purchase Consultation","Positive"
"1484","83","""2025-08-14""","Phone","Feedback","Neutral"
"1485","162","""2026-03-23""","Email","Feedback","Negative"
"1486","740","""2026-05-19""","Email","Support","Neutral"
"1487","349","""2025-04-03""","Social Media","Feedback","Neutral"
"1488","13","""2026-04-22""","In-Store","Feedback","Neutral"
"1489","484","""2025-05-30""","Email","Purchase Consultation","Neutral"
"1490","202","""2025-12-05""","Email","Account Update","Positive"
"1491","249","""2025-01-15""","Email","Purchase Consultation","Neutral"
"1492","13","""2026-07-23""","App","Inquiry","Negative"
"1493","997","""2025-05-11""","Chat","Inquiry","Neutral"
"1494","473","""2026-07-18""","Chat","Purchase Consultation","Neutral"
"1495","119","""2026-04-22""","Email","Feedback","Negative"
"1496","384","""2026-02-06""","In-Store","Account Update","Neutral"
"1497","929","""2025-04-14""","Chat","Support","Negative"
"1498","304","""2025-03-13""","In-Store","Account Update","Positive"
"1499","660","""2025-11-06""","Social Media","Support","Negative"
"1500","128","""2025-06-14""","Phone","Support","Neutral"
"1501","147","""2025-09-08""","Email","Account Update","Positive"
"1502","278","""2025-06-13""","Social Media","Feedback","Positive"
"1503","114","""2025-07-21""","Email","Account Update","Negative"
"1504","241","""2024-12-19""","Chat","Support","Positive"
"1505","589","""2025-11-19""","In-Store","Purchase Consultation","Neutral"
"1506","980","""2026-06-03""","Chat","Purchase Consultation","Neutral"
"1507","351","""2024-10-13""","Email","Support","Positive"
"1508","794","""2025-09-03""","Phone","Feedback","Positive"
"1509","360","""2025-04-04""","In-Store","Account Update","Positive"
"1510","368","""2026-09-07""","Phone","Feedback","Positive"
"1511","677","""2026-04-16""","Social Media","Account Update","Neutral"
"1512","705","""2026-09-19""","Phone","Feedback","Negative"
"1513","15","""2025-06-11""","In-Store","Feedback","Negative"
"1514","25","""2025-08-14""","Chat","Purchase Consultation","Negative"
"1515","253","""2024-11-30""","App","Account Update","Neutral"
"1516","84","""2026-03-25""","Social Media","Purchase Consultation","Negative"
"1517","49","""2026-07-14""","Chat","Account Update","Neutral"
"1518","17","""2025-01-28""","App","Account Update","Neutral"
"1519","137","""2025-04-22""","Chat","Inquiry","Positive"
"1520","163","""2026-02-10""","Phone","Feedback","Neutral"
"1521","749","""2024-10-20""","App","Inquiry","Neutral"
"1522","708","""2026-06-08""","Chat","Inquiry","Negative"
"1523","22","""2025-04-13""","Phone","Inquiry","Neutral"
"1524","763","""2024-10-09""","Chat","Purchase Consultation","Neutral"
"1525","365","""2025-11-22""","Email","Feedback","Positive"
"1526","431","""2026-04-22""","In-Store","Purchase Consultation","Neutral"
"1527","863","""2025-08-20""","Phone","Support","Negative"
"1528","32","""2026-09-16""","Phone","Support","Neutral"
"1529","219","""2025-02-12""","In-Store","Feedback","Neutral"
"1530","147","""2026-03-23""","Chat","Feedback","Neutral"
"1531","462","""2025-08-19""","Social Media","Support","Positive"
"1532","595","""2025-08-24""","Social Media","Inquiry","Neutral"
"1533","106","""2025-06-05""","In-Store","Purchase Consultation","Neutral"
"1534","493","""2025-11-07""","Phone","Account Update","Positive"
"1535","105","""2026-08-02""","Social Media","Feedback","Positive"
"1536","602","""2025-08-14""","Social Media","Feedback","Negative"
"1537","120","""2026-05-31""","Email","Purchase Consultation","Neutral"
"1538","538","""2025-03-29""","In-Store","Support","Negative"
"1539","213","""2025-10-13""","In-Store","Purchase Consultation","Positive"
"1540","66","""2026-02-18""","Chat","Feedback","Neutral"
"1541","293","""2024-10-21""","Phone","Inquiry","Neutral"
"1542","50","""2024-12-30""","Chat","Support","Negative"
"1543","97","""2026-03-01""","Phone","Account Update","Negative"
"1544","125","""2025-11-12""","App","Purchase Consultation","Neutral"
"1545","236","""2025-08-22""","In-Store","Account Update","Positive"
"1546","52","""2025-01-31""","App","Inquiry","Negative"
"1547","782","""2026-02-08""","Social Media","Account Update","Negative"
"1548","460","""2024-10-22""","Chat","Purchase Consultation","Positive"
"1549","373","""2026-06-25""","Email","Feedback","Positive"
"1550","826","""2026-02-24""","In-Store","Feedback","Neutral"
"1551","116","""2024-11-22""","Chat","Support","Negative"
"1552","22","""2025-02-04""","Email","Feedback","Negative"
"1553","445","""2025-06-27""","Chat","Support","Positive"
"1554","63","""2025-03-09""","App","Feedback","Negative"
"1555","433","""2026-02-26""","Email","Account Update","Positive"
"1556","301","""2026-07-30""","Social Media","Feedback","Neutral"
"1557","297","""2026-06-15""","Chat","Support","Positive"
"1558","70","""2025-06-25""","Phone","Support","Negative"
"1559","153","""2026-03-18""","Email","Purchase Consultation","Positive"
"1560","46","""2025-01-09""","Social Media","Purchase Consultation","Neutral"
"1561","361","""2026-07-06""","Social Media","Feedback","Positive"
"1562","92","""2026-03-15""","Email","Purchase Consultation","Negative"
"1563","128","""2025-05-21""","App","Inquiry","Neutral"
"1564","118","""2025-11-14""","In-Store","Account Update","Neutral"
"1565","136","""2025-01-06""","Chat","Support","Neutral"
"1566","81","""2025-05-01""","Email","Purchase Consultation","Positive"
"1567","176","""2025-02-07""","App","Inquiry","Neutral"
"1568","53","""2026-08-24""","Email","Support","Positive"
"1569","649","""2026-08-09""","Phone","Feedback","Neutral"
"1570","767","""2026-09-18""","Social Media","Account Update","Positive"
"1571","331","""2026-06-16""","Email","Purchase Consultation","Positive"
"1572","145","""2025-12-23""","App","Support","Positive"
"1573","285","""2025-01-31""","Chat","Inquiry","Positive"
"1574","282","""2026-07-23""","App","Purchase Consultation","Positive"
"1575","88","""2025-09-16""","Phone","Purchase Consultation","Neutral"
"1576","179","""2025-07-22""","In-Store","Purchase Consultation","Positive"
"1577","463","""2025-07-17""","App","Support","Positive"
"1578","427","""2025-10-18""","App","Inquiry","Neutral"
"1579","230","""2025-01-20""","In-Store","Account Update","Positive"
"1580","526","""2026-04-09""","In-Store","Feedback","Neutral"
"1581","39","""2024-11-05""","Social Media","Inquiry","Positive"
"1582","146","""2025-07-01""","Phone","Support","Positive"
"1583","19","""2025-09-20""","Email","Feedback","Positive"
"1584","256","""2025-01-04""","Phone","Purchase Consultation","Neutral"
"1585","293","""2026-03-19""","Social Media","Account Update","Positive"
"1586","60","""2025-10-12""","Email","Purchase Consultation","Negative"
"1587","990","""2025-06-30""","Chat","Account Update","Negative"
"1588","801","""2026-09-02""","App","Support","Positive"
"1589","431","""2026-09-03""","Social Media","Account Update","Positive"
"1590","166","""2025-03-10""","Email","Inquiry","Positive"
"1591","305","""2026-09-07""","App","Feedback","Positive"
"1592","22","""2026-07-08""","App","Purchase Consultation","Negative"
"1593","705","""2025-09-28""","In-Store","Account Update","Negative"
"1594","47","""2024-10-13""","Chat","Inquiry","Positive"
"1595","278","""2025-12-01""","Phone","Support","Positive"
"1596","179","""2025-03-15""","Email","Feedback","Neutral"
"1597","144","""2024-11-23""","Chat","Account Update","Neutral"
"1598","74","""2025-03-01""","Phone","Support","Positive"
"1599","422","""2026-09-23""","Social Media","Purchase Consultation","Neutral"
"1600","492","""2025-02-02""","Social Media","Account Update","Positive"
"1601","188","""2025-01-09""","Phone","Feedback","Negative"
"1602","706","""2026-09-13""","Social Media","Account Update","Neutral"
"1603","505","""2026-08-04""","Social Media","Account Update","Neutral"
"1604","355","""2025-10-24""","Email","Inquiry","Positive"
"1605","881","""2025-03-18""","In-Store","Purchase Consultation","Neutral"
"1606","627","""2025-03-18""","Social Media","Feedback","Neutral"
"1607","14","""2025-11-21""","Chat","Support","Negative"
"1608","23","""2024-11-19""","Email","Purchase Consultation","Positive"
"1609","471","""2026-09-14""","In-Store","Inquiry","Positive"
"1610","291","""2026-03-21""","Phone","Inquiry","Neutral"
"1611","907","""2025-01-17""","Email","Feedback","Positive"
"1612","584","""2024-11-25""","Phone","Account Update","Positive"
"1613","58","""2025-03-28""","In-Store","Inquiry","Negative"
"1614","270","""2025-07-23""","App","Feedback","Positive"
"1615","465","""2025-10-15""","In-Store","Feedback","Positive"
"1616","100","""2025-06-26""","Phone","Purchase Consultation","Negative"
"1617","315","""2024-12-28""","In-Store","Support","Positive"
"1618","598","""2026-08-21""","Chat","Account Update","Positive"
"1619","162","""2025-09-25""","In-Store","Support","Neutral"
"1620","250","""2025-05-05""","In-Store","Feedback","Positive"
"1621","594","""2026-02-12""","Social Media","Inquiry","Neutral"
"1622","251","""2026-08-26""","Social Media","Inquiry","Positive"
"1623","669","""2025-03-11""","Chat","Purchase Consultation","Neutral"
"1624","9","""2024-11-18""","App","Account Update","Neutral"
"1625","175","""2025-01-01""","App","Feedback","Neutral"
"1626","61","""2025-03-24""","Chat","Inquiry","Negative"
"1627","614","""2025-09-22""","App","Purchase Consultation","Neutral"
"1628","184","""2026-03-17""","Phone","Feedback","Negative"
"1629","429","""2026-05-20""","In-Store","Feedback","Positive"
"1630","59","""2025-08-24""","In-Store","Support","Negative"
"1631","83","""2026-01-18""","App","Inquiry","Negative"
"1632","943","""2026-06-01""","Chat","Feedback","Positive"
"1633","348","""2024-10-12""","In-Store","Account Update","Positive"
"1634","10","""2026-07-14""","In-Store","Feedback","Negative"
"1635","28","""2025-06-26""","Email","Inquiry","Positive"
"1636","323","""2025-10-30""","In-Store","Feedback","Positive"
"1637","148","""2024-12-17""","Social Media","Account Update","Neutral"
"1638","184","""2025-04-30""","Email","Account Update","Neutral"
"1639","500","""2026-08-27""","App","Support","Neutral"
"1640","728","""2026-07-01""","In-Store","Purchase Consultation","Neutral"
"1641","343","""2026-01-06""","Phone","Purchase Consultation","Neutral"
"1642","117","""2025-01-07""","Social Media","Feedback","Negative"
"1643","45","""2025-03-15""","App","Feedback","Positive"
"1644","124","""2026-06-19""","In-Store","Account Update","Neutral"
"1645","99","""2025-01-21""","App","Account Update","Negative"
"1646","479","""2025-10-22""","Email","Inquiry","Neutral"
"1647","66","""2025-05-24""","Phone","Inquiry","Negative"
"1648","390","""2024-10-30""","Social Media","Support","Positive"
"1649","325","""2026-07-08""","Social Media","Feedback","Positive"
"1650","920","""2026-04-30""","In-Store","Purchase Consultation","Negative"
"1651","94","""2026-05-23""","Email","Account Update","Negative"
"1652","131","""2025-01-24""","App","Inquiry","Neutral"
"1653","893","""2026-03-14""","In-Store","Inquiry","Negative"
"1654","380","""2026-07-27""","In-Store","Account Update","Positive"
"1655","476","""2025-07-27""","App","Purchase Consultation","Positive"
"1656","95","""2026-06-16""","In-Store","Support","Negative"
"1657","70","""2025-01-27""","Phone","Account Update","Positive"
"1658","911","""2026-03-16""","Social Media","Purchase Consultation","Negative"
"1659","728","""2025-06-17""","Phone","Account Update","Neutral"
"1660","458","""2025-12-22""","Email","Support","Positive"
"1661","622","""2026-06-05""","In-Store","Purchase Consultation","Neutral"
"1662","546","""2026-03-12""","Phone","Inquiry","Negative"
"1663","751","""2026-07-10""","App","Purchase Consultation","Neutral"
"1664","773","""2026-06-18""","Chat","Inquiry","Neutral"
"1665","755","""2026-08-13""","App","Feedback","Positive"
"1666","310","""2024-12-25""","Social Media","Account Update","Positive"
"1667","893","""2025-06-20""","Phone","Support","Positive"
"1668","44","""2026-05-27""","Chat","Support","Negative"
"1669","106","""2025-07-09""","Chat","Feedback","Negative"
"1670","30","""2025-07-16""","In-Store","Purchase Consultation","Positive"
"1671","77","""2025-11-26""","Phone","Inquiry","Positive"
"1672","165","""2025-06-09""","App","Purchase Consultation","Negative"
"1673","526","""2025-07-17""","Social Media","Account Update","Negative"
"1674","170","""2025-05-08""","App","Support","Positive"
"1675","119","""2025-07-21""","Chat","Feedback","Positive"
"1676","100","""2026-03-18""","In-Store","Inquiry","Negative"
"1677","207","""2026-09-12""","Phone","Support","Neutral"
"1678","379","""2025-12-27""","In-Store","Inquiry","Positive"
"1679","65","""2025-04-22""","Social Media","Account Update","Neutral"
"1680","68","""2026-05-04""","In-Store","Account Update","Neutral"
"1681","124","""2025-01-11""","In-Store","Inquiry","Negative"
"1682","245","""2026-06-08""","Chat","Inquiry","Positive"
"1683","769","""2025-05-28""","Phone","Account Update","Neutral"
"1684","120","""2025-08-22""","Chat","Inquiry","Neutral"
"1685","256","""2025-05-28""","In-Store","Purchase Consultation","Positive"
"1686","2","""2024-10-29""","App","Purchase Consultation","Neutral"
"1687","19","""2025-07-29""","Email","Support","Neutral"
"1688","426","""2025-06-15""","In-Store","Inquiry","Neutral"
"1689","5","""2026-04-12""","App","Account Update","Neutral"
"1690","910","""2024-12-15""","Chat","Purchase Consultation","Negative"
"1691","123","""2024-11-04""","Chat","Purchase Consultation","Neutral"
"1692","440","""2025-02-14""","App","Support","Neutral"
"1693","55","""2025-11-14""","Email","Feedback","Positive"
"1694","318","""2026-05-28""","Social Media","Support","Positive"
"1695","35","""2026-08-21""","Social Media","Account Update","Neutral"
"1696","617","""2026-01-21""","Chat","Purchase Consultation","Neutral"
"1697","32","""2024-10-29""","Email","Purchase Consultation","Positive"
"1698","315","""2024-12-17""","Email","Feedback","Positive"
"1699","617","""2025-08-05""","App","Feedback","Neutral"
"1700","844","""2026-09-20""","App","Inquiry","Neutral"
"1701","257","""2025-11-25""","Chat","Feedback","Positive"
"1702","348","""2024-12-04""","Social Media","Support","Neutral"
"1703","817","""2025-07-07""","Phone","Support","Positive"
"1704","694","""2026-08-23""","App","Account Update","Negative"
"1705","67","""2026-08-23""","App","Account Update","Negative"
"1706","31","""2025-02-11""","App","Feedback","Negative"
"1707","8","""2025-11-21""","Phone","Purchase Consultation","Negative"
"1708","74","""2026-07-19""","Email","Inquiry","Neutral"
"1709","131","""2026-01-12""","Social Media","Purchase Consultation","Neutral"
"1710","406","""2025-07-22""","Phone","Purchase Consultation","Positive"
"1711","85","""2025-10-25""","Phone","Support","Neutral"
"1712","286","""2026-04-27""","Phone","Purchase Consultation","Positive"
"1713","173","""2025-07-21""","Social Media","Inquiry","Positive"
"1714","490","""2025-08-15""","In-Store","Feedback","Positive"
"1715","149","""2026-06-17""","Email","Support","Neutral"
"1716","168","""2024-11-30""","In-Store","Support","Negative"
"1717","295","""2026-09-13""","Phone","Inquiry","Positive"
"1718","153","""2025-11-12""","App","Support","Neutral"
"1719","456","""2025-04-18""","Chat","Feedback","Positive"
"1720","423","""2025-01-01""","Social Media","Inquiry","Positive"
"1721","221","""2026-06-14""","Email","Purchase Consultation","Neutral"
"1722","445","""2024-11-17""","Social Media","Feedback","Neutral"
"1723","101","""2025-12-24""","In-Store","Feedback","Neutral"
"1724","358","""2024-09-28""","Social Media","Purchase Consultation","Positive"
"1725","174","""2026-03-02""","Email","Inquiry","Positive"
"1726","567","""2026-06-18""","Phone","Inquiry","Positive"
"1727","847","""2025-11-22""","Social Media","Account Update","Positive"
"1728","629","""2026-03-25""","Phone","Purchase Consultation","Neutral"
"1729","858","""2025-09-20""","Phone","Feedback","Positive"
"1730","237","""2026-07-11""","Email","Support","Neutral"
"1731","355","""2025-06-29""","In-Store","Inquiry","Positive"
"1732","29","""2025-02-22""","Social Media","Account Update","Negative"
"1733","46","""2025-02-28""","Email","Account Update","Positive"
"1734","825","""2025-05-09""","Chat","Feedback","Neutral"
"1735","340","""2026-04-15""","Social Media","Feedback","Neutral"
"1736","58","""2026-05-10""","Email","Support","Neutral"
"1737","417","""2026-09-22""","In-Store","Account Update","Neutral"
"1738","175","""2024-12-07""","Chat","Support","Negative"
"1739","408","""2025-11-26""","App","Account Update","Positive"
"1740","7","""2025-01-08""","In-Store","Feedback","Negative"
"1741","227","""2025-12-06""","Chat","Inquiry","Positive"
"1742","522","""2024-11-26""","Email","Inquiry","Negative"
"1743","159","""2024-09-29""","Chat","Support","Neutral"
"1744","999","""2025-03-12""","Social Media","Inquiry","Positive"
"1745","99","""2024-10-24""","Social Media","Feedback","Positive"
"1746","55","""2025-03-21""","Chat","Feedback","Negative"
"1747","103","""2026-04-08""","Chat","Feedback","Neutral"
"1748","300","""2025-05-26""","Email","Purchase Consultation","Positive"
"1749","123","""2026-05-24""","Chat","Support","Positive"
"1750","180","""2025-11-09""","App","Account Update","Negative"
"1751","743","""2026-07-30""","Social Media","Inquiry","Neutral"
"1752","281","""2025-09-27""","Social Media","Support","Positive"
"1753","71","""2026-03-20""","Social Media","Feedback","Positive"
"1754","255","""2025-07-07""","App","Support","Positive"
"1755","840","""2025-06-23""","App","Support","Neutral"
"1756","406","""2025-06-20""","Phone","Purchase Consultation","Positive"
"1757","121","""2026-02-06""","Email","Account Update","Negative"
"1758","199","""2026-01-23""","App","Account Update","Negative"
"1759","854","""2026-01-06""","App","Support","Neutral"
"1760","78","""2025-12-06""","App","Inquiry","Neutral"
"1761","101","""2026-01-18""","App","Account Update","Negative"
"1762","451","""2025-07-08""","Email","Account Update","Positive"
"1763","62","""2025-07-01""","Phone","Feedback","Positive"
"1764","542","""2025-02-08""","Social Media","Inquiry","Negative"
"1765","433","""2026-03-13""","Chat","Support","Positive"
"1766","337","""2025-04-26""","Chat","Feedback","Positive"
"1767","438","""2025-06-11""","Phone","Support","Neutral"
"1768","693","""2025-01-12""","App","Purchase Consultation","Negative"
"1769","15","""2024-11-28""","In-Store","Support","Positive"
"1770","283","""2025-05-01""","In-Store","Inquiry","Positive"
"1771","427","""2026-08-29""","App","Support","Positive"
"1772","232","""2026-04-17""","Phone","Support","Positive"
"1773","426","""2025-09-13""","Social Media","Inquiry","Positive"
"1774","570","""2025-07-19""","Email","Inquiry","Neutral"
"1775","477","""2026-02-28""","Phone","Account Update","Positive"
"1776","480","""2026-07-25""","Chat","Feedback","Positive"
"1777","389","""2025-03-09""","App","Inquiry","Positive"
"1778","842","""2024-10-26""","Chat","Account Update","Neutral"
"1779","103","""2026-04-27""","Social Media","Account Update","Negative"
"1780","17","""2024-10-08""","Email","Support","Neutral"
"1781","870","""2025-07-27""","In-Store","Feedback","Neutral"
"1782","375","""2024-12-12""","Phone","Support","Positive"
"1783","312","""2025-10-09""","Phone","Purchase Consultation","Positive"
"1784","32","""2024-10-01""","Chat","Purchase Consultation","Negative"
"1785","740","""2025-03-07""","Social Media","Inquiry","Neutral"
"1786","943","""2025-08-18""","Social Media","Account Update","Negative"
"1787","457","""2025-07-14""","Phone","Purchase Consultation","Positive"
"1788","73","""2024-09-28""","App","Account Update","Negative"
"1789","714","""2026-02-02""","App","Inquiry","Negative"
"1790","649","""2026-06-02""","In-Store","Account Update","Neutral"
"1791","764","""2025-08-03""","App","Feedback","Negative"
"1792","19","""2026-06-22""","In-Store","Inquiry","Negative"
"1793","12","""2026-03-23""","In-Store","Account Update","Negative"
"1794","214","""2026-06-23""","Email","Purchase Consultation","Positive"
"1795","457","""2025-03-04""","App","Purchase Consultation","Positive"
"1796","6","""2026-04-17""","Chat","Inquiry","Neutral"
"1797","388","""2025-03-22""","Social Media","Support","Positive"
"1798","77","""2025-01-09""","Phone","Account Update","Negative"
"1799","158","""2026-01-05""","Social Media","Purchase Consultation","Neutral"
"1800","71","""2025-10-23""","Phone","Account Update","Negative"
"1801","45","""2025-08-03""","In-Store","Support","Negative"
"1802","265","""2026-03-02""","In-Store","Feedback","Neutral"
"1803","50","""2025-04-20""","In-Store","Support","Positive"
"1804","663","""2026-01-11""","Social Media","Account Update","Positive"
"1805","128","""2025-03-08""","Chat","Purchase Consultation","Neutral"
"1806","118","""2025-07-12""","App","Inquiry","Negative"
"1807","805","""2025-04-03""","Chat","Support","Positive"
"1808","342","""2026-02-13""","Chat","Inquiry","Positive"
"1809","254","""2025-07-31""","App","Purchase Consultation","Neutral"
"1810","879","""2025-12-08""","Email","Support","Positive"
"1811","393","""2025-01-26""","Social Media","Feedback","Positive"
"1812","356","""2026-04-19""","App","Inquiry","Positive"
"1813","503","""2025-09-13""","In-Store","Support","Neutral"
"1814","99","""2026-06-16""","Social Media","Support","Neutral"
"1815","202","""2025-09-29""","Chat","Inquiry","Neutral"
"1816","58","""2026-08-05""","In-Store","Support","Neutral"
"1817","280","""2026-09-16""","Phone","Purchase Consultation","Positive"
"1818","120","""2025-12-20""","App","Support","Neutral"
"1819","384","""2025-07-13""","App","Feedback","Positive"
"1820","126","""2025-09-06""","Email","Support","Neutral"
"1821","107","""2026-07-27""","App","Account Update","Neutral"
"1822","27","""2026-07-31""","App","Purchase Consultation","Negative"
"1823","836","""2026-09-08""","Phone","Support","Neutral"
"1824","8","""2026-05-09""","Chat","Purchase Consultation","Neutral"
"1825","72","""2024-12-19""","Email","Purchase Consultation","Neutral"
"1826","203","""2024-10-18""","Email","Account Update","Positive"
"1827","293","""2025-11-16""","Social Media","Purchase Consultation","Positive"
"1828","822","""2026-05-13""","Phone","Account Update","Neutral"
"1829","334","""2026-06-23""","App","Feedback","Positive"
"1830","305","""2025-11-29""","App","Purchase Consultation","Positive"
"1831","423","""2025-06-24""","Email","Feedback","Positive"
"1832","367","""2026-05-01""","App","Inquiry","Positive"
"1833","542","""2025-05-07""","Email","Inquiry","Positive"
"1834","136","""2024-10-16""","Social Media","Purchase Consultation","Neutral"
"1835","475","""2025-06-30""","Chat","Feedback","Neutral"
"1836","171","""2026-07-16""","App","Account Update","Negative"
"1837","106","""2024-12-18""","App","Feedback","Neutral"
"1838","213","""2025-07-17""","Chat","Account Update","Neutral"
"1839","861","""2025-05-20""","Phone","Purchase Consultation","Positive"
"1840","248","""2026-06-22""","Social Media","Inquiry","Positive"
"1841","47","""2025-03-20""","Social Media","Feedback","Positive"
"1842","177","""2025-03-24""","Phone","Feedback","Negative"
"1843","4","""2024-11-18""","Chat","Support","Neutral"
"1844","262","""2025-12-01""","Social Media","Purchase Consultation","Positive"
"1845","317","""2026-04-20""","In-Store","Feedback","Positive"
"1846","423","""2024-10-01""","Chat","Purchase Consultation","Neutral"
"1847","896","""2024-11-12""","Chat","Account Update","Neutral"
"1848","365","""2026-02-27""","App","Account Update","Positive"
"1849","84","""2026-08-26""","App","Account Update","Negative"
"1850","317","""2026-09-18""","Email","Purchase Consultation","Positive"
"1851","544","""2026-01-04""","Phone","Account Update","Neutral"
"1852","515","""2025-07-07""","In-Store","Support","Neutral"
"1853","478","""2024-12-13""","In-Store","Purchase Consultation","Positive"
"1854","146","""2024-12-15""","Phone","Account Update","Neutral"
"1855","138","""2025-07-19""","In-Store","Feedback","Positive"
"1856","49","""2026-04-10""","Email","Inquiry","Negative"
"1857","492","""2026-03-01""","App","Account Update","Positive"
"1858","92","""2025-01-30""","App","Support","Negative"
"1859","254","""2026-08-31""","Phone","Purchase Consultation","Positive"
"1860","28","""2026-07-08""","App","Support","Negative"
"1861","108","""2024-11-01""","In-Store","Feedback","Neutral"
"1862","524","""2025-07-30""","Chat","Feedback","Negative"
"1863","585","""2026-09-09""","Social Media","Support","Neutral"
"1864","16","""2026-06-02""","App","Account Update","Positive"
"1865","589","""2025-08-30""","Chat","Account Update","Negative"
"1866","972","""2024-12-07""","In-Store","Support","Neutral"
"1867","17","""2025-09-22""","Social Media","Inquiry","Negative"
"1868","425","""2025-05-22""","Chat","Support","Neutral"
"1869","942","""2026-02-16""","App","Purchase Consultation","Positive"
"1870","902","""2025-02-27""","In-Store","Feedback","Negative"
"1871","309","""2026-04-16""","Email","Feedback","Positive"
"1872","36","""2025-02-14""","Email","Purchase Consultation","Neutral"
"1873","241","""2025-12-31""","In-Store","Feedback","Neutral"
"1874","121","""2024-11-15""","In-Store","Purchase Consultation","Neutral"
"1875","113","""2026-03-02""","Phone","Support","Positive"
"1876","405","""2025-04-14""","Phone","Account Update","Positive"
"1877","5","""2026-05-20""","In-Store","Account Update","Negative"
"1878","161","""2026-07-22""","App","Account Update","Neutral"
"1879","744","""2025-07-06""","Email","Inquiry","Positive"
"1880","174","""2026-04-07""","App","Purchase Consultation","Neutral"
"1881","76","""2026-09-19""","Phone","Support","Negative"
"1882","344","""2025-01-04""","Email","Purchase Consultation","Neutral"
"1883","73","""2025-10-13""","In-Store","Support","Neutral"
"1884","744","""2025-08-09""","App","Account Update","Neutral"
"1885","36","""2025-11-28""","In-Store","Purchase Consultation","Positive"
"1886","172","""2026-06-10""","Chat","Account Update","Neutral"
"1887","461","""2025-06-19""","Email","Feedback","Neutral"
"1888","31","""2026-06-13""","In-Store","Account Update","Negative"
"1889","602","""2024-12-28""","Phone","Account Update","Neutral"
"1890","80","""2026-01-02""","App","Feedback","Positive"
"1891","867","""2025-05-26""","Social Media","Account Update","Neutral"
"1892","81","""2026-05-04""","Email","Account Update","Neutral"
"1893","359","""2026-02-12""","Phone","Feedback","Positive"
"1894","59","""2025-03-22""","Social Media","Inquiry","Negative"
"1895","21","""2024-10-25""","App","Feedback","Negative"
"1896","159","""2025-11-23""","Chat","Account Update","Positive"
"1897","101","""2025-09-30""","Email","Support","Positive"
"1898","955","""2026-01-02""","In-Store","Account Update","Negative"
"1899","454","""2026-01-15""","Email","Purchase Consultation","Positive"
"1900","267","""2026-02-02""","In-Store","Support","Positive"
"1901","327","""2024-10-05""","Chat","Inquiry","Positive"
"1902","431","""2025-01-29""","Social Media","Inquiry","Neutral"
"1903","138","""2025-06-28""","Social Media","Account Update","Neutral"
"1904","436","""2026-01-07""","Phone","Inquiry","Positive"
"1905","109","""2025-08-10""","Phone","Inquiry","Neutral"
"1906","167","""2024-11-22""","In-Store","Feedback","Neutral"
"1907","149","""2024-11-14""","In-Store","Account Update","Negative"
"1908","575","""2026-03-17""","Social Media","Account Update","Neutral"
"1909","56","""2026-09-03""","App","Support","Positive"
"1910","246","""2024-12-22""","App","Support","Neutral"
"1911","871","""2025-10-04""","In-Store","Purchase Consultation","Neutral"
"1912","880","""2024-11-23""","Chat","Feedback","Neutral"
"1913","9","""2025-09-10""","Social Media","Purchase Consultation","Positive"
"1914","465","""2026-06-28""","App","Account Update","Positive"
"1915","873","""2024-10-26""","App","Feedback","Neutral"
"1916","404","""2025-03-23""","Email","Purchase Consultation","Positive"
"1917","12","""2025-07-09""","Phone","Inquiry","Negative"
"1918","94","""2025-04-05""","App","Account Update","Neutral"
"1919","957","""2025-11-06""","Email","Inquiry","Neutral"
"1920","394","""2025-08-28""","Phone","Account Update","Positive"
"1921","56","""2025-11-02""","Email","Support","Negative"
"1922","470","""2025-12-12""","Email","Inquiry","Neutral"
"1923","119","""2025-03-14""","Social Media","Inquiry","Neutral"
"1924","286","""2024-10-03""","App","Inquiry","Neutral"
"1925","574","""2026-08-10""","Phone","Support","Neutral"
"1926","308","""2025-10-05""","Email","Purchase Consultation","Positive"
"1927","630","""2025-01-24""","Social Media","Feedback","Positive"
"1928","34","""2025-03-12""","Phone","Inquiry","Positive"
"1929","467","""2026-02-18""","In-Store","Account Update","Positive"
"1930","129","""2024-11-26""","Social Media","Feedback","Neutral"
"1931","904","""2026-08-14""","App","Support","Neutral"
"1932","21","""2024-11-24""","App","Feedback","Neutral"
"1933","199","""2025-08-10""","App","Purchase Consultation","Neutral"
"1934","179","""2025-07-24""","Phone","Account Update","Positive"
"1935","74","""2026-09-16""","Social Media","Purchase Consultation","Negative"
"1936","124","""2024-11-01""","In-Store","Account Update","Negative"
"1937","265","""2025-08-27""","App","Feedback","Positive"
"1938","71","""2025-10-12""","Social Media","Account Update","Negative"
"1939","238","""2025-11-06""","Email","Account Update","Positive"
"1940","729","""2025-03-08""","Social Media","Purchase Consultation","Neutral"
"1941","394","""2026-02-10""","Chat","Account Update","Positive"
"1942","54","""2026-01-27""","Phone","Feedback","Negative"
"1943","771","""2026-01-17""","App","Inquiry","Positive"
"1944","53","""2026-07-26""","In-Store","Inquiry","Negative"
"1945","629","""2024-11-08""","Email","Inquiry","Negative"
"1946","448","""2025-10-11""","In-Store","Support","Positive"
"1947","714","""2026-08-09""","Chat","Account Update","Neutral"
"1948","280","""2025-08-27""","Chat","Purchase Consultation","Positive"
"1949","138","""2025-09-22""","Email","Account Update","Positive"
"1950","184","""2025-06-08""","Social Media","Purchase Consultation","Negative"
"1951","375","""2025-12-27""","App","Account Update","Positive"
"1952","920","""2026-03-26""","Phone","Account Update","Neutral"
"1953","106","""2025-06-09""","Social Media","Feedback","Neutral"
"1954","892","""2026-03-15""","Chat","Purchase Consultation","Negative"
"1955","484","""2024-12-13""","Chat","Inquiry","Positive"
"1956","349","""2025-04-02""","In-Store","Inquiry","Positive"
"1957","965","""2025-11-28""","In-Store","Account Update","Positive"
"1958","621","""2025-07-26""","Email","Purchase Consultation","Negative"
"1959","307","""2026-02-28""","Phone","Account Update","Positive"
"1960","817","""2025-09-22""","In-Store","Purchase Consultation","Neutral"
"1961","431","""2025-05-11""","Chat","Inquiry","Positive"
"1962","568","""2026-02-05""","In-Store","Purchase Consultation","Neutral"
"1963","441","""2026-07-11""","Phone","Purchase Consultation","Positive"
"1964","243","""2024-11-07""","Phone","Account Update","Neutral"
"1965","838","""2026-02-02""","Social Media","Account Update","Negative"
"1966","188","""2024-12-18""","In-Store","Inquiry","Neutral"
"1967","77","""2025-07-25""","Chat","Inquiry","Negative"
"1968","254","""2025-12-01""","Phone","Inquiry","Positive"
"1969","369","""2025-09-08""","Social Media","Account Update","Positive"
"1970","719","""2026-05-08""","Phone","Support","Negative"
"1971","564","""2025-04-03""","Chat","Inquiry","Positive"
"1972","793","""2024-12-12""","Email","Account Update","Neutral"
"1973","10","""2026-07-24""","Social Media","Support","Negative"
"1974","339","""2025-06-14""","Chat","Feedback","Positive"
"1975","109","""2026-06-24""","Phone","Account Update","Negative"
"1976","379","""2025-08-10""","Phone","Purchase Consultation","Positive"
"1977","42","""2025-08-09""","Email","Inquiry","Negative"
"1978","324","""2026-05-08""","Chat","Inquiry","Positive"
"1979","334","""2025-12-18""","Email","Support","Positive"
"1980","217","""2026-06-03""","Social Media","Purchase Consultation","Positive"
"1981","746","""2026-01-23""","Chat","Account Update","Neutral"
"1982","8","""2025-03-05""","Chat","Purchase Consultation","Positive"
"1983","136","""2025-04-12""","Chat","Purchase Consultation","Positive"
"1984","78","""2026-07-28""","Social Media","Inquiry","Positive"
"1985","195","""2026-08-31""","Social Media","Support","Neutral"
"1986","303","""2024-11-03""","Social Media","Support","Positive"
"1987","80","""2026-07-11""","Email","Account Update","Neutral"
"1988","334","""2026-07-29""","Social Media","Account Update","Positive"
"1989","329","""2025-09-03""","Phone","Purchase Consultation","Positive"
"1990","49","""2025-05-10""","Chat","Inquiry","Neutral"
"1991","182","""2026-03-31""","App","Inquiry","Neutral"
"1992","455","""2025-02-27""","Social Media","Support","Neutral"
"1993","484","""2024-11-05""","Social Media","Support","Neutral"
"1994","475","""2025-06-11""","Chat","Account Update","Positive"
"1995","166","""2026-08-26""","Chat","Inquiry","Neutral"
"1996","40","""2024-12-05""","Chat","Purchase Consultation","Negative"
"1997","399","""2025-05-18""","Social Media","Inquiry","Positive"
"1998","15","""2025-06-03""","App","Inquiry","Neutral"
"1999","464","""2026-05-18""","Email","Support","Positive"
"2000","122","""2025-04-11""","App","Account Update","Neutral"
"2001","44","""2026-04-14""","Chat","Support","Neutral"
"2002","447","""2024-12-28""","App","Purchase Consultation","Positive"
"2003","118","""2026-09-07""","App","Account Update","Neutral"
"2004","291","""2026-08-22""","App","Inquiry","Positive"
"2005","446","""2025-06-24""","Social Media","Inquiry","Positive"
"2006","399","""2024-12-05""","In-Store","Feedback","Positive"
"2007","767","""2024-12-16""","Chat","Purchase Consultation","Negative"
"2008","413","""2025-12-30""","Social Media","Purchase Consultation","Positive"
"2009","1","""2025-05-22""","App","Purchase Consultation","Neutral"
"2010","220","""2026-04-08""","Email","Purchase Consultation","Positive"
"2011","177","""2026-02-27""","In-Store","Purchase Consultation","Neutral"
"2012","947","""2026-07-28""","Chat","Feedback","Neutral"
"2013","353","""2025-01-20""","App","Account Update","Positive"
"2014","240","""2026-04-22""","Email","Feedback","Positive"
"2015","187","""2024-11-21""","In-Store","Support","Neutral"
"2016","147","""2024-12-02""","Phone","Support","Positive"
"2017","214","""2026-09-03""","Chat","Support","Positive"
"2018","214","""2026-06-06""","Chat","Inquiry","Positive"
"2019","826","""2026-07-10""","App","Purchase Consultation","Positive"
"2020","397","""2026-08-15""","Chat","Account Update","Positive"
"2021","43","""2025-07-17""","App","Feedback","Neutral"
"2022","706","""2026-01-12""","Email","Feedback","Negative"
"2023","170","""2025-06-21""","Chat","Account Update","Neutral"
"2024","356","""2025-08-26""","Social Media","Inquiry","Neutral"
"2025","40","""2026-02-06""","App","Feedback","Negative"
"2026","64","""2025-08-17""","Social Media","Purchase Consultation","Negative"
"2027","811","""2025-01-03""","Social Media","Account Update","Neutral"
"2028","857","""2025-10-20""","Email","Inquiry","Positive"
"2029","355","""2026-06-15""","Chat","Account Update","Positive"
"2030","87","""2025-03-13""","Social Media","Feedback","Positive"
"2031","233","""2026-07-26""","App","Support","Neutral"
"2032","153","""2026-09-08""","App","Inquiry","Negative"
"2033","312","""2024-09-25""","In-Store","Purchase Consultation","Positive"
"2034","486","""2025-12-09""","Chat","Feedback","Positive"
"2035","180","""2026-04-14""","Email","Account Update","Neutral"
"2036","836","""2024-12-29""","In-Store","Inquiry","Positive"
"2037","125","""2025-07-23""","App","Inquiry","Neutral"
"2038","295","""2025-06-29""","Phone","Account Update","Positive"
"2039","150","""2025-11-08""","App","Purchase Consultation","Negative"
"2040","420","""2026-02-17""","Email","Account Update","Positive"
"2041","231","""2026-05-15""","Email","Purchase Consultation","Positive"
"2042","85","""2025-01-14""","Phone","Account Update","Positive"
"2043","137","""2025-06-29""","Social Media","Feedback","Neutral"
"2044","61","""2026-01-20""","Email","Purchase Consultation","Neutral"
"2045","319","""2026-02-12""","Social Media","Inquiry","Positive"
"2046","448","""2026-09-17""","App","Feedback","Positive"
"2047","865","""2024-10-24""","Social Media","Purchase Consultation","Neutral"
"2048","146","""2025-11-24""","Email","Support","Positive"
"2049","502","""2025-01-17""","Chat","Account Update","Neutral"
"2050","30","""2026-02-12""","App","Inquiry","Negative"
"2051","45","""2025-04-19""","Chat","Purchase Consultation","Positive"
"2052","365","""2026-09-14""","App","Purchase Consultation","Positive"
"2053","256","""2025-01-16""","In-Store","Purchase Consultation","Positive"
"2054","168","""2025-12-05""","Email","Account Update","Neutral"
"2055","155","""2025-03-08""","App","Account Update","Positive"
"2056","975","""2026-02-26""","In-Store","Purchase Consultation","Negative"
"2057","237","""2024-09-29""","Phone","Account Update","Positive"
"2058","108","""2025-09-29""","Phone","Purchase Consultation","Neutral"
"2059","278","""2024-12-21""","In-Store","Support","Positive"
"2060","785","""2026-01-26""","App","Inquiry","Positive"
"2061","433","""2026-09-15""","Phone","Support","Positive"
"2062","12","""2025-12-22""","Email","Purchase Consultation","Neutral"
"2063","66","""2025-05-01""","Social Media","Purchase Consultation","Negative"
"2064","17","""2025-05-13""","App","Purchase Consultation","Negative"
"2065","18","""2025-04-25""","Social Media","Support","Negative"
"2066","80","""2025-03-03""","App","Account Update","Negative"
"2067","354","""2026-08-24""","Social Media","Account Update","Neutral"
"2068","37","""2025-12-05""","Social Media","Inquiry","Negative"
"2069","840","""2026-04-28""","Chat","Purchase Consultation","Positive"
"2070","150","""2026-03-14""","In-Store","Account Update","Negative"
"2071","351","""2025-03-15""","In-Store","Support","Neutral"
"2072","64","""2026-06-04""","Email","Purchase Consultation","Negative"
"2073","625","""2025-07-10""","In-Store","Feedback","Neutral"
"2074","57","""2024-12-19""","Email","Account Update","Negative"
"2075","51","""2025-09-11""","Phone","Support","Negative"
"2076","316","""2024-11-04""","App","Support","Positive"
"2077","91","""2024-12-12""","Email","Inquiry","Neutral"
"2078","241","""2026-09-11""","App","Purchase Consultation","Positive"
"2079","299","""2025-06-06""","App","Support","Positive"
"2080","482","""2024-12-21""","In-Store","Account Update","Positive"
"2081","486","""2025-08-16""","Social Media","Support","Positive"
"2082","240","""2025-12-30""","Email","Account Update","Positive"
"2083","847","""2026-05-30""","Phone","Purchase Consultation","Negative"
"2084","880","""2025-06-11""","Email","Support","Neutral"
"2085","23","""2026-03-27""","Phone","Feedback","Neutral"
"2086","756","""2025-02-09""","In-Store","Purchase Consultation","Positive"
"2087","484","""2025-12-21""","Email","Purchase Consultation","Positive"
"2088","640","""2025-05-27""","Email","Feedback","Neutral"
"2089","52","""2024-10-02""","Phone","Purchase Consultation","Negative"
"2090","416","""2026-02-20""","Phone","Purchase Consultation","Positive"
"2091","184","""2026-03-02""","In-Store","Inquiry","Neutral"
"2092","62","""2026-06-02""","App","Inquiry","Negative"
"2093","559","""2026-01-06""","Email","Purchase Consultation","Negative"
"2094","85","""2024-11-24""","Email","Inquiry","Neutral"
"2095","132","""2025-03-24""","Chat","Inquiry","Positive"
"2096","455","""2026-05-25""","Chat","Account Update","Positive"
"2097","220","""2025-02-14""","Social Media","Inquiry","Positive"
"2098","189","""2026-04-29""","Email","Feedback","Neutral"
"2099","84","""2025-11-16""","In-Store","Purchase Consultation","Neutral"
"2100","30","""2025-11-20""","Email","Feedback","Negative"
"2101","423","""2025-03-14""","Social Media","Feedback","Neutral"
"2102","33","""2025-11-25""","Phone","Purchase Consultation","Negative"
"2103","196","""2025-09-12""","In-Store","Account Update","Negative"
"2104","81","""2025-09-24""","App","Account Update","Positive"
"2105","32","""2025-03-16""","Chat","Account Update","Neutral"
"2106","415","""2026-05-18""","App","Support","Positive"
"2107","167","""2025-08-15""","Email","Inquiry","Positive"
"2108","892","""2026-06-14""","Social Media","Inquiry","Neutral"
"2109","274","""2026-05-07""","Phone","Feedback","Positive"
"2110","107","""2025-05-19""","Email","Feedback","Positive"
"2111","478","""2025-04-16""","Social Media","Purchase Consultation","Positive"
"2112","292","""2026-05-14""","In-Store","Support","Positive"
"2113","409","""2026-03-23""","Social Media","Account Update","Positive"
"2114","673","""2026-08-31""","Social Media","Support","Neutral"
"2115","95","""2025-09-13""","Chat","Purchase Consultation","Neutral"
"2116","983","""2025-10-22""","Social Media","Inquiry","Positive"
"2117","72","""2026-03-03""","Social Media","Support","Neutral"
"2118","248","""2026-03-28""","Chat","Support","Neutral"
"2119","85","""2025-01-19""","Social Media","Account Update","Negative"
"2120","187","""2025-08-02""","Email","Inquiry","Negative"
"2121","737","""2026-07-15""","Social Media","Account Update","Neutral"
"2122","91","""2025-07-16""","App","Support","Negative"
"2123","217","""2025-06-14""","Social Media","Account Update","Positive"
"2124","160","""2025-05-29""","In-Store","Purchase Consultation","Positive"
"2125","111","""2025-04-18""","App","Feedback","Negative"
"2126","271","""2025-04-27""","Email","Purchase Consultation","Neutral"
"2127","513","""2025-12-18""","App","Inquiry","Positive"
"2128","27","""2025-12-16""","Social Media","Support","Positive"
"2129","946","""2026-07-15""","In-Store","Feedback","Neutral"
"2130","367","""2026-06-10""","Social Media","Feedback","Positive"
"2131","583","""2025-11-07""","App","Inquiry","Neutral"
"2132","943","""2024-12-05""","App","Account Update","Neutral"
"2133","672","""2025-07-09""","Email","Support","Negative"
"2134","326","""2026-06-20""","Social Media","Inquiry","Positive"
"2135","263","""2025-08-11""","Social Media","Feedback","Positive"
"2136","164","""2025-09-04""","Phone","Feedback","Neutral"
"2137","17","""2026-09-20""","Phone","Feedback","Neutral"
"2138","697","""2025-06-23""","Chat","Inquiry","Negative"
"2139","353","""2025-01-18""","Chat","Account Update","Positive"
"2140","403","""2026-03-19""","App","Inquiry","Positive"
"2141","176","""2026-03-16""","Social Media","Feedback","Positive"
"2142","352","""2025-11-06""","Chat","Inquiry","Positive"
"2143","153","""2026-02-06""","Email","Support","Neutral"
"2144","357","""2026-05-03""","App","Inquiry","Neutral"
"2145","852","""2024-10-27""","Chat","Account Update","Neutral"
"2146","246","""2025-03-02""","App","Inquiry","Positive"
"2147","53","""2025-05-26""","Email","Purchase Consultation","Neutral"
"2148","219","""2025-02-02""","Chat","Account Update","Positive"
"2149","126","""2025-03-08""","In-Store","Inquiry","Negative"
"2150","219","""2025-04-15""","Phone","Feedback","Positive"
"2151","89","""2026-04-05""","In-Store","Purchase Consultation","Neutral"
"2152","473","""2024-11-26""","Chat","Feedback","Neutral"
"2153","265","""2025-09-16""","Chat","Purchase Consultation","Positive"
"2154","494","""2026-07-10""","Phone","Inquiry","Positive"
"2155","52","""2024-10-13""","App","Feedback","Positive"
"2156","355","""2025-07-04""","Social Media","Purchase Consultation","Neutral"
"2157","33","""2024-11-02""","Phone","Inquiry","Neutral"
"2158","238","""2026-09-07""","App","Inquiry","Positive"
"2159","77","""2025-08-09""","Chat","Purchase Consultation","Positive"
"2160","311","""2025-03-14""","App","Feedback","Positive"
"2161","51","""2026-06-25""","Chat","Account Update","Negative"
"2162","459","""2026-01-01""","Phone","Purchase Consultation","Positive"
"2163","474","""2026-05-01""","Chat","Feedback","Positive"
"2164","206","""2026-02-11""","Social Media","Inquiry","Positive"
"2165","402","""2024-12-26""","In-Store","Feedback","Positive"
"2166","49","""2024-11-23""","App","Support","Neutral"
"2167","76","""2025-08-12""","In-Store","Feedback","Negative"
"2168","525","""2025-05-19""","Phone","Purchase Consultation","Negative"
"2169","162","""2024-12-08""","Social Media","Feedback","Neutral"
"2170","595","""2026-03-05""","App","Inquiry","Positive"
"2171","226","""2025-06-18""","Phone","Account Update","Positive"
"2172","205","""2024-11-17""","Email","Feedback","Positive"
"2173","10","""2026-03-16""","Email","Feedback","Positive"
"2174","625","""2026-01-08""","Chat","Purchase Consultation","Neutral"
"2175","701","""2025-01-19""","In-Store","Purchase Consultation","Neutral"
"2176","94","""2025-08-15""","Chat","Support","Negative"
"2177","173","""2025-09-17""","Chat","Feedback","Positive"
"2178","279","""2025-01-27""","Social Media","Support","Positive"
"2179","633","""2025-06-30""","Social Media","Support","Neutral"
"2180","25","""2024-12-14""","Social Media","Support","Positive"
"2181","151","""2025-11-13""","Email","Inquiry","Positive"
"2182","458","""2025-01-03""","In-Store","Support","Positive"
"2183","334","""2026-08-10""","Phone","Purchase Consultation","Positive"
"2184","651","""2024-12-29""","App","Feedback","Negative"
"2185","84","""2025-07-26""","App","Feedback","Positive"
"2186","96","""2025-04-16""","Social Media","Purchase Consultation","Negative"
"2187","528","""2026-02-19""","In-Store","Feedback","Neutral"
"2188","689","""2025-07-30""","Phone","Account Update","Positive"
"2189","174","""2025-08-31""","App","Account Update","Positive"
"2190","29","""2024-10-16""","Social Media","Account Update","Neutral"
"2191","96","""2025-07-27""","App","Feedback","Negative"
"2192","351","""2026-05-30""","Phone","Inquiry","Positive"
"2193","62","""2024-12-21""","Email","Feedback","Negative"
"2194","100","""2025-05-05""","Email","Inquiry","Negative"
"2195","176","""2025-07-02""","Social Media","Account Update","Neutral"
"2196","56","""2025-10-06""","Chat","Inquiry","Negative"
"2197","272","""2024-09-28""","App","Account Update","Positive"
"2198","783","""2025-07-03""","App","Feedback","Neutral"
"2199","144","""2025-03-10""","Chat","Account Update","Neutral"
"2200","768","""2024-11-07""","App","Inquiry","Negative"
"2201","449","""2025-05-13""","Phone","Feedback","Positive"
"2202","210","""2026-03-14""","App","Purchase Consultation","Positive"
"2203","1","""2025-11-28""","App","Feedback","Neutral"
"2204","574","""2025-09-15""","App","Support","Positive"
"2205","815","""2025-01-28""","Phone","Feedback","Positive"
"2206","27","""2025-01-05""","Phone","Account Update","Negative"
"2207","187","""2026-02-01""","Social Media","Support","Neutral"
"2208","279","""2025-10-25""","App","Account Update","Positive"
"2209","74","""2025-11-29""","App","Feedback","Neutral"
"2210","343","""2026-06-05""","Email","Account Update","Positive"
"2211","47","""2025-04-09""","In-Store","Feedback","Neutral"
"2212","145","""2026-06-05""","Social Media","Feedback","Negative"
"2213","954","""2026-07-01""","Phone","Purchase Consultation","Positive"
"2214","118","""2025-02-15""","App","Feedback","Neutral"
"2215","1","""2025-06-08""","In-Store","Feedback","Negative"
"2216","795","""2025-06-27""","Phone","Feedback","Negative"
"2217","307","""2025-02-25""","Social Media","Support","Positive"
"2218","35","""2025-01-22""","Social Media","Account Update","Neutral"
"2219","3","""2026-07-07""","In-Store","Account Update","Negative"
"2220","64","""2025-04-25""","Social Media","Inquiry","Positive"
"2221","186","""2025-06-26""","In-Store","Inquiry","Neutral"
"2222","387","""2026-02-10""","Phone","Feedback","Neutral"
"2223","196","""2025-05-30""","Email","Purchase Consultation","Neutral"
"2224","135","""2026-01-07""","Phone","Feedback","Negative"
"2225","491","""2025-02-02""","In-Store","Inquiry","Positive"
"2226","92","""2025-07-11""","Email","Feedback","Neutral"
"2227","114","""2025-01-24""","In-Store","Feedback","Neutral"
"2228","21","""2026-07-13""","App","Feedback","Negative"
"2229","26","""2026-01-14""","Phone","Feedback","Negative"
"2230","136","""2026-09-12""","Phone","Feedback","Neutral"
"2231","6","""2025-02-01""","Phone","Support","Negative"
"2232","960","""2025-01-15""","Phone","Support","Neutral"
"2233","460","""2025-08-19""","Phone","Account Update","Neutral"
"2234","498","""2025-02-08""","Phone","Account Update","Positive"
"2235","494","""2024-10-02""","App","Purchase Consultation","Neutral"
"2236","81","""2024-12-20""","Chat","Purchase Consultation","Negative"
"2237","906","""2025-09-06""","Social Media","Purchase Consultation","Positive"
"2238","303","""2026-09-09""","In-Store","Feedback","Neutral"
"2239","449","""2026-05-09""","App","Account Update","Positive"
"2240","34","""2025-05-25""","Chat","Account Update","Negative"
"2241","794","""2024-12-09""","Chat","Support","Neutral"
"2242","168","""2026-04-19""","In-Store","Feedback","Neutral"
"2243","95","""2025-02-05""","Phone","Account Update","Negative"
"2244","843","""2025-06-28""","Phone","Purchase Consultation","Positive"
"2245","356","""2026-09-25""","Email","Inquiry","Positive"
"2246","248","""2024-11-25""","App","Account Update","Neutral"
"2247","754","""2025-03-02""","Chat","Purchase Consultation","Neutral"
"2248","793","""2025-02-16""","Chat","Feedback","Negative"
"2249","311","""2026-04-15""","App","Support","Positive"
"2250","717","""2026-07-07""","Phone","Account Update","Negative"
"2251","806","""2024-11-03""","Email","Inquiry","Positive"
"2252","470","""2025-06-09""","Social Media","Account Update","Neutral"
"2253","90","""2025-01-27""","Chat","Purchase Consultation","Negative"
"2254","62","""2025-09-16""","App","Account Update","Negative"
"2255","15","""2026-04-26""","Chat","Purchase Consultation","Negative"
"2256","304","""2025-02-06""","Social Media","Support","Positive"
"2257","191","""2026-02-20""","Email","Purchase Consultation","Neutral"
"2258","590","""2025-01-10""","Chat","Purchase Consultation","Positive"
"2259","123","""2025-02-07""","App","Feedback","Neutral"
"2260","107","""2026-05-30""","Chat","Account Update","Neutral"
"2261","67","""2026-04-24""","In-Store","Support","Neutral"
"2262","47","""2026-08-08""","Chat","Feedback","Negative"
"2263","995","""2025-05-11""","App","Account Update","Negative"
"2264","176","""2024-12-14""","Email","Account Update","Negative"
"2265","85","""2025-04-27""","App","Inquiry","Negative"
"2266","904","""2026-08-16""","App","Support","Negative"
"2267","107","""2024-12-21""","Social Media","Feedback","Negative"
"2268","318","""2026-06-25""","App","Purchase Consultation","Positive"
"2269","349","""2026-08-03""","Social Media","Feedback","Positive"
"2270","131","""2025-11-25""","Phone","Account Update","Neutral"
"2271","176","""2025-10-08""","Chat","Feedback","Neutral"
"2272","123","""2026-09-03""","Social Media","Account Update","Neutral"
"2273","981","""2025-12-16""","Social Media","Inquiry","Negative"
"2274","3","""2026-05-13""","Phone","Inquiry","Negative"
"2275","656","""2026-02-21""","Social Media","Support","Positive"
"2276","186","""2024-10-07""","Email","Purchase Consultation","Positive"
"2277","151","""2025-10-26""","Email","Support","Negative"
"2278","174","""2025-10-29""","Phone","Inquiry","Neutral"
"2279","484","""2025-05-27""","In-Store","Account Update","Neutral"
"2280","41","""2026-03-15""","Phone","Purchase Consultation","Negative"
"2281","14","""2025-06-01""","Phone","Purchase Consultation","Negative"
"2282","118","""2026-01-28""","Chat","Account Update","Negative"
"2283","110","""2024-10-24""","Phone","Feedback","Neutral"
"2284","13","""2025-10-24""","Phone","Inquiry","Negative"
"2285","18","""2025-01-03""","Chat","Feedback","Negative"
"2286","804","""2026-07-17""","In-Store","Purchase Consultation","Positive"
"2287","443","""2026-08-11""","Email","Purchase Consultation","Neutral"
"2288","826","""2025-04-01""","In-Store","Purchase Consultation","Neutral"
"2289","422","""2025-04-30""","Social Media","Support","Positive"
"2290","522","""2024-12-19""","Social Media","Purchase Consultation","Neutral"
"2291","95","""2025-08-17""","App","Account Update","Positive"
"2292","952","""2024-10-25""","Social Media","Inquiry","Negative"
"2293","77","""2024-10-11""","Chat","Purchase Consultation","Negative"
"2294","482","""2025-04-10""","Chat","Account Update","Positive"
"2295","322","""2025-08-01""","Social Media","Feedback","Positive"
"2296","166","""2026-04-01""","Phone","Feedback","Positive"
"2297","142","""2026-01-11""","Email","Account Update","Positive"
"2298","553","""2026-04-26""","Phone","Purchase Consultation","Negative"
"2299","53","""2026-01-01""","Social Media","Feedback","Positive"
"2300","348","""2025-05-25""","Chat","Inquiry","Positive"
"2301","188","""2024-10-01""","App","Account Update","Positive"
"2302","195","""2026-04-16""","In-Store","Account Update","Neutral"
"2303","167","""2025-09-05""","Email","Support","Positive"
"2304","572","""2025-08-20""","App","Purchase Consultation","Neutral"
"2305","312","""2026-06-27""","In-Store","Feedback","Positive"
"2306","791","""2025-03-21""","App","Account Update","Neutral"
"2307","493","""2026-04-01""","App","Inquiry","Positive"
"2308","117","""2025-07-02""","Phone","Purchase Consultation","Positive"
"2309","921","""2025-06-04""","Email","Feedback","Neutral"
"2310","402","""2025-08-11""","Social Media","Feedback","Positive"
"2311","957","""2025-03-06""","Phone","Support","Negative"
"2312","483","""2026-03-11""","Chat","Inquiry","Positive"
"2313","380","""2024-12-11""","In-Store","Inquiry","Positive"
"2314","472","""2026-04-17""","Chat","Account Update","Neutral"
"2315","272","""2025-12-15""","Chat","Support","Positive"
"2316","394","""2024-10-29""","In-Store","Purchase Consultation","Positive"
"2317","140","""2025-12-21""","In-Store","Support","Neutral"
"2318","47","""2025-10-30""","In-Store","Purchase Consultation","Neutral"
"2319","330","""2025-03-03""","App","Inquiry","Neutral"
"2320","858","""2025-01-22""","App","Inquiry","Neutral"
"2321","285","""2024-11-28""","Social Media","Purchase Consultation","Positive"
"2322","160","""2026-08-22""","Chat","Inquiry","Negative"
"2323","428","""2024-10-24""","Chat","Purchase Consultation","Neutral"
"2324","775","""2025-09-23""","Chat","Feedback","Neutral"
"2325","369","""2025-07-01""","Email","Inquiry","Positive"
"2326","178","""2025-07-07""","App","Feedback","Negative"
"2327","416","""2026-01-13""","In-Store","Feedback","Positive"
"2328","44","""2026-05-31""","App","Purchase Consultation","Negative"
"2329","298","""2026-08-09""","Social Media","Feedback","Neutral"
"2330","421","""2025-06-24""","Social Media","Purchase Consultation","Neutral"
"2331","473","""2026-04-20""","Phone","Account Update","Neutral"
"2332","612","""2024-12-23""","Social Media","Support","Neutral"
"2333","790","""2026-08-02""","Email","Feedback","Negative"
"2334","475","""2026-07-13""","Phone","Feedback","Positive"
"2335","889","""2025-03-23""","Phone","Feedback","Neutral"
"2336","674","""2026-07-04""","App","Feedback","Neutral"
"2337","248","""2024-10-15""","Chat","Support","Neutral"
"2338","71","""2026-05-03""","Chat","Support","Positive"
"2339","8","""2025-12-19""","Email","Purchase Consultation","Neutral"
"2340","77","""2025-03-01""","In-Store","Inquiry","Negative"
"2341","398","""2025-08-23""","App","Support","Positive"
"2342","340","""2026-05-09""","Social Media","Inquiry","Neutral"
"2343","279","""2026-02-13""","Phone","Account Update","Positive"
"2344","192","""2026-05-12""","In-Store","Account Update","Neutral"
"2345","433","""2025-12-03""","Social Media","Account Update","Positive"
"2346","76","""2026-04-21""","Chat","Inquiry","Neutral"
"2347","76","""2025-07-29""","Email","Support","Positive"
"2348","321","""2026-05-18""","In-Store","Account Update","Positive"
"2349","284","""2024-11-04""","Email","Account Update","Positive"
"2350","122","""2026-02-19""","Chat","Feedback","Positive"
"2351","652","""2024-12-08""","Social Media","Feedback","Positive"
"2352","921","""2025-06-09""","In-Store","Purchase Consultation","Neutral"
"2353","938","""2025-07-07""","App","Purchase Consultation","Neutral"
"2354","66","""2026-03-20""","Social Media","Account Update","Neutral"
"2355","967","""2026-04-27""","App","Purchase Consultation","Positive"
"2356","399","""2026-02-20""","Email","Feedback","Positive"
"2357","813","""2025-04-07""","Email","Purchase Consultation","Negative"
"2358","166","""2024-12-12""","App","Support","Negative"
"2359","190","""2025-10-01""","Email","Inquiry","Neutral"
"2360","789","""2026-07-01""","In-Store","Support","Neutral"
"2361","582","""2026-06-09""","In-Store","Feedback","Neutral"
"2362","593","""2025-06-21""","In-Store","Feedback","Neutral"
"2363","628","""2025-03-18""","Phone","Inquiry","Positive"
"2364","337","""2024-11-03""","Social Media","Feedback","Positive"
"2365","109","""2026-08-14""","Social Media","Purchase Consultation","Negative"
"2366","304","""2025-10-18""","App","Feedback","Neutral"
"2367","33","""2025-12-29""","Phone","Support","Positive"
"2368","101","""2024-12-15""","App","Inquiry","Positive"
"2369","347","""2024-11-09""","Social Media","Account Update","Neutral"
"2370","695","""2025-10-30""","App","Support","Neutral"
"2371","338","""2025-12-18""","App","Support","Positive"
"2372","410","""2026-09-12""","Chat","Purchase Consultation","Positive"
"2373","298","""2026-03-05""","Email","Support","Neutral"
"2374","212","""2026-07-26""","Email","Support","Positive"
"2375","464","""2025-01-21""","Email","Support","Positive"
"2376","162","""2024-12-24""","Email","Purchase Consultation","Positive"
"2377","430","""2024-10-16""","Chat","Account Update","Positive"
"2378","673","""2026-09-17""","App","Inquiry","Positive"
"2379","970","""2025-04-06""","In-Store","Purchase Consultation","Neutral"
"2380","437","""2026-01-28""","Phone","Purchase Consultation","Neutral"
"2381","86","""2026-02-04""","Phone","Support","Positive"
"2382","353","""2026-09-12""","Phone","Feedback","Neutral"
"2383","454","""2024-12-25""","Phone","Account Update","Positive"
"2384","385","""2026-02-09""","Email","Feedback","Positive"
"2385","57","""2026-02-10""","Email","Account Update","Neutral"
"2386","379","""2025-03-23""","In-Store","Inquiry","Positive"
"2387","34","""2025-01-01""","Chat","Feedback","Positive"
"2388","894","""2026-08-02""","Chat","Feedback","Neutral"
"2389","32","""2025-08-23""","Email","Feedback","Negative"
"2390","106","""2025-08-28""","Phone","Support","Positive"
"2391","37","""2026-05-29""","Phone","Purchase Consultation","Positive"
"2392","49","""2026-09-17""","In-Store","Inquiry","Negative"
"2393","496","""2024-09-26""","App","Purchase Consultation","Positive"
"2394","400","""2026-07-20""","Email","Account Update","Neutral"
"2395","61","""2026-02-15""","Chat","Inquiry","Neutral"
"2396","437","""2026-01-19""","Phone","Feedback","Positive"
"2397","320","""2025-12-05""","Social Media","Inquiry","Positive"
"2398","3","""2025-10-26""","Phone","Account Update","Negative"
"2399","594","""2025-10-29""","Phone","Inquiry","Neutral"
"2400","86","""2026-03-26""","Chat","Purchase Consultation","Negative"
"2401","918","""2026-04-27""","Email","Purchase Consultation","Neutral"
"2402","595","""2026-08-21""","Social Media","Feedback","Neutral"
"2403","84","""2025-07-28""","Email","Feedback","Negative"
"2404","81","""2025-09-18""","Email","Account Update","Negative"
"2405","161","""2025-04-18""","App","Support","Positive"
"2406","389","""2026-03-29""","App","Purchase Consultation","Positive"
"2407","39","""2025-05-05""","In-Store","Inquiry","Negative"
"2408","710","""2025-07-31""","App","Purchase Consultation","Neutral"
"2409","189","""2026-08-08""","App","Feedback","Negative"
"2410","7","""2025-10-11""","Email","Support","Positive"
"2411","6","""2026-07-17""","Social Media","Feedback","Positive"
"2412","496","""2025-04-30""","Social Media","Feedback","Positive"
"2413","371","""2026-08-21""","Social Media","Account Update","Positive"
"2414","428","""2025-07-23""","Social Media","Inquiry","Positive"
"2415","72","""2025-08-23""","Email","Purchase Consultation","Negative"
"2416","96","""2025-01-14""","Social Media","Account Update","Negative"
"2417","450","""2025-08-27""","App","Support","Positive"
"2418","655","""2025-01-29""","Phone","Purchase Consultation","Neutral"
"2419","567","""2026-09-02""","App","Purchase Consultation","Neutral"
"2420","52","""2026-09-14""","In-Store","Purchase Consultation","Negative"
"2421","484","""2025-06-07""","Social Media","Feedback","Positive"
"2422","85","""2025-09-04""","Phone","Inquiry","Negative"
"2423","188","""2026-02-10""","App","Account Update","Negative"
"2424","15","""2025-03-03""","Chat","Purchase Consultation","Positive"
"2425","797","""2025-12-28""","Email","Purchase Consultation","Neutral"
"2426","766","""2025-02-09""","Social Media","Account Update","Neutral"
"2427","431","""2025-05-18""","Email","Account Update","Positive"
"2428","106","""2025-08-07""","Chat","Support","Positive"
"2429","476","""2025-04-24""","Chat","Account Update","Positive"
"2430","13","""2026-09-09""","Social Media","Purchase Consultation","Neutral"
"2431","412","""2025-02-05""","Phone","Account Update","Positive"
"2432","347","""2025-01-01""","In-Store","Account Update","Positive"
"2433","614","""2025-01-21""","Email","Feedback","Positive"
"2434","44","""2026-01-20""","Chat","Account Update","Negative"
"2435","380","""2025-12-08""","App","Purchase Consultation","Positive"
"2436","153","""2026-06-30""","Chat","Feedback","Positive"
"2437","265","""2026-04-07""","Email","Inquiry","Positive"
"2438","304","""2026-06-23""","App","Support","Positive"
"2439","39","""2025-09-03""","In-Store","Account Update","Positive"
"2440","16","""2026-09-09""","Chat","Support","Negative"
"2441","172","""2025-05-22""","In-Store","Inquiry","Neutral"
"2442","28","""2026-06-15""","In-Store","Feedback","Neutral"
"2443","21","""2025-01-30""","Phone","Feedback","Negative"
"2444","417","""2025-03-22""","Social Media","Support","Neutral"
"2445","312","""2025-03-04""","Email","Support","Positive"
"2446","45","""2025-01-25""","Chat","Inquiry","Negative"
"2447","524","""2025-08-13""","Phone","Account Update","Positive"
"2448","292","""2025-11-02""","In-Store","Feedback","Positive"
"2449","60","""2026-04-25""","In-Store","Feedback","Positive"
"2450","548","""2026-08-11""","Email","Inquiry","Neutral"
"2451","864","""2025-12-16""","In-Store","Support","Neutral"
"2452","477","""2026-09-01""","In-Store","Purchase Consultation","Positive"
"2453","125","""2026-04-25""","Email","Feedback","Positive"
"2454","199","""2026-07-23""","Email","Inquiry","Neutral"
"2455","95","""2025-12-02""","Email","Account Update","Positive"
"2456","393","""2025-10-24""","Social Media","Feedback","Positive"
"2457","365","""2024-10-30""","Phone","Inquiry","Positive"
"2458","369","""2024-12-16""","In-Store","Account Update","Positive"
"2459","450","""2025-04-10""","Phone","Inquiry","Positive"
"2460","502","""2025-02-26""","Social Media","Support","Positive"
"2461","488","""2026-03-17""","Email","Support","Positive"
"2462","399","""2024-10-16""","In-Store","Purchase Consultation","Positive"
"2463","597","""2025-05-26""","Email","Account Update","Positive"
"2464","19","""2026-06-10""","Email","Support","Negative"
"2465","107","""2025-05-19""","Email","Feedback","Positive"
"2466","376","""2024-10-19""","App","Feedback","Positive"
"2467","96","""2026-08-25""","Chat","Support","Positive"
"2468","603","""2024-10-27""","Email","Support","Positive"
"2469","268","""2025-08-20""","App","Account Update","Positive"
"2470","630","""2025-05-27""","Social Media","Support","Neutral"
"2471","512","""2026-09-25""","App","Inquiry","Neutral"
"2472","477","""2025-06-13""","Chat","Purchase Consultation","Positive"
"2473","135","""2025-02-05""","Email","Purchase Consultation","Negative"
"2474","973","""2026-02-10""","Chat","Feedback","Positive"
"2475","10","""2024-10-03""","Phone","Inquiry","Positive"
"2476","14","""2025-08-08""","In-Store","Feedback","Positive"
"2477","58","""2025-03-14""","Email","Account Update","Neutral"
"2478","421","""2025-02-25""","Phone","Account Update","Positive"
"2479","834","""2026-08-31""","Chat","Account Update","Neutral"
"2480","481","""2025-01-20""","Email","Inquiry","Neutral"
"2481","92","""2026-07-23""","In-Store","Purchase Consultation","Positive"
"2482","917","""2025-09-18""","Phone","Account Update","Neutral"
"2483","153","""2026-06-15""","App","Feedback","Neutral"
"2484","809","""2026-08-01""","Social Media","Support","Negative"
"2485","685","""2025-02-08""","In-Store","Support","Neutral"
"2486","58","""2026-05-31""","In-Store","Inquiry","Negative"
"2487","305","""2024-11-19""","App","Purchase Consultation","Positive"
"2488","167","""2026-06-18""","In-Store","Feedback","Neutral"
"2489","352","""2026-02-05""","Email","Feedback","Positive"
"2490","263","""2025-05-13""","Email","Feedback","Positive"
"2491","601","""2026-01-12""","Phone","Account Update","Negative"
"2492","882","""2025-05-13""","Social Media","Purchase Consultation","Neutral"
"2493","267","""2025-05-31""","Chat","Purchase Consultation","Positive"
"2494","268","""2026-03-23""","Email","Account Update","Positive"
"2495","427","""2025-02-19""","In-Store","Support","Positive"
"2496","163","""2026-02-19""","Phone","Purchase Consultation","Neutral"
"2497","187","""2024-12-17""","Chat","Purchase Consultation","Positive"
"2498","36","""2024-12-19""","In-Store","Purchase Consultation","Negative"
"2499","126","""2025-04-19""","Email","Account Update","Neutral"
"2500","467","""2024-10-07""","In-Store","Inquiry","Positive"
"2501","14","""2025-07-02""","Social Media","Support","Negative"
"2502","674","""2025-09-08""","Social Media","Account Update","Neutral"
"2503","185","""2026-09-23""","App","Purchase Consultation","Positive"
"2504","97","""2024-11-14""","Email","Account Update","Negative"
"2505","46","""2025-06-29""","Chat","Purchase Consultation","Neutral"
"2506","488","""2024-11-21""","Social Media","Feedback","Positive"
"2507","98","""2024-11-09""","Chat","Feedback","Positive"
"2508","647","""2025-02-14""","App","Support","Neutral"
"2509","288","""2025-06-03""","Phone","Account Update","Positive"
"2510","795","""2025-01-21""","Social Media","Feedback","Neutral"
"2511","220","""2025-09-30""","In-Store","Purchase Consultation","Positive"
"2512","454","""2026-02-12""","Phone","Purchase Consultation","Positive"
"2513","96","""2025-06-19""","Phone","Purchase Consultation","Negative"
"2514","319","""2024-12-11""","Phone","Account Update","Neutral"
"2515","36","""2026-05-06""","In-Store","Support","Negative"
"2516","290","""2026-07-17""","In-Store","Account Update","Positive"
"2517","100","""2026-02-07""","Chat","Support","Negative"
"2518","631","""2025-08-29""","Email","Support","Positive"
"2519","403","""2026-02-21""","Social Media","Feedback","Positive"
"2520","698","""2024-12-21""","App","Inquiry","Negative"
"2521","45","""2025-11-24""","Phone","Support","Negative"
"2522","203","""2026-02-17""","Social Media","Purchase Consultation","Positive"
"2523","118","""2025-06-10""","Phone","Account Update","Positive"
"2524","52","""2026-09-06""","Chat","Account Update","Negative"
"2525","83","""2025-03-29""","App","Purchase Consultation","Neutral"
"2526","957","""2026-07-25""","Social Media","Feedback","Negative"
"2527","706","""2026-01-16""","Email","Inquiry","Neutral"
"2528","57","""2024-12-03""","Phone","Account Update","Positive"
"2529","832","""2025-07-26""","App","Support","Positive"
"2530","48","""2025-06-30""","Chat","Support","Negative"
"2531","193","""2026-04-12""","Email","Inquiry","Negative"
"2532","476","""2026-02-16""","In-Store","Inquiry","Positive"
"2533","364","""2026-06-06""","Email","Support","Neutral"
"2534","164","""2026-01-17""","Chat","Purchase Consultation","Neutral"
"2535","421","""2025-09-20""","App","Account Update","Neutral"
"2536","120","""2025-05-22""","App","Account Update","Positive"
"2537","373","""2026-06-22""","Social Media","Feedback","Neutral"
"2538","297","""2026-01-23""","Social Media","Account Update","Positive"
"2539","477","""2024-12-30""","Phone","Account Update","Positive"
"2540","575","""2025-06-09""","Chat","Inquiry","Neutral"
"2541","121","""2025-07-04""","Phone","Purchase Consultation","Neutral"
"2542","186","""2025-11-14""","Chat","Feedback","Negative"
"2543","128","""2025-01-05""","App","Support","Negative"
"2544","29","""2025-08-20""","App","Inquiry","Neutral"
"2545","481","""2026-05-06""","App","Purchase Consultation","Neutral"
"2546","261","""2025-12-28""","Email","Feedback","Positive"
"2547","46","""2026-08-20""","Social Media","Feedback","Neutral"
"2548","719","""2026-04-12""","Email","Purchase Consultation","Positive"
"2549","171","""2025-05-27""","Chat","Feedback","Negative"
"2550","690","""2025-11-03""","Social Media","Support","Negative"
"2551","226","""2026-01-03""","Chat","Support","Positive"
"2552","460","""2025-01-30""","App","Feedback","Positive"
"2553","668","""2026-01-02""","App","Feedback","Positive"
"2554","466","""2026-05-12""","In-Store","Purchase Consultation","Positive"
"2555","30","""2026-07-07""","Social Media","Purchase Consultation","Negative"
"2556","481","""2025-12-09""","In-Store","Feedback","Positive"
"2557","215","""2026-08-13""","In-Store","Inquiry","Positive"
"2558","801","""2026-05-02""","Chat","Purchase Consultation","Neutral"
"2559","317","""2026-04-10""","Social Media","Inquiry","Positive"
"2560","23","""2024-10-05""","Social Media","Support","Negative"
"2561","324","""2026-04-22""","Social Media","Feedback","Positive"
"2562","270","""2025-05-13""","In-Store","Feedback","Positive"
"2563","354","""2025-02-23""","Email","Feedback","Positive"
"2564","862","""2025-10-05""","Social Media","Account Update","Neutral"
"2565","433","""2026-07-24""","Chat","Support","Positive"
"2566","453","""2026-01-06""","Email","Support","Neutral"
"2567","50","""2024-09-29""","Email","Account Update","Negative"
"2568","310","""2026-01-18""","Email","Feedback","Positive"
"2569","113","""2026-01-29""","App","Support","Neutral"
"2570","854","""2025-10-19""","Chat","Inquiry","Neutral"
"2571","123","""2025-06-13""","Email","Feedback","Neutral"
"2572","229","""2026-04-02""","Phone","Inquiry","Neutral"
"2573","848","""2025-06-20""","Email","Feedback","Negative"
"2574","73","""2026-03-07""","Email","Purchase Consultation","Negative"
"2575","809","""2025-07-23""","Chat","Purchase Consultation","Neutral"
"2576","849","""2026-07-07""","Chat","Account Update","Positive"
"2577","855","""2026-02-18""","App","Feedback","Positive"
"2578","214","""2026-05-27""","Phone","Inquiry","Positive"
"2579","950","""2026-01-30""","Email","Inquiry","Positive"
"2580","45","""2024-11-15""","Social Media","Inquiry","Neutral"
"2581","15","""2024-10-29""","In-Store","Account Update","Neutral"
"2582","600","""2025-02-03""","In-Store","Inquiry","Neutral"
"2583","51","""2025-04-29""","Email","Inquiry","Negative"
"2584","491","""2026-08-09""","Phone","Feedback","Positive"
"2585","6","""2026-04-29""","Chat","Account Update","Neutral"
"2586","427","""2024-09-27""","Phone","Feedback","Positive"
"2587","96","""2026-04-01""","In-Store","Feedback","Positive"
"2588","20","""2026-02-20""","In-Store","Inquiry","Negative"
"2589","677","""2024-11-26""","Email","Inquiry","Neutral"
"2590","218","""2025-04-03""","App","Feedback","Positive"
"2591","692","""2025-01-13""","Phone","Support","Neutral"
"2592","100","""2025-09-01""","In-Store","Account Update","Positive"
"2593","395","""2026-06-07""","In-Store","Feedback","Positive"
"2594","496","""2025-09-27""","Social Media","Inquiry","Positive"
"2595","991","""2025-02-21""","App","Purchase Consultation","Positive"
"2596","51","""2026-08-16""","Chat","Support","Negative"
"2597","96","""2026-04-07""","Social Media","Feedback","Negative"
"2598","28","""2025-07-19""","Social Media","Support","Positive"
"2599","22","""2025-07-11""","Email","Feedback","Negative"
"2600","410","""2025-03-01""","Phone","Support","Positive"
"2601","723","""2025-04-22""","In-Store","Feedback","Neutral"
"2602","55","""2026-05-04""","Phone","Purchase Consultation","Negative"
"2603","577","""2025-09-20""","Phone","Account Update","Neutral"
"2604","140","""2026-05-13""","Email","Inquiry","Negative"
"2605","148","""2026-02-15""","Phone","Inquiry","Negative"
"2606","5","""2026-08-21""","Phone","Feedback","Negative"
"2607","757","""2025-08-31""","In-Store","Purchase Consultation","Neutral"
"2608","104","""2025-07-17""","Chat","Feedback","Positive"
"2609","165","""2025-06-24""","App","Feedback","Positive"
"2610","27","""2025-09-04""","Social Media","Account Update","Negative"
"2611","431","""2026-08-25""","In-Store","Inquiry","Positive"
"2612","486","""2024-11-22""","Chat","Feedback","Positive"
"2613","542","""2025-04-29""","Phone","Purchase Consultation","Positive"
"2614","59","""2026-08-02""","Chat","Feedback","Positive"
"2615","901","""2025-09-09""","In-Store","Account Update","Positive"
"2616","72","""2025-04-22""","Social Media","Feedback","Negative"
"2617","650","""2025-01-04""","Email","Account Update","Neutral"
"2618","845","""2025-06-13""","In-Store","Support","Positive"
"2619","198","""2025-02-11""","App","Account Update","Neutral"
"2620","191","""2024-12-02""","Phone","Feedback","Neutral"
"2621","272","""2025-06-01""","Chat","Feedback","Positive"
"2622","215","""2025-08-03""","Social Media","Support","Neutral"
"2623","479","""2026-02-11""","Chat","Inquiry","Positive"
"2624","11","""2026-05-27""","Chat","Feedback","Neutral"
"2625","181","""2026-01-17""","Phone","Support","Positive"
"2626","69","""2026-01-18""","Social Media","Support","Negative"
"2627","377","""2025-09-28""","Chat","Inquiry","Positive"
"2628","303","""2025-11-07""","Phone","Feedback","Neutral"
"2629","5","""2025-06-02""","Phone","Support","Negative"
"2630","190","""2026-08-18""","Social Media","Support","Neutral"
"2631","315","""2025-04-22""","Phone","Account Update","Positive"
"2632","735","""2024-12-12""","Chat","Inquiry","Neutral"
"2633","623","""2026-03-30""","Email","Purchase Consultation","Neutral"
"2634","79","""2025-02-05""","Chat","Feedback","Neutral"
"2635","254","""2025-12-30""","Social Media","Support","Positive"
"2636","26","""2026-06-09""","Social Media","Purchase Consultation","Negative"
"2637","640","""2024-11-11""","App","Support","Neutral"
"2638","860","""2026-01-11""","Chat","Support","Neutral"
"2639","545","""2025-01-13""","Phone","Feedback","Negative"
"2640","498","""2026-03-04""","Phone","Feedback","Neutral"
"2641","657","""2025-05-04""","In-Store","Purchase Consultation","Negative"
"2642","808","""2025-12-12""","Social Media","Inquiry","Neutral"
"2643","310","""2024-11-12""","Social Media","Purchase Consultation","Positive"
"2644","4","""2025-09-12""","Email","Inquiry","Negative"
"2645","181","""2024-12-01""","In-Store","Account Update","Neutral"
"2646","200","""2026-08-03""","App","Purchase Consultation","Positive"
"2647","815","""2025-11-10""","Phone","Inquiry","Neutral"
"2648","476","""2025-09-14""","Social Media","Support","Positive"
"2649","175","""2025-01-07""","In-Store","Inquiry","Neutral"
"2650","552","""2025-11-11""","Chat","Inquiry","Neutral"
"2651","96","""2026-06-25""","App","Support","Negative"
"2652","47","""2025-10-21""","Email","Account Update","Neutral"
"2653","433","""2026-07-27""","Email","Purchase Consultation","Positive"
"2654","44","""2025-09-27""","App","Support","Neutral"
"2655","214","""2026-04-17""","Phone","Account Update","Neutral"
"2656","101","""2025-12-21""","Email","Feedback","Neutral"
"2657","56","""2025-02-09""","Email","Feedback","Positive"
"2658","235","""2024-10-17""","Email","Support","Neutral"
"2659","815","""2025-09-16""","Email","Account Update","Neutral"
"2660","183","""2025-01-22""","Social Media","Purchase Consultation","Positive"
"2661","509","""2025-09-06""","Email","Account Update","Neutral"
"2662","655","""2025-01-24""","App","Purchase Consultation","Negative"
"2663","532","""2025-02-08""","Email","Inquiry","Neutral"
"2664","223","""2024-11-28""","Social Media","Account Update","Positive"
"2665","32","""2026-04-15""","Chat","Purchase Consultation","Negative"
"2666","316","""2025-09-11""","Chat","Support","Positive"
"2667","66","""2026-07-03""","In-Store","Purchase Consultation","Negative"
"2668","41","""2025-08-16""","App","Inquiry","Negative"
"2669","502","""2026-03-28""","In-Store","Purchase Consultation","Positive"
"2670","118","""2026-09-19""","Social Media","Feedback","Negative"
"2671","14","""2026-07-03""","Chat","Inquiry","Negative"
"2672","175","""2026-01-06""","Social Media","Inquiry","Neutral"
"2673","177","""2024-11-11""","Email","Inquiry","Neutral"
"2674","37","""2024-11-14""","Email","Support","Negative"
"2675","710","""2025-09-03""","App","Feedback","Positive"
"2676","59","""2025-10-30""","In-Store","Support","Negative"
"2677","889","""2026-03-14""","Chat","Account Update","Neutral"
"2678","308","""2024-10-15""","Chat","Account Update","Neutral"
"2679","355","""2024-11-22""","Phone","Inquiry","Positive"
"2680","43","""2025-01-27""","In-Store","Feedback","Negative"
"2681","34","""2025-10-22""","In-Store","Purchase Consultation","Negative"
"2682","83","""2025-12-21""","Email","Support","Negative"
"2683","171","""2026-04-04""","In-Store","Support","Positive"
"2684","100","""2026-03-10""","In-Store","Inquiry","Negative"
"2685","425","""2024-11-17""","Social Media","Feedback","Positive"
"2686","655","""2026-01-28""","App","Feedback","Negative"
"2687","284","""2025-03-12""","Email","Inquiry","Positive"
"2688","496","""2025-11-30""","In-Store","Purchase Consultation","Neutral"
"2689","253","""2025-12-01""","In-Store","Feedback","Positive"
"2690","170","""2024-11-28""","Chat","Account Update","Neutral"
"2691","233","""2024-12-07""","Social Media","Purchase Consultation","Positive"
"2692","185","""2026-04-11""","Phone","Purchase Consultation","Neutral"
"2693","942","""2025-12-23""","Phone","Purchase Consultation","Positive"
"2694","19","""2026-03-25""","Social Media","Account Update","Negative"
"2695","89","""2025-09-19""","Social Media","Account Update","Positive"
"2696","192","""2026-06-15""","Social Media","Purchase Consultation","Negative"
"2697","106","""2025-12-19""","App","Purchase Consultation","Positive"
"2698","124","""2025-08-03""","Phone","Account Update","Positive"
"2699","287","""2025-10-16""","Chat","Feedback","Neutral"
"2700","124","""2025-02-09""","Chat","Account Update","Neutral"
"2701","157","""2026-07-31""","App","Feedback","Neutral"
"2702","490","""2025-09-06""","In-Store","Feedback","Positive"
"2703","809","""2025-11-19""","App","Inquiry","Neutral"
"2704","146","""2026-05-24""","Social Media","Account Update","Negative"
"2705","78","""2025-02-16""","App","Account Update","Neutral"
"2706","846","""2026-08-15""","Email","Account Update","Positive"
"2707","14","""2026-02-17""","Phone","Feedback","Negative"
"2708","62","""2026-01-05""","Email","Purchase Consultation","Neutral"
"2709","853","""2026-07-26""","Phone","Support","Negative"
"2710","4","""2025-01-06""","In-Store","Feedback","Negative"
"2711","59","""2026-05-25""","Phone","Account Update","Neutral"
"2712","333","""2024-10-25""","App","Feedback","Neutral"
"2713","573","""2025-03-03""","Chat","Feedback","Neutral"
"2714","870","""2025-12-05""","App","Feedback","Positive"
"2715","569","""2026-07-01""","In-Store","Support","Positive"
"2716","70","""2024-11-25""","Social Media","Support","Negative"
"2717","80","""2025-09-11""","Phone","Feedback","Negative"
"2718","834","""2025-02-22""","Social Media","Feedback","Positive"
"2719","818","""2026-05-02""","Chat","Support","Negative"
"2720","149","""2025-07-24""","Chat","Support","Positive"
"2721","161","""2026-05-16""","App","Purchase Consultation","Positive"
"2722","15","""2026-07-01""","In-Store","Purchase Consultation","Negative"
"2723","185","""2024-10-25""","Email","Purchase Consultation","Negative"
"2724","440","""2026-07-20""","Social Media","Support","Positive"
"2725","277","""2026-08-25""","In-Store","Account Update","Positive"
"2726","29","""2026-02-03""","Chat","Purchase Consultation","Neutral"
"2727","253","""2026-06-08""","Chat","Inquiry","Positive"
"2728","78","""2025-02-26""","Phone","Account Update","Positive"
"2729","78","""2025-04-19""","App","Feedback","Positive"
"2730","313","""2024-10-16""","Chat","Feedback","Positive"
"2731","161","""2024-10-15""","Email","Inquiry","Positive"
"2732","793","""2025-02-21""","Chat","Feedback","Neutral"
"2733","343","""2025-05-27""","Social Media","Account Update","Positive"
"2734","29","""2025-05-13""","Phone","Purchase Consultation","Neutral"
"2735","573","""2025-02-25""","In-Store","Inquiry","Neutral"
"2736","128","""2026-07-01""","In-Store","Support","Negative"
"2737","319","""2024-10-20""","In-Store","Account Update","Positive"
"2738","177","""2026-03-10""","Phone","Feedback","Neutral"
"2739","157","""2025-05-02""","In-Store","Account Update","Positive"
"2740","269","""2026-07-18""","Social Media","Account Update","Positive"
"2741","191","""2026-07-25""","Email","Feedback","Neutral"
"2742","66","""2025-11-02""","App","Support","Negative"
"2743","502","""2025-07-17""","In-Store","Purchase Consultation","Positive"
"2744","149","""2025-02-06""","App","Purchase Consultation","Negative"
"2745","91","""2025-07-15""","Chat","Feedback","Positive"
"2746","100","""2026-04-08""","In-Store","Inquiry","Negative"
"2747","666","""2024-11-04""","Social Media","Purchase Consultation","Neutral"
"2748","488","""2025-06-18""","Email","Feedback","Positive"
"2749","102","""2025-07-21""","Phone","Feedback","Neutral"
"2750","994","""2026-04-18""","In-Store","Inquiry","Positive"
"2751","10","""2025-04-14""","App","Feedback","Negative"
"2752","67","""2024-10-08""","Email","Support","Negative"
"2753","348","""2025-08-09""","Phone","Feedback","Positive"
"2754","347","""2025-06-11""","Social Media","Feedback","Positive"
"2755","216","""2025-07-25""","Email","Inquiry","Positive"
"2756","583","""2026-02-23""","Social Media","Purchase Consultation","Neutral"
"2757","127","""2025-02-22""","In-Store","Purchase Consultation","Neutral"
"2758","521","""2026-02-08""","App","Feedback","Neutral"
"2759","791","""2025-01-04""","Chat","Support","Positive"
"2760","191","""2025-11-27""","Chat","Account Update","Negative"
"2761","294","""2026-03-05""","In-Store","Account Update","Positive"
"2762","646","""2025-08-27""","Social Media","Support","Neutral"
"2763","298","""2025-07-30""","Phone","Purchase Consultation","Positive"
"2764","226","""2026-07-14""","In-Store","Account Update","Positive"
"2765","73","""2025-06-23""","Chat","Purchase Consultation","Neutral"
"2766","191","""2025-12-28""","App","Account Update","Positive"
"2767","125","""2025-02-18""","Social Media","Inquiry","Neutral"
"2768","43","""2025-05-10""","App","Purchase Consultation","Neutral"
"2769","472","""2026-05-30""","Phone","Support","Positive"
"2770","538","""2025-08-24""","App","Feedback","Neutral"
"2771","166","""2025-04-07""","App","Support","Neutral"
"2772","22","""2026-03-11""","App","Purchase Consultation","Positive"
"2773","397","""2025-08-16""","Phone","Support","Positive"
"2774","448","""2025-03-21""","Email","Account Update","Neutral"
"2775","520","""2024-11-05""","Email","Feedback","Neutral"
"2776","463","""2025-03-15""","Chat","Feedback","Neutral"
"2777","99","""2026-06-16""","In-Store","Support","Negative"
"2778","20","""2025-10-18""","Phone","Account Update","Negative"
"2779","232","""2026-02-22""","Chat","Purchase Consultation","Positive"
"2780","638","""2025-05-10""","Social Media","Account Update","Negative"
"2781","322","""2026-09-13""","Email","Support","Neutral"
"2782","375","""2025-04-05""","Chat","Account Update","Neutral"
"2783","43","""2024-10-25""","App","Purchase Consultation","Positive"
"2784","58","""2026-09-09""","Chat","Purchase Consultation","Neutral"
"2785","894","""2026-02-06""","Chat","Account Update","Neutral"
"2786","11","""2025-06-04""","App","Support","Negative"
"2787","733","""2025-12-28""","In-Store","Support","Positive"
"2788","39","""2025-11-30""","In-Store","Feedback","Negative"
"2789","216","""2025-03-23""","Chat","Purchase Consultation","Positive"
"2790","429","""2025-03-11""","Phone","Support","Neutral"
"2791","36","""2025-12-03""","App","Feedback","Neutral"
"2792","63","""2025-07-08""","Chat","Feedback","Neutral"
"2793","175","""2026-07-13""","In-Store","Support","Negative"
"2794","583","""2024-12-13""","Email","Inquiry","Neutral"
"2795","894","""2025-11-08""","Email","Account Update","Positive"
"2796","201","""2026-05-07""","Email","Account Update","Positive"
"2797","367","""2026-05-14""","In-Store","Support","Positive"
"2798","47","""2026-05-27""","In-Store","Account Update","Neutral"
"2799","210","""2025-11-18""","Email","Support","Neutral"
"2800","729","""2024-10-08""","Phone","Feedback","Positive"
"2801","86","""2026-04-27""","Social Media","Account Update","Neutral"
"2802","288","""2025-12-06""","Phone","Account Update","Neutral"
"2803","456","""2026-03-28""","In-Store","Purchase Consultation","Neutral"
"2804","188","""2026-05-24""","Chat","Support","Negative"
"2805","945","""2025-08-14""","Phone","Inquiry","Neutral"
"2806","159","""2024-10-07""","Email","Purchase Consultation","Negative"
"2807","74","""2025-11-19""","In-Store","Inquiry","Negative"
"2808","686","""2025-10-07""","App","Feedback","Positive"
"2809","424","""2026-06-26""","App","Support","Positive"
"2810","251","""2025-03-26""","Chat","Purchase Consultation","Positive"
"2811","201","""2025-11-20""","Phone","Feedback","Positive"
"2812","125","""2026-07-23""","Social Media","Inquiry","Positive"
"2813","333","""2024-11-30""","Email","Inquiry","Neutral"
"2814","562","""2024-12-18""","In-Store","Account Update","Negative"
"2815","168","""2025-12-04""","In-Store","Purchase Consultation","Positive"
"2816","844","""2025-03-07""","Social Media","Feedback","Neutral"
"2817","64","""2024-10-21""","Chat","Feedback","Positive"
"2818","614","""2025-02-22""","Social Media","Account Update","Positive"
"2819","33","""2026-03-01""","Phone","Account Update","Negative"
"2820","216","""2026-04-06""","App","Support","Positive"
"2821","490","""2025-03-01""","Social Media","Feedback","Neutral"
"2822","489","""2026-05-19""","App","Support","Positive"
"2823","184","""2026-07-25""","In-Store","Feedback","Positive"
"2824","234","""2025-06-02""","App","Inquiry","Positive"
"2825","190","""2025-11-05""","App","Purchase Consultation","Neutral"
"2826","126","""2025-11-01""","In-Store","Support","Positive"
"2827","394","""2026-08-21""","Phone","Feedback","Positive"
"2828","4","""2025-01-01""","Phone","Inquiry","Neutral"
"2829","164","""2025-08-21""","Email","Feedback","Negative"
"2830","273","""2026-07-19""","Email","Purchase Consultation","Positive"
"2831","820","""2025-09-24""","Social Media","Support","Positive"
"2832","75","""2026-07-23""","Email","Account Update","Positive"
"2833","208","""2025-12-15""","In-Store","Account Update","Positive"
"2834","307","""2024-10-07""","Chat","Support","Neutral"
"2835","301","""2026-02-20""","In-Store","Purchase Consultation","Positive"
"2836","821","""2025-03-28""","Phone","Inquiry","Neutral"
"2837","8","""2026-06-19""","Chat","Feedback","Negative"
"2838","491","""2025-01-20""","Chat","Feedback","Positive"
"2839","52","""2025-07-17""","Phone","Feedback","Positive"
"2840","172","""2024-12-23""","Chat","Support","Positive"
"2841","197","""2026-09-08""","Social Media","Account Update","Neutral"
"2842","92","""2026-04-27""","App","Feedback","Negative"
"2843","216","""2026-09-06""","Social Media","Feedback","Neutral"
"2844","407","""2024-09-27""","Social Media","Inquiry","Positive"
"2845","316","""2025-08-12""","In-Store","Purchase Consultation","Positive"
"2846","182","""2025-08-11""","Chat","Account Update","Positive"
"2847","337","""2025-02-09""","Social Media","Feedback","Positive"
"2848","12","""2026-08-31""","Phone","Inquiry","Negative"
"2849","111","""2025-05-21""","App","Support","Neutral"
"2850","466","""2025-02-19""","Chat","Support","Neutral"
"2851","96","""2024-12-20""","Email","Account Update","Positive"
"2852","106","""2025-04-13""","Email","Account Update","Negative"
"2853","177","""2025-10-03""","Social Media","Purchase Consultation","Neutral"
"2854","858","""2026-03-27""","In-Store","Inquiry","Positive"
"2855","745","""2025-05-01""","Phone","Purchase Consultation","Negative"
"2856","98","""2025-12-30""","App","Inquiry","Negative"
"2857","400","""2024-12-21""","In-Store","Account Update","Neutral"
"2858","35","""2026-06-21""","Social Media","Support","Negative"
"2859","285","""2026-03-05""","Email","Support","Positive"
"2860","127","""2026-06-25""","Chat","Purchase Consultation","Neutral"
"2861","118","""2025-09-03""","In-Store","Inquiry","Positive"
"2862","288","""2026-07-29""","Social Media","Purchase Consultation","Positive"
"2863","385","""2024-10-24""","In-Store","Inquiry","Positive"
"2864","339","""2025-11-07""","In-Store","Account Update","Positive"
"2865","90","""2026-06-02""","Phone","Inquiry","Negative"
"2866","42","""2025-11-29""","In-Store","Purchase Consultation","Positive"
"2867","469","""2026-03-16""","Social Media","Support","Positive"
"2868","461","""2026-03-19""","Phone","Feedback","Neutral"
"2869","318","""2026-06-27""","Social Media","Account Update","Neutral"
"2870","193","""2025-09-01""","In-Store","Purchase Consultation","Negative"
"2871","417","""2026-05-10""","Email","Account Update","Positive"
"2872","456","""2025-08-23""","Chat","Purchase Consultation","Positive"
"2873","482","""2025-08-03""","App","Support","Positive"
"2874","473","""2026-05-03""","Chat","Feedback","Positive"
"2875","546","""2026-04-08""","Chat","Support","Positive"
"2876","25","""2026-03-08""","App","Account Update","Negative"
"2877","58","""2026-06-14""","App","Account Update","Negative"
"2878","427","""2025-10-08""","Email","Purchase Consultation","Neutral"
"2879","219","""2026-08-11""","Email","Inquiry","Positive"
"2880","491","""2026-07-29""","App","Feedback","Positive"
"2881","189","""2024-12-12""","Email","Inquiry","Neutral"
"2882","492","""2025-08-05""","In-Store","Support","Positive"
"2883","443","""2026-09-23""","In-Store","Feedback","Neutral"
"2884","12","""2025-08-19""","In-Store","Purchase Consultation","Positive"
"2885","572","""2025-08-13""","Email","Purchase Consultation","Positive"
"2886","48","""2025-03-16""","Email","Support","Positive"
"2887","492","""2025-05-12""","App","Feedback","Positive"
"2888","304","""2025-10-16""","App","Account Update","Neutral"
"2889","761","""2026-05-13""","Social Media","Inquiry","Neutral"
"2890","351","""2026-02-13""","Phone","Feedback","Neutral"
"2891","132","""2025-12-15""","App","Inquiry","Neutral"
"2892","827","""2025-08-30""","Email","Account Update","Neutral"
"2893","116","""2026-06-19""","Chat","Inquiry","Negative"
"2894","104","""2025-11-25""","App","Feedback","Positive"
"2895","289","""2025-11-04""","App","Support","Neutral"
"2896","881","""2025-06-03""","Chat","Inquiry","Positive"
"2897","314","""2025-08-30""","In-Store","Support","Neutral"
"2898","604","""2025-07-12""","App","Account Update","Negative"
"2899","78","""2026-02-15""","App","Feedback","Negative"
"2900","669","""2026-05-22""","In-Store","Inquiry","Neutral"
"2901","12","""2026-08-22""","App","Support","Negative"
"2902","69","""2026-03-12""","Chat","Support","Positive"
"2903","488","""2026-01-01""","In-Store","Feedback","Positive"
"2904","129","""2025-12-16""","Chat","Support","Negative"
"2905","131","""2026-02-17""","Social Media","Inquiry","Neutral"
"2906","843","""2026-05-26""","Social Media","Feedback","Neutral"
"2907","954","""2024-12-10""","App","Purchase Consultation","Positive"
"2908","11","""2025-12-05""","Chat","Account Update","Negative"
"2909","99","""2026-06-11""","Email","Account Update","Negative"
"2910","310","""2025-06-05""","Email","Account Update","Positive"
"2911","516","""2025-02-08""","Phone","Purchase Consultation","Positive"
"2912","102","""2026-02-08""","Email","Account Update","Neutral"
"2913","337","""2025-09-19""","Phone","Purchase Consultation","Neutral"
"2914","902","""2026-07-09""","In-Store","Account Update","Neutral"
"2915","643","""2025-11-07""","Phone","Inquiry","Positive"
"2916","210","""2025-08-14""","Social Media","Support","Neutral"
"2917","559","""2024-11-04""","Email","Inquiry","Neutral"
"2918","357","""2026-05-06""","Phone","Support","Positive"
"2919","69","""2025-04-08""","Social Media","Inquiry","Negative"
"2920","168","""2026-02-17""","Email","Purchase Consultation","Negative"
"2921","735","""2025-05-10""","In-Store","Feedback","Positive"
"2922","539","""2026-01-21""","In-Store","Support","Positive"
"2923","264","""2026-03-01""","Social Media","Account Update","Positive"
"2924","765","""2025-10-13""","Email","Inquiry","Neutral"
"2925","909","""2026-06-28""","Phone","Feedback","Neutral"
"2926","23","""2025-01-29""","Chat","Purchase Consultation","Negative"
"2927","276","""2026-08-20""","Phone","Support","Neutral"
"2928","229","""2025-02-23""","Phone","Inquiry","Positive"
"2929","748","""2026-01-04""","Email","Inquiry","Neutral"
"2930","68","""2026-07-07""","Chat","Feedback","Negative"
"2931","3","""2025-01-23""","In-Store","Purchase Consultation","Negative"
"2932","432","""2025-08-29""","App","Feedback","Positive"
"2933","26","""2025-04-20""","Social Media","Support","Neutral"
"2934","464","""2025-01-15""","Phone","Support","Neutral"
"2935","432","""2026-08-05""","Social Media","Inquiry","Neutral"
"2936","216","""2026-06-19""","Chat","Purchase Consultation","Positive"
"2937","151","""2025-08-18""","Social Media","Account Update","Neutral"
"2938","169","""2026-09-12""","Email","Purchase Consultation","Positive"
"2939","905","""2026-05-17""","In-Store","Inquiry","Neutral"
"2940","276","""2025-10-11""","Phone","Purchase Consultation","Neutral"
"2941","687","""2024-12-30""","Social Media","Account Update","Neutral"
"2942","90","""2025-06-05""","App","Feedback","Negative"
"2943","28","""2025-07-08""","In-Store","Feedback","Negative"
"2944","111","""2024-12-18""","Phone","Purchase Consultation","Negative"
"2945","97","""2025-03-30""","In-Store","Feedback","Negative"
"2946","818","""2026-07-20""","In-Store","Account Update","Neutral"
"2947","141","""2025-04-19""","Chat","Support","Positive"
"2948","19","""2025-12-24""","Phone","Support","Negative"
"2949","743","""2025-04-24""","App","Purchase Consultation","Neutral"
"2950","72","""2026-07-10""","In-Store","Account Update","Negative"
"2951","475","""2026-05-28""","App","Feedback","Positive"
"2952","74","""2025-08-21""","Social Media","Support","Negative"
"2953","43","""2025-03-26""","Phone","Feedback","Positive"
"2954","164","""2025-05-05""","In-Store","Purchase Consultation","Neutral"
"2955","830","""2025-06-16""","Phone","Feedback","Negative"
"2956","602","""2026-08-01""","Phone","Feedback","Neutral"
"2957","131","""2025-11-14""","Phone","Feedback","Neutral"
"2958","268","""2025-03-24""","In-Store","Support","Neutral"
"2959","275","""2025-03-24""","Social Media","Account Update","Neutral"
"2960","20","""2025-02-01""","In-Store","Feedback","Negative"
"2961","152","""2025-12-27""","Social Media","Account Update","Negative"
"2962","93","""2026-06-13""","App","Support","Negative"
"2963","140","""2025-04-20""","Phone","Account Update","Positive"
"2964","430","""2025-06-06""","In-Store","Inquiry","Positive"
"2965","805","""2025-02-05""","Chat","Account Update","Positive"
"2966","193","""2025-04-30""","App","Feedback","Neutral"
"2967","336","""2024-12-08""","Chat","Account Update","Positive"
"2968","182","""2026-04-29""","Social Media","Feedback","Neutral"
"2969","187","""2025-02-05""","App","Purchase Consultation","Positive"
"2970","248","""2026-03-08""","Email","Feedback","Positive"
"2971","62","""2024-09-25""","In-Store","Inquiry","Neutral"
"2972","108","""2026-07-05""","Phone","Feedback","Neutral"
"2973","120","""2025-02-19""","Phone","Account Update","Positive"
"2974","374","""2025-03-01""","In-Store","Inquiry","Neutral"
"2975","69","""2026-08-19""","Phone","Inquiry","Negative"
"2976","133","""2025-06-14""","Email","Feedback","Negative"
"2977","186","""2026-08-06""","Phone","Inquiry","Positive"
"2978","700","""2026-04-15""","Chat","Inquiry","Positive"
"2979","252","""2026-03-14""","Social Media","Purchase Consultation","Positive"
"2980","26","""2026-04-30""","Social Media","Feedback","Negative"
"2981","77","""2024-10-14""","Chat","Purchase Consultation","Negative"
"2982","997","""2025-10-07""","App","Account Update","Negative"
"2983","156","""2026-06-21""","In-Store","Account Update","Neutral"
"2984","9","""2026-08-04""","Social Media","Feedback","Positive"
"2985","660","""2025-07-31""","In-Store","Inquiry","Negative"
"2986","707","""2025-10-28""","Email","Inquiry","Neutral"
"2987","70","""2026-09-22""","Social Media","Feedback","Negative"
"2988","312","""2025-07-29""","Email","Purchase Consultation","Positive"
"2989","496","""2026-08-18""","Phone","Account Update","Positive"
"2990","401","""2025-05-12""","In-Store","Support","Positive"
"2991","483","""2025-03-26""","Email","Account Update","Positive"
"2992","147","""2024-12-24""","App","Feedback","Negative"
"2993","816","""2026-07-22""","Chat","Account Update","Positive"
"2994","90","""2024-11-18""","Email","Feedback","Neutral"
"2995","194","""2025-05-05""","Phone","Account Update","Neutral"
"2996","273","""2025-05-12""","App","Account Update","Positive"
"2997","251","""2025-08-13""","Email","Feedback","Neutral"
"2998","741","""2024-11-02""","Social Media","Support","Negative"
"2999","152","""2025-03-20""","Chat","Feedback","Neutral"
"3000","33","""2025-10-11""","In-Store","Feedback","Negative"
"3001","770","""2026-09-13""","Phone","Purchase Consultation","Neutral"
"3002","369","""2026-07-25""","Chat","Purchase Consultation","Positive"
"3003","232","""2026-03-10""","In-Store","Support","Positive"
"3004","580","""2025-12-16""","App","Support","Negative"
"3005","16","""2025-06-20""","Social Media","Support","Negative"
"3006","878","""2026-02-14""","In-Store","Account Update","Neutral"
"3007","195","""2025-10-18""","In-Store","Account Update","Neutral"
"3008","738","""2025-03-09""","Chat","Feedback","Negative"
"3009","897","""2025-01-01""","Chat","Purchase Consultation","Positive"
"3010","892","""2025-07-18""","Social Media","Support","Neutral"
"3011","62","""2026-01-13""","In-Store","Feedback","Negative"
"3012","349","""2025-06-15""","App","Inquiry","Positive"
"3013","848","""2026-08-03""","App","Inquiry","Positive"
"3014","729","""2024-11-17""","In-Store","Account Update","Negative"
"3015","277","""2025-09-19""","Social Media","Inquiry","Positive"
"3016","232","""2026-01-16""","Phone","Purchase Consultation","Positive"
"3017","29","""2025-02-08""","In-Store","Feedback","Positive"
"3018","35","""2025-02-06""","Social Media","Feedback","Neutral"
"3019","111","""2025-02-16""","Chat","Inquiry","Neutral"
"3020","175","""2025-02-03""","Social Media","Account Update","Positive"
"3021","104","""2025-02-01""","App","Support","Positive"
"3022","190","""2024-10-03""","Phone","Feedback","Neutral"
"3023","385","""2025-09-07""","In-Store","Account Update","Neutral"
"3024","990","""2024-12-06""","Phone","Purchase Consultation","Neutral"
"3025","99","""2024-11-04""","In-Store","Purchase Consultation","Negative"
"3026","978","""2026-09-12""","Email","Feedback","Neutral"
"3027","208","""2025-02-08""","In-Store","Feedback","Positive"
"3028","52","""2025-03-27""","Chat","Account Update","Neutral"
"3029","142","""2026-08-12""","In-Store","Feedback","Positive"
"3030","122","""2025-04-15""","Social Media","Feedback","Positive"
"3031","30","""2025-12-07""","Phone","Inquiry","Negative"
"3032","620","""2026-04-16""","Phone","Feedback","Neutral"
"3033","910","""2026-09-22""","Email","Account Update","Negative"
"3034","155","""2026-08-23""","Social Media","Purchase Consultation","Positive"
"3035","165","""2025-07-15""","In-Store","Feedback","Positive"
"3036","50","""2026-02-21""","Chat","Account Update","Positive"
"3037","18","""2024-10-13""","Email","Feedback","Neutral"
"3038","483","""2026-03-27""","App","Inquiry","Positive"
"3039","375","""2026-02-12""","In-Store","Feedback","Neutral"
"3040","113","""2024-12-14""","Email","Inquiry","Negative"
"3041","545","""2026-05-21""","Social Media","Purchase Consultation","Negative"
"3042","173","""2026-05-18""","App","Account Update","Negative"
"3043","720","""2025-07-02""","App","Purchase Consultation","Negative"
"3044","418","""2025-04-01""","Chat","Purchase Consultation","Positive"
"3045","364","""2026-07-06""","Email","Purchase Consultation","Positive"
"3046","104","""2025-09-10""","Email","Account Update","Negative"
"3047","74","""2025-04-27""","Email","Purchase Consultation","Negative"
"3048","97","""2026-02-03""","Phone","Account Update","Negative"
"3049","431","""2025-02-22""","Social Media","Inquiry","Positive"
"3050","469","""2025-07-17""","Social Media","Feedback","Positive"
"3051","12","""2026-05-29""","Phone","Account Update","Positive"
"3052","197","""2024-10-13""","Social Media","Inquiry","Negative"
"3053","49","""2026-03-13""","Phone","Purchase Consultation","Neutral"
"3054","447","""2026-04-29""","App","Inquiry","Positive"
"3055","362","""2026-04-16""","App","Account Update","Positive"
"3056","101","""2026-06-22""","Phone","Support","Positive"
"3057","980","""2025-05-19""","Phone","Inquiry","Negative"
"3058","805","""2026-06-10""","In-Store","Account Update","Neutral"
"3059","530","""2026-05-16""","Social Media","Purchase Consultation","Neutral"
"3060","101","""2026-03-28""","Social Media","Support","Neutral"
"3061","679","""2025-02-21""","In-Store","Inquiry","Positive"
"3062","47","""2024-10-25""","Social Media","Purchase Consultation","Positive"
"3063","603","""2025-03-23""","Chat","Feedback","Neutral"
"3064","288","""2024-11-02""","Chat","Inquiry","Positive"
"3065","93","""2026-04-14""","Phone","Account Update","Negative"
"3066","270","""2025-09-03""","Phone","Purchase Consultation","Positive"
"3067","921","""2026-01-29""","App","Account Update","Neutral"
"3068","414","""2024-12-23""","Chat","Support","Positive"
"3069","36","""2025-04-25""","In-Store","Support","Positive"
"3070","120","""2025-01-11""","In-Store","Inquiry","Positive"
"3071","291","""2025-10-29""","App","Purchase Consultation","Neutral"
"3072","87","""2026-04-29""","In-Store","Purchase Consultation","Negative"
"3073","54","""2024-11-28""","Social Media","Support","Negative"
"3074","255","""2025-04-20""","Social Media","Account Update","Positive"
"3075","619","""2025-12-06""","Chat","Feedback","Neutral"
"3076","120","""2026-09-06""","Chat","Account Update","Negative"
"3077","176","""2026-02-11""","Chat","Feedback","Negative"
"3078","149","""2026-05-17""","In-Store","Purchase Consultation","Positive"
"3079","253","""2026-09-13""","Phone","Feedback","Positive"
"3080","972","""2024-10-17""","In-Store","Inquiry","Neutral"
"3081","789","""2025-12-02""","Phone","Purchase Consultation","Positive"
"3082","492","""2025-02-07""","Social Media","Purchase Consultation","Positive"
"3083","300","""2025-09-28""","Chat","Inquiry","Positive"
"3084","42","""2026-09-17""","Phone","Account Update","Negative"
"3085","441","""2026-08-29""","Phone","Feedback","Positive"
"3086","150","""2025-09-22""","Social Media","Inquiry","Neutral"
"3087","13","""2026-01-26""","Social Media","Purchase Consultation","Negative"
"3088","281","""2026-09-13""","Social Media","Account Update","Positive"
"3089","344","""2025-07-04""","Phone","Feedback","Neutral"
"3090","108","""2025-04-04""","Chat","Support","Neutral"
"3091","100","""2026-02-19""","App","Support","Positive"
"3092","65","""2026-05-04""","Social Media","Feedback","Negative"
"3093","17","""2026-01-29""","Phone","Purchase Consultation","Negative"
"3094","38","""2026-08-21""","Email","Inquiry","Neutral"
"3095","177","""2025-12-03""","Chat","Support","Positive"
"3096","424","""2025-01-31""","Email","Purchase Consultation","Neutral"
"3097","8","""2024-11-15""","Phone","Inquiry","Negative"
"3098","182","""2024-12-01""","Email","Support","Negative"
"3099","134","""2025-12-17""","Social Media","Feedback","Positive"
"3100","213","""2026-04-22""","Social Media","Purchase Consultation","Positive"
"3101","98","""2025-08-12""","App","Purchase Consultation","Negative"
"3102","84","""2025-11-20""","Phone","Support","Negative"
"3103","381","""2025-06-21""","In-Store","Support","Positive"
"3104","464","""2024-11-26""","Email","Purchase Consultation","Positive"
"3105","658","""2025-09-04""","In-Store","Account Update","Negative"
"3106","192","""2024-12-04""","App","Support","Negative"
"3107","98","""2025-01-11""","Social Media","Inquiry","Negative"
"3108","444","""2026-09-20""","Social Media","Purchase Consultation","Positive"
"3109","94","""2025-09-06""","App","Feedback","Negative"
"3110","16","""2025-09-01""","Chat","Feedback","Neutral"
"3111","188","""2025-10-15""","App","Purchase Consultation","Positive"
"3112","496","""2025-07-02""","In-Store","Inquiry","Positive"
"3113","976","""2026-01-27""","Phone","Support","Neutral"
"3114","966","""2025-06-29""","Email","Account Update","Neutral"
"3115","620","""2025-06-27""","App","Purchase Consultation","Negative"
"3116","106","""2025-08-31""","App","Feedback","Negative"
"3117","378","""2026-04-04""","Chat","Purchase Consultation","Positive"
"3118","632","""2025-12-12""","Email","Support","Neutral"
"3119","257","""2026-02-02""","App","Support","Positive"
"3120","80","""2026-04-27""","Chat","Feedback","Negative"
"3121","150","""2025-12-23""","Phone","Feedback","Neutral"
"3122","26","""2026-03-29""","App","Feedback","Negative"
"3123","126","""2025-07-31""","App","Inquiry","Neutral"
"3124","44","""2025-07-16""","Chat","Support","Positive"
"3125","58","""2026-02-23""","Phone","Feedback","Negative"
"3126","390","""2025-06-05""","App","Purchase Consultation","Positive"
"3127","985","""2024-12-06""","App","Inquiry","Neutral"
"3128","280","""2025-09-21""","Email","Purchase Consultation","Positive"
"3129","98","""2025-11-04""","App","Inquiry","Negative"
"3130","79","""2025-03-23""","In-Store","Purchase Consultation","Positive"
"3131","93","""2025-09-05""","Email","Support","Negative"
"3132","183","""2025-07-15""","Phone","Support","Positive"
"3133","410","""2026-04-05""","In-Store","Purchase Consultation","Neutral"
"3134","54","""2025-07-25""","In-Store","Purchase Consultation","Positive"
"3135","44","""2025-04-04""","Email","Account Update","Neutral"
"3136","512","""2025-03-11""","Chat","Inquiry","Positive"
"3137","391","""2026-05-14""","App","Feedback","Positive"
"3138","385","""2025-04-19""","Phone","Purchase Consultation","Neutral"
"3139","547","""2025-01-14""","In-Store","Support","Positive"
"3140","820","""2025-02-04""","App","Support","Neutral"
"3141","661","""2026-03-29""","In-Store","Account Update","Negative"
"3142","160","""2026-03-27""","In-Store","Account Update","Neutral"
"3143","635","""2026-03-04""","Social Media","Account Update","Positive"
"3144","14","""2025-10-02""","App","Purchase Consultation","Neutral"
"3145","722","""2026-02-06""","In-Store","Feedback","Positive"
"3146","707","""2026-04-28""","In-Store","Inquiry","Neutral"
"3147","190","""2026-06-22""","In-Store","Purchase Consultation","Positive"
"3148","198","""2026-05-19""","Chat","Purchase Consultation","Positive"
"3149","31","""2026-07-31""","Email","Inquiry","Positive"
"3150","418","""2024-10-06""","In-Store","Purchase Consultation","Positive"
"3151","28","""2024-10-12""","Social Media","Support","Negative"
"3152","482","""2025-07-22""","Social Media","Account Update","Neutral"
"3153","87","""2025-12-23""","Social Media","Support","Negative"
"3154","159","""2026-03-27""","App","Support","Negative"
"3155","444","""2025-01-22""","Social Media","Feedback","Positive"
"3156","240","""2025-10-09""","Chat","Inquiry","Positive"
"3157","141","""2025-09-23""","Phone","Account Update","Negative"
"3158","26","""2025-12-06""","Social Media","Inquiry","Positive"
"3159","200","""2024-11-25""","Phone","Purchase Consultation","Neutral"
"3160","123","""2025-04-16""","Social Media","Purchase Consultation","Positive"
"3161","54","""2025-12-05""","App","Feedback","Neutral"
"3162","35","""2026-07-28""","Social Media","Feedback","Negative"
"3163","77","""2025-12-19""","Email","Feedback","Neutral"
"3164","359","""2025-08-19""","App","Support","Positive"
"3165","350","""2026-08-26""","Chat","Feedback","Positive"
"3166","401","""2025-02-24""","Email","Account Update","Positive"
"3167","936","""2025-01-25""","App","Support","Neutral"
"3168","173","""2025-08-15""","App","Inquiry","Neutral"
"3169","461","""2025-01-23""","In-Store","Inquiry","Neutral"
"3170","502","""2026-03-16""","Social Media","Purchase Consultation","Negative"
"3171","146","""2026-07-20""","In-Store","Purchase Consultation","Neutral"
"3172","889","""2026-06-26""","Phone","Account Update","Positive"
"3173","429","""2026-02-06""","In-Store","Purchase Consultation","Positive"
"3174","55","""2025-04-04""","In-Store","Account Update","Negative"
"3175","79","""2025-07-31""","Email","Inquiry","Negative"
"3176","764","""2026-05-05""","Phone","Inquiry","Positive"
"3177","106","""2025-09-29""","Chat","Inquiry","Neutral"
"3178","214","""2024-12-18""","In-Store","Purchase Consultation","Positive"
"3179","201","""2026-01-17""","Email","Purchase Consultation","Positive"
"3180","292","""2026-02-24""","Email","Feedback","Positive"
"3181","284","""2026-08-08""","Chat","Feedback","Neutral"
"3182","396","""2026-04-27""","In-Store","Account Update","Positive"
"3183","660","""2025-02-28""","Email","Purchase Consultation","Neutral"
"3184","496","""2026-08-19""","Phone","Purchase Consultation","Positive"
"3185","215","""2026-04-05""","Email","Feedback","Positive"
"3186","336","""2025-09-15""","Email","Account Update","Positive"
"3187","790","""2025-10-30""","In-Store","Support","Neutral"
"3188","147","""2024-10-19""","Phone","Inquiry","Negative"
"3189","53","""2025-07-05""","In-Store","Support","Positive"
"3190","13","""2024-11-02""","Phone","Support","Positive"
"3191","24","""2026-06-06""","In-Store","Feedback","Neutral"
"3192","160","""2025-02-04""","In-Store","Support","Neutral"
"3193","154","""2026-07-28""","Phone","Support","Negative"
"3194","498","""2024-12-18""","App","Support","Positive"
"3195","92","""2026-04-29""","In-Store","Purchase Consultation","Positive"
"3196","149","""2026-05-04""","In-Store","Inquiry","Negative"
"3197","77","""2024-12-03""","Social Media","Inquiry","Neutral"
"3198","324","""2026-08-11""","Phone","Purchase Consultation","Positive"
"3199","291","""2025-08-06""","Phone","Account Update","Neutral"
"3200","212","""2025-06-01""","In-Store","Inquiry","Positive"
"3201","340","""2025-04-18""","Social Media","Inquiry","Positive"
"3202","100","""2024-10-08""","Social Media","Feedback","Neutral"
"3203","392","""2026-05-12""","Phone","Support","Positive"
"3204","67","""2025-11-11""","Social Media","Purchase Consultation","Negative"
"3205","148","""2026-06-27""","Social Media","Support","Negative"
"3206","267","""2025-08-05""","Social Media","Feedback","Positive"
"3207","700","""2026-01-03""","Email","Feedback","Positive"
"3208","476","""2024-10-21""","App","Feedback","Positive"
"3209","418","""2025-05-05""","Email","Inquiry","Neutral"
"3210","58","""2025-03-18""","App","Inquiry","Negative"
"3211","177","""2026-07-07""","Email","Inquiry","Positive"
"3212","70","""2025-02-18""","App","Feedback","Neutral"
"3213","653","""2026-01-06""","Social Media","Feedback","Positive"
"3214","21","""2026-09-25""","Phone","Inquiry","Positive"
"3215","269","""2025-01-14""","Phone","Support","Positive"
"3216","434","""2026-08-02""","Social Media","Support","Positive"
"3217","345","""2026-01-19""","Phone","Account Update","Positive"
"3218","139","""2025-11-02""","Social Media","Account Update","Negative"
"3219","670","""2025-10-14""","App","Inquiry","Neutral"
"3220","374","""2026-04-07""","In-Store","Feedback","Positive"
"3221","488","""2026-06-14""","Email","Inquiry","Neutral"
"3222","247","""2024-12-11""","Chat","Inquiry","Positive"
"3223","186","""2025-06-13""","App","Inquiry","Positive"
"3224","114","""2026-04-13""","Chat","Support","Negative"
"3225","197","""2026-05-04""","Email","Account Update","Positive"
"3226","173","""2025-06-13""","In-Store","Purchase Consultation","Negative"
"3227","823","""2026-06-25""","Social Media","Inquiry","Negative"
"3228","855","""2026-08-02""","In-Store","Inquiry","Neutral"
"3229","108","""2025-11-25""","Chat","Account Update","Positive"
"3230","294","""2025-04-28""","In-Store","Inquiry","Positive"
"3231","41","""2024-11-09""","Phone","Feedback","Positive"
"3232","155","""2026-09-17""","In-Store","Inquiry","Neutral"
"3233","154","""2025-08-07""","Social Media","Account Update","Negative"
"3234","274","""2026-03-13""","Social Media","Inquiry","Neutral"
"3235","125","""2025-10-18""","Email","Support","Neutral"
"3236","53","""2025-03-08""","App","Support","Positive"
"3237","220","""2025-04-22""","Email","Account Update","Positive"
"3238","510","""2026-08-21""","Email","Account Update","Neutral"
"3239","780","""2025-02-27""","Email","Account Update","Neutral"
"3240","48","""2024-10-12""","Chat","Account Update","Positive"
"3241","263","""2024-10-29""","Email","Purchase Consultation","Neutral"
"3242","487","""2026-09-21""","In-Store","Inquiry","Positive"
"3243","293","""2024-11-01""","Social Media","Purchase Consultation","Positive"
"3244","487","""2026-07-26""","Social Media","Feedback","Positive"
"3245","220","""2025-11-05""","Chat","Support","Positive"
"3246","500","""2025-09-22""","Phone","Purchase Consultation","Positive"
"3247","99","""2025-07-17""","Phone","Support","Negative"
"3248","237","""2024-10-30""","Social Media","Inquiry","Positive"
"3249","420","""2025-07-08""","Social Media","Account Update","Neutral"
"3250","252","""2026-09-18""","Email","Purchase Consultation","Positive"
"3251","57","""2026-07-09""","Social Media","Support","Neutral"
"3252","872","""2026-02-16""","Social Media","Purchase Consultation","Positive"
"3253","712","""2025-10-19""","Social Media","Inquiry","Neutral"
"3254","933","""2025-08-15""","Social Media","Feedback","Negative"
"3255","22","""2026-07-05""","In-Store","Purchase Consultation","Negative"
"3256","499","""2025-12-10""","Phone","Support","Positive"
"3257","66","""2025-09-17""","In-Store","Purchase Consultation","Negative"
"3258","83","""2025-09-25""","Social Media","Account Update","Neutral"
"3259","340","""2025-02-17""","Phone","Inquiry","Positive"
"3260","9","""2025-03-25""","App","Feedback","Neutral"
"3261","492","""2025-10-17""","App","Purchase Consultation","Neutral"
"3262","61","""2026-06-22""","Phone","Account Update","Negative"
"3263","873","""2024-12-06""","Email","Support","Negative"
"3264","498","""2024-10-11""","Chat","Support","Positive"
"3265","9","""2025-11-10""","App","Account Update","Negative"
"3266","144","""2025-06-02""","In-Store","Inquiry","Positive"
"3267","65","""2024-11-01""","Email","Feedback","Neutral"
"3268","277","""2026-03-19""","App","Support","Positive"
"3269","51","""2024-10-25""","Phone","Support","Negative"
"3270","697","""2025-09-06""","Chat","Inquiry","Neutral"
"3271","421","""2025-01-08""","In-Store","Inquiry","Positive"
"3272","11","""2025-07-01""","Social Media","Feedback","Positive"
"3273","82","""2026-05-02""","In-Store","Inquiry","Negative"
"3274","208","""2026-05-28""","App","Support","Neutral"
"3275","82","""2026-01-18""","Phone","Inquiry","Negative"
"3276","82","""2025-02-27""","App","Support","Neutral"
"3277","373","""2025-07-04""","Social Media","Support","Positive"
"3278","123","""2025-07-31""","Email","Account Update","Neutral"
"3279","92","""2025-08-14""","Phone","Inquiry","Neutral"
"3280","368","""2026-05-05""","In-Store","Purchase Consultation","Neutral"
"3281","99","""2025-11-19""","Email","Support","Negative"
"3282","323","""2025-08-03""","In-Store","Account Update","Positive"
"3283","195","""2025-10-20""","Phone","Support","Positive"
"3284","63","""2026-07-02""","Chat","Purchase Consultation","Negative"
"3285","353","""2026-06-21""","App","Account Update","Positive"
"3286","199","""2025-05-06""","Social Media","Account Update","Negative"
"3287","380","""2026-07-16""","Email","Support","Positive"
"3288","206","""2025-12-28""","Email","Inquiry","Positive"
"3289","488","""2026-05-06""","Social Media","Feedback","Positive"
"3290","786","""2026-01-09""","Phone","Support","Neutral"
"3291","24","""2025-04-20""","Chat","Account Update","Positive"
"3292","226","""2025-07-12""","Email","Inquiry","Positive"
"3293","458","""2026-07-16""","In-Store","Support","Neutral"
"3294","66","""2026-08-28""","Phone","Support","Neutral"
"3295","880","""2026-01-14""","Phone","Feedback","Negative"
"3296","39","""2025-01-26""","Email","Account Update","Negative"
"3297","107","""2024-10-14""","Social Media","Feedback","Neutral"
"3298","186","""2025-11-18""","In-Store","Feedback","Neutral"
"3299","433","""2024-12-28""","In-Store","Account Update","Positive"
"3300","238","""2025-08-17""","Social Media","Feedback","Positive"
"3301","294","""2026-04-03""","Social Media","Support","Positive"
"3302","79","""2025-01-13""","Phone","Account Update","Positive"
"3303","192","""2025-10-25""","Social Media","Account Update","Neutral"
"3304","440","""2025-03-12""","Social Media","Feedback","Positive"
"3305","473","""2024-12-13""","Email","Feedback","Positive"
"3306","330","""2025-01-24""","In-Store","Feedback","Neutral"
"3307","782","""2025-06-25""","Phone","Support","Negative"
"3308","76","""2025-09-11""","Phone","Support","Negative"
"3309","649","""2026-01-14""","Social Media","Account Update","Neutral"
"3310","484","""2025-02-19""","Email","Inquiry","Positive"
"3311","147","""2025-03-20""","In-Store","Account Update","Neutral"
"3312","109","""2025-10-22""","In-Store","Account Update","Neutral"
"3313","519","""2026-05-16""","Phone","Inquiry","Negative"
"3314","43","""2025-11-25""","Phone","Inquiry","Neutral"
"3315","362","""2024-11-16""","Phone","Purchase Consultation","Positive"
"3316","566","""2024-11-16""","Email","Feedback","Positive"
"3317","366","""2024-11-28""","Chat","Inquiry","Positive"
"3318","874","""2026-05-26""","Email","Feedback","Positive"
"3319","275","""2025-05-19""","App","Feedback","Positive"
"3320","84","""2025-09-23""","Social Media","Purchase Consultation","Negative"
"3321","238","""2024-10-04""","Social Media","Purchase Consultation","Positive"
"3322","796","""2026-04-17""","Chat","Feedback","Negative"
"3323","789","""2025-11-08""","Phone","Purchase Consultation","Positive"
"3324","310","""2026-08-09""","In-Store","Purchase Consultation","Positive"
"3325","371","""2025-08-19""","Social Media","Inquiry","Neutral"
"3326","461","""2025-10-07""","App","Purchase Consultation","Positive"
"3327","38","""2025-04-23""","Social Media","Feedback","Neutral"
"3328","231","""2026-05-28""","Chat","Inquiry","Positive"
"3329","108","""2026-08-03""","Phone","Support","Neutral"
"3330","349","""2025-05-12""","Chat","Support","Positive"
"3331","56","""2025-08-05""","Phone","Purchase Consultation","Negative"
"3332","99","""2025-12-20""","Email","Inquiry","Negative"
"3333","149","""2025-02-13""","Chat","Inquiry","Neutral"
"3334","234","""2025-08-24""","In-Store","Purchase Consultation","Positive"
"3335","708","""2025-06-04""","App","Purchase Consultation","Neutral"
"3336","919","""2025-08-04""","Social Media","Inquiry","Positive"
"3337","717","""2025-03-23""","Chat","Inquiry","Negative"
"3338","192","""2025-08-15""","Email","Support","Negative"
"3339","37","""2025-02-04""","Social Media","Feedback","Negative"
"3340","480","""2026-08-06""","Email","Support","Positive"
"3341","330","""2025-12-11""","Phone","Support","Neutral"
"3342","25","""2024-11-16""","Phone","Account Update","Negative"
"3343","52","""2025-11-29""","Email","Purchase Consultation","Negative"
"3344","300","""2026-07-26""","In-Store","Inquiry","Positive"
"3345","274","""2025-07-20""","In-Store","Account Update","Positive"
"3346","41","""2026-05-31""","Phone","Purchase Consultation","Positive"
"3347","581","""2025-12-14""","Social Media","Feedback","Negative"
"3348","817","""2025-11-17""","Phone","Feedback","Neutral"
"3349","354","""2024-11-24""","Phone","Support","Positive"
"3350","351","""2024-12-22""","Phone","Support","Positive"
"3351","925","""2026-06-22""","Social Media","Feedback","Negative"
"3352","95","""2026-08-28""","Social Media","Inquiry","Neutral"
"3353","150","""2026-03-14""","Chat","Inquiry","Neutral"
"3354","300","""2025-08-09""","In-Store","Support","Positive"
"3355","469","""2025-06-11""","Social Media","Account Update","Positive"
"3356","661","""2026-07-23""","App","Purchase Consultation","Positive"
"3357","83","""2026-03-11""","App","Support","Positive"
"3358","137","""2026-03-18""","App","Purchase Consultation","Negative"
"3359","892","""2026-09-13""","Social Media","Inquiry","Neutral"
"3360","177","""2024-10-12""","App","Feedback","Positive"
"3361","285","""2025-07-04""","In-Store","Support","Neutral"
"3362","60","""2026-04-19""","Chat","Feedback","Positive"
"3363","363","""2025-03-23""","Email","Purchase Consultation","Positive"
"3364","127","""2024-11-05""","App","Inquiry","Positive"
"3365","37","""2025-11-13""","Social Media","Inquiry","Positive"
"3366","300","""2025-05-29""","Social Media","Account Update","Positive"
"3367","91","""2025-03-06""","App","Inquiry","Neutral"
"3368","103","""2025-06-06""","Chat","Support","Neutral"
"3369","989","""2025-06-13""","Chat","Purchase Consultation","Negative"
"3370","277","""2024-10-21""","Social Media","Inquiry","Positive"
"3371","68","""2026-01-17""","Social Media","Account Update","Negative"
"3372","304","""2026-06-26""","Social Media","Account Update","Positive"
"3373","262","""2025-04-12""","Chat","Purchase Consultation","Positive"
"3374","234","""2025-04-27""","Chat","Inquiry","Positive"
"3375","56","""2026-02-16""","App","Feedback","Positive"
"3376","499","""2024-12-09""","Chat","Support","Neutral"
"3377","657","""2025-11-14""","Email","Support","Negative"
"3378","840","""2025-06-20""","In-Store","Support","Neutral"
"3379","460","""2025-07-01""","In-Store","Account Update","Positive"
"3380","802","""2025-07-09""","App","Feedback","Negative"
"3381","174","""2026-07-06""","Email","Account Update","Positive"
"3382","329","""2025-08-27""","App","Purchase Consultation","Positive"
"3383","291","""2026-03-31""","App","Feedback","Neutral"
"3384","7","""2025-09-07""","Social Media","Support","Negative"
"3385","453","""2026-04-02""","Email","Feedback","Positive"
"3386","813","""2026-01-27""","In-Store","Purchase Consultation","Negative"
"3387","32","""2025-02-03""","In-Store","Purchase Consultation","Neutral"
"3388","391","""2025-07-25""","Chat","Inquiry","Positive"
"3389","782","""2026-04-06""","App","Support","Neutral"
"3390","326","""2026-08-09""","In-Store","Inquiry","Positive"
"3391","740","""2025-04-01""","In-Store","Support","Neutral"
"3392","846","""2025-11-14""","App","Support","Negative"
"3393","175","""2026-04-16""","Phone","Inquiry","Neutral"
"3394","96","""2026-07-11""","In-Store","Feedback","Negative"
"3395","224","""2026-07-23""","App","Account Update","Neutral"
"3396","233","""2025-12-22""","Social Media","Purchase Consultation","Positive"
"3397","222","""2025-10-17""","Social Media","Account Update","Positive"
"3398","746","""2025-05-15""","Email","Support","Neutral"
"3399","87","""2026-05-30""","App","Inquiry","Negative"
"3400","131","""2025-08-11""","Email","Account Update","Positive"
"3401","853","""2026-03-27""","App","Account Update","Negative"
"3402","398","""2026-01-08""","App","Inquiry","Positive"
"3403","375","""2024-12-25""","Phone","Feedback","Neutral"
"3404","52","""2025-01-25""","Social Media","Feedback","Negative"
"3405","432","""2025-10-25""","Chat","Purchase Consultation","Neutral"
"3406","816","""2025-06-30""","In-Store","Support","Negative"
"3407","61","""2025-12-13""","Social Media","Account Update","Negative"
"3408","52","""2024-12-28""","Phone","Account Update","Negative"
"3409","406","""2025-01-23""","In-Store","Inquiry","Neutral"
"3410","510","""2026-05-16""","App","Feedback","Neutral"
"3411","444","""2025-05-26""","In-Store","Support","Positive"
"3412","197","""2024-12-07""","In-Store","Support","Neutral"
"3413","41","""2026-07-29""","Social Media","Feedback","Negative"
"3414","269","""2025-06-29""","Phone","Purchase Consultation","Positive"
"3415","664","""2026-07-01""","App","Inquiry","Negative"
"3416","2","""2025-02-07""","Social Media","Support","Neutral"
"3417","43","""2026-08-19""","In-Store","Purchase Consultation","Negative"
"3418","44","""2025-07-27""","App","Support","Negative"
"3419","52","""2026-04-11""","App","Account Update","Neutral"
"3420","847","""2025-09-15""","In-Store","Feedback","Neutral"
"3421","876","""2025-12-12""","Social Media","Account Update","Negative"
"3422","57","""2024-11-10""","Email","Purchase Consultation","Positive"
"3423","962","""2025-05-24""","Chat","Purchase Consultation","Neutral"
"3424","65","""2025-05-05""","In-Store","Inquiry","Positive"
"3425","26","""2024-10-02""","Chat","Support","Neutral"
"3426","32","""2026-06-10""","Phone","Feedback","Negative"
"3427","246","""2026-01-21""","In-Store","Inquiry","Positive"
"3428","367","""2025-03-07""","Social Media","Support","Positive"
"3429","577","""2025-05-26""","Phone","Inquiry","Neutral"
"3430","446","""2024-12-29""","Social Media","Inquiry","Positive"
"3431","558","""2025-04-13""","Email","Purchase Consultation","Neutral"
"3432","543","""2026-08-07""","Email","Feedback","Positive"
"3433","105","""2025-01-21""","Email","Purchase Consultation","Negative"
"3434","341","""2025-02-20""","Social Media","Account Update","Positive"
"3435","407","""2026-04-08""","In-Store","Account Update","Positive"
"3436","5","""2025-07-09""","App","Account Update","Negative"
"3437","464","""2024-11-10""","Social Media","Feedback","Positive"
"3438","118","""2024-12-31""","Phone","Feedback","Negative"
"3439","76","""2025-12-19""","Phone","Feedback","Positive"
"3440","54","""2024-10-26""","Chat","Purchase Consultation","Neutral"
"3441","385","""2024-12-02""","App","Support","Positive"
"3442","247","""2026-02-15""","In-Store","Account Update","Neutral"
"3443","221","""2026-09-12""","Chat","Feedback","Positive"
"3444","903","""2025-03-07""","App","Account Update","Positive"
"3445","93","""2025-09-13""","Social Media","Account Update","Positive"
"3446","553","""2026-01-13""","Social Media","Inquiry","Positive"
"3447","847","""2024-09-29""","In-Store","Inquiry","Neutral"
"3448","22","""2025-05-30""","Social Media","Inquiry","Neutral"
"3449","88","""2026-02-28""","Chat","Inquiry","Negative"
"3450","42","""2025-05-13""","Phone","Feedback","Neutral"
"3451","970","""2025-11-03""","Social Media","Purchase Consultation","Neutral"
"3452","208","""2025-04-17""","Social Media","Support","Positive"
"3453","479","""2025-11-05""","App","Support","Positive"
"3454","19","""2026-05-03""","Social Media","Feedback","Neutral"
"3455","272","""2026-03-14""","In-Store","Inquiry","Positive"
"3456","94","""2024-10-08""","In-Store","Inquiry","Negative"
"3457","45","""2025-03-28""","Chat","Support","Negative"
"3458","57","""2026-08-15""","In-Store","Account Update","Positive"
"3459","483","""2025-04-22""","Social Media","Feedback","Positive"
"3460","158","""2026-09-10""","Phone","Support","Neutral"
"3461","496","""2026-03-24""","Phone","Feedback","Positive"
"3462","62","""2026-02-12""","Chat","Inquiry","Neutral"
"3463","372","""2025-10-26""","In-Store","Inquiry","Positive"
"3464","171","""2026-09-02""","Phone","Support","Neutral"
"3465","55","""2024-12-24""","App","Purchase Consultation","Positive"
"3466","451","""2024-11-12""","App","Feedback","Positive"
"3467","169","""2026-05-04""","Email","Feedback","Neutral"
"3468","200","""2025-12-17""","Social Media","Purchase Consultation","Positive"
"3469","35","""2025-06-18""","App","Account Update","Negative"
"3470","169","""2025-09-18""","Social Media","Support","Neutral"
"3471","809","""2026-06-01""","Email","Feedback","Neutral"
"3472","302","""2026-08-05""","Chat","Account Update","Neutral"
"3473","820","""2025-08-02""","App","Purchase Consultation","Negative"
"3474","69","""2026-03-26""","In-Store","Inquiry","Negative"
"3475","67","""2025-05-21""","Social Media","Feedback","Neutral"
"3476","37","""2026-03-16""","App","Purchase Consultation","Negative"
"3477","852","""2025-06-29""","App","Inquiry","Neutral"
"3478","122","""2026-08-04""","Email","Purchase Consultation","Positive"
"3479","264","""2025-01-01""","App","Inquiry","Positive"
"3480","86","""2025-10-13""","App","Feedback","Positive"
"3481","54","""2025-06-22""","Email","Purchase Consultation","Negative"
"3482","63","""2025-05-21""","Phone","Account Update","Positive"
"3483","420","""2026-08-05""","Social Media","Inquiry","Positive"
"3484","228","""2026-06-09""","Chat","Feedback","Positive"
"3485","4","""2026-02-24""","Email","Purchase Consultation","Positive"
"3486","7","""2025-08-04""","Social Media","Purchase Consultation","Negative"
"3487","520","""2026-03-06""","Social Media","Inquiry","Positive"
"3488","840","""2026-04-07""","Chat","Purchase Consultation","Negative"
"3489","30","""2025-02-02""","Email","Purchase Consultation","Neutral"
"3490","190","""2025-02-28""","App","Support","Negative"
"3491","24","""2025-10-17""","Phone","Account Update","Neutral"
"3492","98","""2025-05-02""","App","Support","Positive"
"3493","667","""2026-01-03""","In-Store","Account Update","Neutral"
"3494","398","""2026-06-17""","App","Purchase Consultation","Neutral"
"3495","82","""2026-07-14""","App","Inquiry","Positive"
"3496","46","""2024-10-18""","In-Store","Account Update","Negative"
"3497","144","""2025-01-03""","Social Media","Support","Positive"
"3498","261","""2026-07-07""","Chat","Feedback","Positive"
"3499","187","""2025-05-27""","Phone","Feedback","Neutral"
"3500","43","""2026-03-20""","Social Media","Feedback","Negative"
"3501","225","""2025-05-06""","Phone","Feedback","Positive"
"3502","6","""2026-04-08""","In-Store","Inquiry","Negative"
"3503","436","""2025-09-12""","In-Store","Feedback","Neutral"
"3504","156","""2025-04-03""","App","Purchase Consultation","Negative"
"3505","928","""2025-08-01""","Phone","Feedback","Neutral"
"3506","876","""2024-11-29""","App","Inquiry","Neutral"
"3507","814","""2025-09-21""","Email","Feedback","Neutral"
"3508","479","""2025-02-09""","In-Store","Support","Positive"
"3509","318","""2024-09-28""","Phone","Inquiry","Positive"
"3510","386","""2026-02-18""","Email","Account Update","Positive"
"3511","999","""2026-04-16""","App","Support","Neutral"
"3512","827","""2026-09-22""","Email","Purchase Consultation","Neutral"
"3513","711","""2025-04-13""","Social Media","Purchase Consultation","Positive"
"3514","882","""2026-02-18""","Social Media","Inquiry","Neutral"
"3515","417","""2026-06-20""","App","Inquiry","Neutral"
"3516","24","""2024-12-07""","Chat","Support","Negative"
"3517","166","""2025-08-23""","Chat","Purchase Consultation","Neutral"
"3518","237","""2026-06-14""","Chat","Inquiry","Neutral"
"3519","63","""2025-07-30""","Chat","Feedback","Negative"
"3520","350","""2025-10-30""","Social Media","Purchase Consultation","Positive"
"3521","481","""2026-08-13""","Social Media","Inquiry","Positive"
"3522","286","""2025-11-14""","Phone","Feedback","Positive"
"3523","162","""2026-03-13""","Chat","Feedback","Negative"
"3524","138","""2025-11-27""","Email","Support","Neutral"
"3525","735","""2025-02-09""","Chat","Support","Neutral"
"3526","430","""2025-03-19""","Social Media","Feedback","Positive"
"3527","90","""2026-01-01""","Email","Purchase Consultation","Negative"
"3528","218","""2024-11-13""","Phone","Purchase Consultation","Positive"
"3529","367","""2026-04-15""","App","Inquiry","Positive"
"3530","67","""2024-12-13""","Chat","Support","Neutral"
"3531","702","""2025-03-05""","Chat","Feedback","Neutral"
"3532","881","""2025-05-03""","In-Store","Account Update","Neutral"
"3533","360","""2025-08-02""","Email","Purchase Consultation","Positive"
"3534","328","""2025-03-31""","App","Purchase Consultation","Positive"
"3535","397","""2026-09-23""","Email","Inquiry","Positive"
"3536","128","""2026-04-28""","Email","Inquiry","Negative"
"3537","130","""2024-12-04""","Email","Purchase Consultation","Negative"
"3538","122","""2026-09-13""","Social Media","Account Update","Neutral"
"3539","782","""2026-08-30""","Social Media","Inquiry","Negative"
"3540","136","""2026-06-16""","In-Store","Purchase Consultation","Positive"
"3541","237","""2026-02-13""","Chat","Purchase Consultation","Neutral"
"3542","293","""2026-03-22""","In-Store","Support","Positive"
"3543","331","""2025-09-10""","In-Store","Support","Positive"
"3544","670","""2025-06-27""","Email","Account Update","Positive"
"3545","325","""2024-10-25""","App","Purchase Consultation","Neutral"
"3546","452","""2024-10-30""","In-Store","Feedback","Positive"
"3547","131","""2025-04-18""","App","Feedback","Negative"
"3548","374","""2026-08-29""","Email","Inquiry","Positive"
"3549","568","""2025-01-21""","Email","Feedback","Negative"
"3550","243","""2025-03-07""","In-Store","Support","Positive"
"3551","404","""2025-09-25""","Social Media","Purchase Consultation","Positive"
"3552","889","""2025-01-29""","Chat","Feedback","Neutral"
"3553","189","""2025-10-16""","Email","Account Update","Neutral"
"3554","127","""2026-07-22""","Social Media","Account Update","Positive"
"3555","546","""2025-04-22""","App","Purchase Consultation","Neutral"
"3556","899","""2026-08-09""","Social Media","Support","Negative"
"3557","243","""2025-01-13""","Email","Support","Positive"
"3558","137","""2026-01-31""","In-Store","Account Update","Negative"
"3559","146","""2026-03-13""","Email","Feedback","Neutral"
"3560","53","""2026-07-17""","Email","Support","Negative"
"3561","14","""2026-09-18""","App","Feedback","Neutral"
"3562","95","""2025-05-19""","In-Store","Support","Negative"
"3563","608","""2025-07-10""","Chat","Purchase Consultation","Positive"
"3564","954","""2025-10-07""","In-Store","Support","Positive"
"3565","151","""2026-01-27""","Email","Feedback","Neutral"
"3566","610","""2025-01-28""","In-Store","Account Update","Neutral"
"3567","500","""2026-02-28""","In-Store","Inquiry","Neutral"
"3568","197","""2026-07-13""","Email","Inquiry","Neutral"
"3569","439","""2024-11-08""","Social Media","Purchase Consultation","Positive"
"3570","202","""2025-07-14""","In-Store","Feedback","Positive"
"3571","246","""2025-01-13""","In-Store","Account Update","Positive"
"3572","67","""2025-10-26""","App","Account Update","Negative"
"3573","421","""2025-07-17""","Phone","Account Update","Positive"
"3574","124","""2025-05-23""","In-Store","Purchase Consultation","Neutral"
"3575","191","""2025-10-23""","Email","Account Update","Negative"
"3576","1","""2025-05-02""","App","Support","Negative"
"3577","367","""2025-02-06""","Email","Account Update","Positive"
"3578","66","""2026-01-15""","Chat","Inquiry","Negative"
"3579","465","""2025-12-22""","App","Feedback","Positive"
"3580","478","""2025-01-02""","Email","Feedback","Positive"
"3581","341","""2024-09-30""","Chat","Account Update","Positive"
"3582","316","""2026-07-13""","Chat","Inquiry","Positive"
"3583","211","""2025-08-12""","Social Media","Feedback","Positive"
"3584","21","""2026-04-03""","Email","Purchase Consultation","Positive"
"3585","167","""2025-08-22""","App","Purchase Consultation","Neutral"
"3586","529","""2026-04-25""","Chat","Support","Negative"
"3587","150","""2026-02-13""","Social Media","Feedback","Positive"
"3588","276","""2026-06-17""","Social Media","Inquiry","Positive"
"3589","354","""2024-10-18""","App","Inquiry","Positive"
"3590","368","""2025-05-11""","Email","Account Update","Neutral"
"3591","368","""2025-01-19""","Phone","Support","Neutral"
"3592","30","""2025-06-24""","Chat","Account Update","Negative"
"3593","105","""2024-10-19""","Chat","Account Update","Neutral"
"3594","489","""2025-11-04""","Social Media","Inquiry","Positive"
"3595","402","""2025-07-03""","Chat","Inquiry","Positive"
"3596","542","""2025-09-20""","App","Feedback","Positive"
"3597","14","""2025-06-04""","Phone","Account Update","Positive"
"3598","618","""2025-08-29""","Social Media","Feedback","Negative"
"3599","91","""2025-05-25""","Phone","Support","Negative"
"3600","335","""2025-11-21""","Phone","Purchase Consultation","Neutral"
"3601","199","""2025-07-08""","In-Store","Purchase Consultation","Negative"
"3602","82","""2025-09-07""","Chat","Feedback","Positive"
"3603","423","""2025-04-24""","Chat","Purchase Consultation","Positive"
"3604","249","""2024-10-27""","Email","Account Update","Neutral"
"3605","847","""2025-04-21""","Email","Inquiry","Neutral"
"3606","909","""2024-11-28""","Phone","Inquiry","Positive"
"3607","82","""2026-05-17""","Email","Purchase Consultation","Positive"
"3608","91","""2026-07-11""","In-Store","Support","Neutral"
"3609","435","""2026-09-18""","Social Media","Account Update","Neutral"
"3610","784","""2025-04-13""","In-Store","Feedback","Neutral"
"3611","100","""2026-04-17""","Phone","Inquiry","Negative"
"3612","3","""2025-05-13""","App","Account Update","Neutral"
"3613","363","""2025-02-19""","Chat","Support","Positive"
"3614","576","""2025-06-24""","Email","Feedback","Neutral"
"3615","8","""2026-01-26""","In-Store","Feedback","Negative"
"3616","302","""2025-07-24""","Social Media","Account Update","Positive"
"3617","751","""2024-10-09""","Social Media","Purchase Consultation","Positive"
"3618","146","""2025-08-18""","App","Feedback","Neutral"
"3619","516","""2025-05-15""","Chat","Feedback","Neutral"
"3620","369","""2025-09-21""","Email","Inquiry","Positive"
"3621","254","""2025-06-09""","Email","Feedback","Positive"
"3622","200","""2026-07-25""","Social Media","Support","Positive"
"3623","221","""2026-02-02""","Phone","Feedback","Positive"
"3624","429","""2026-09-07""","In-Store","Support","Neutral"
"3625","404","""2026-04-18""","Email","Account Update","Positive"
"3626","18","""2025-04-16""","In-Store","Purchase Consultation","Neutral"
"3627","20","""2026-01-31""","Phone","Inquiry","Neutral"
"3628","92","""2025-09-19""","Phone","Account Update","Positive"
"3629","160","""2026-01-17""","In-Store","Feedback","Positive"
"3630","24","""2025-11-21""","Social Media","Support","Positive"
"3631","862","""2025-07-18""","Email","Account Update","Neutral"
"3632","103","""2026-08-19""","App","Feedback","Neutral"
"3633","849","""2025-12-04""","Email","Support","Neutral"
"3634","64","""2025-01-18""","App","Purchase Consultation","Negative"
"3635","299","""2026-07-14""","Email","Account Update","Positive"
"3636","193","""2025-12-01""","App","Account Update","Neutral"
"3637","172","""2026-07-08""","App","Purchase Consultation","Neutral"
"3638","349","""2024-09-30""","In-Store","Support","Neutral"
"3639","482","""2025-02-18""","In-Store","Support","Neutral"
"3640","399","""2026-05-19""","Chat","Purchase Consultation","Positive"
"3641","438","""2024-11-29""","Email","Account Update","Positive"
"3642","234","""2025-08-20""","Social Media","Support","Positive"
"3643","3","""2025-09-28""","App","Feedback","Negative"
"3644","38","""2026-01-04""","Phone","Account Update","Negative"
"3645","923","""2024-10-25""","App","Purchase Consultation","Neutral"
"3646","322","""2026-09-15""","Social Media","Purchase Consultation","Neutral"
"3647","442","""2025-06-23""","Email","Account Update","Positive"
"3648","47","""2024-11-20""","App","Feedback","Positive"
"3649","217","""2025-01-25""","Phone","Support","Neutral"
"3650","99","""2024-12-16""","In-Store","Support","Neutral"
"3651","152","""2025-07-18""","In-Store","Feedback","Neutral"
"3652","232","""2025-03-31""","Chat","Inquiry","Positive"
"3653","827","""2026-02-02""","Chat","Support","Neutral"
"3654","248","""2025-12-27""","App","Account Update","Positive"
"3655","123","""2025-07-10""","App","Purchase Consultation","Neutral"
"3656","131","""2026-02-26""","Social Media","Inquiry","Negative"
"3657","470","""2025-04-06""","Social Media","Account Update","Neutral"
"3658","27","""2026-06-15""","Chat","Account Update","Neutral"
"3659","217","""2025-06-26""","Chat","Feedback","Neutral"
"3660","557","""2026-03-30""","Chat","Feedback","Neutral"
"3661","654","""2025-09-09""","In-Store","Purchase Consultation","Negative"
"3662","562","""2025-05-11""","Email","Support","Negative"
"3663","787","""2026-08-12""","App","Inquiry","Negative"
"3664","1","""2025-06-08""","App","Purchase Consultation","Neutral"
"3665","436","""2026-08-30""","App","Support","Neutral"
"3666","10","""2025-03-18""","Social Media","Support","Negative"
"3667","206","""2024-11-05""","Phone","Feedback","Positive"
"3668","48","""2026-08-21""","App","Account Update","Negative"
"3669","386","""2025-02-20""","In-Store","Purchase Consultation","Positive"
"3670","270","""2025-07-14""","Email","Account Update","Positive"
"3671","927","""2026-08-03""","In-Store","Feedback","Negative"
"3672","173","""2026-07-25""","Phone","Feedback","Positive"
"3673","60","""2026-01-03""","Social Media","Feedback","Positive"
"3674","335","""2025-11-03""","Social Media","Support","Positive"
"3675","303","""2025-03-23""","App","Account Update","Positive"
"3676","391","""2026-02-12""","App","Support","Positive"
"3677","67","""2026-07-19""","Email","Support","Positive"
"3678","110","""2026-06-25""","Phone","Account Update","Positive"
"3679","64","""2024-11-26""","App","Support","Negative"
"3680","991","""2025-06-24""","Social Media","Support","Positive"
"3681","58","""2025-06-12""","Social Media","Support","Neutral"
"3682","718","""2025-05-22""","Social Media","Account Update","Negative"
"3683","693","""2026-07-07""","In-Store","Inquiry","Neutral"
"3684","159","""2025-10-15""","Email","Purchase Consultation","Neutral"
"3685","451","""2026-06-04""","Email","Account Update","Positive"
"3686","462","""2025-09-06""","Chat","Feedback","Positive"
"3687","298","""2024-09-27""","Email","Account Update","Positive"
"3688","947","""2026-01-13""","App","Inquiry","Positive"
"3689","61","""2024-11-02""","Social Media","Inquiry","Negative"
"3690","96","""2025-04-26""","Phone","Support","Negative"
"3691","310","""2026-07-08""","Chat","Support","Positive"
"3692","696","""2025-03-14""","Phone","Inquiry","Negative"
"3693","544","""2025-05-10""","Phone","Inquiry","Negative"
"3694","22","""2025-04-27""","App","Support","Negative"
"3695","142","""2026-03-17""","App","Feedback","Neutral"
"3696","58","""2026-08-21""","Chat","Inquiry","Neutral"
"3697","100","""2026-06-28""","Phone","Inquiry","Neutral"
"3698","55","""2025-07-16""","Chat","Support","Positive"
"3699","15","""2024-10-23""","App","Support","Negative"
"3700","185","""2026-01-19""","Social Media","Feedback","Neutral"
"3701","583","""2025-03-22""","App","Feedback","Neutral"
"3702","135","""2026-06-21""","Email","Support","Positive"
"3703","62","""2025-02-27""","Social Media","Support","Negative"
"3704","55","""2026-04-13""","Phone","Feedback","Neutral"
"3705","495","""2025-01-01""","In-Store","Purchase Consultation","Positive"
"3706","190","""2026-07-10""","In-Store","Inquiry","Positive"
"3707","53","""2026-01-27""","In-Store","Feedback","Neutral"
"3708","346","""2024-10-11""","Email","Inquiry","Neutral"
"3709","36","""2026-03-01""","Email","Feedback","Negative"
"3710","42","""2025-12-02""","App","Purchase Consultation","Negative"
"3711","132","""2025-12-01""","Chat","Account Update","Neutral"
"3712","342","""2025-01-17""","App","Account Update","Positive"
"3713","492","""2026-02-04""","Chat","Feedback","Positive"
"3714","407","""2026-05-26""","In-Store","Purchase Consultation","Positive"
"3715","7","""2026-05-08""","App","Feedback","Negative"
"3716","453","""2025-12-23""","Phone","Purchase Consultation","Positive"
"3717","499","""2025-08-12""","Chat","Support","Neutral"
"3718","20","""2025-12-07""","App","Account Update","Negative"
"3719","741","""2025-05-12""","Social Media","Support","Neutral"
"3720","477","""2025-12-16""","In-Store","Feedback","Positive"
"3721","175","""2025-07-13""","App","Purchase Consultation","Positive"
"3722","319","""2025-05-10""","Email","Account Update","Positive"
"3723","38","""2025-10-17""","Phone","Inquiry","Negative"
"3724","58","""2026-01-16""","Phone","Support","Negative"
"3725","40","""2024-12-24""","In-Store","Purchase Consultation","Positive"
"3726","68","""2024-10-16""","Social Media","Feedback","Negative"
"3727","897","""2024-12-09""","Email","Inquiry","Negative"
"3728","20","""2026-08-20""","Email","Account Update","Negative"
"3729","7","""2025-05-31""","Social Media","Support","Positive"
"3730","306","""2026-07-14""","Chat","Account Update","Positive"
"3731","23","""2024-10-29""","App","Support","Neutral"
"3732","365","""2025-09-01""","Chat","Purchase Consultation","Neutral"
"3733","119","""2025-08-12""","In-Store","Purchase Consultation","Neutral"
"3734","184","""2025-01-09""","Phone","Inquiry","Negative"
"3735","470","""2026-06-23""","App","Feedback","Positive"
"3736","162","""2025-06-06""","App","Support","Neutral"
"3737","309","""2025-02-28""","In-Store","Inquiry","Neutral"
"3738","342","""2025-01-11""","Phone","Feedback","Positive"
"3739","43","""2025-01-03""","Phone","Feedback","Neutral"
"3740","977","""2025-09-03""","In-Store","Feedback","Neutral"
"3741","161","""2024-09-27""","Phone","Account Update","Neutral"
"3742","68","""2025-03-19""","Social Media","Support","Negative"
"3743","642","""2025-07-15""","Phone","Support","Negative"
"3744","480","""2024-10-26""","Phone","Account Update","Positive"
"3745","292","""2025-08-07""","Social Media","Support","Positive"
"3746","151","""2025-08-27""","Email","Support","Negative"
"3747","732","""2026-01-27""","In-Store","Support","Neutral"
"3748","186","""2024-12-18""","Email","Support","Negative"
"3749","398","""2025-07-17""","Social Media","Purchase Consultation","Positive"
"3750","72","""2026-02-09""","Chat","Purchase Consultation","Neutral"
"3751","396","""2024-12-06""","Phone","Purchase Consultation","Neutral"
"3752","390","""2025-01-19""","Email","Feedback","Positive"
"3753","117","""2025-11-13""","Email","Feedback","Positive"
"3754","401","""2024-12-20""","Phone","Support","Positive"
"3755","917","""2025-04-18""","App","Support","Positive"
"3756","95","""2024-11-29""","Chat","Support","Negative"
"3757","22","""2024-12-01""","Chat","Feedback","Positive"
"3758","984","""2025-08-19""","Phone","Inquiry","Positive"
"3759","427","""2026-09-22""","Social Media","Inquiry","Neutral"
"3760","847","""2025-06-09""","Social Media","Feedback","Neutral"
"3761","749","""2026-07-29""","Chat","Feedback","Negative"
"3762","167","""2025-05-17""","Chat","Feedback","Negative"
"3763","305","""2026-03-11""","Email","Inquiry","Neutral"
"3764","17","""2025-07-16""","Social Media","Purchase Consultation","Negative"
"3765","291","""2025-04-30""","Email","Inquiry","Positive"
"3766","81","""2026-03-12""","Chat","Support","Negative"
"3767","214","""2025-03-01""","In-Store","Inquiry","Positive"
"3768","441","""2026-03-30""","In-Store","Purchase Consultation","Positive"
"3769","128","""2024-12-01""","Social Media","Feedback","Neutral"
"3770","256","""2025-03-10""","App","Account Update","Positive"
"3771","90","""2026-06-02""","Phone","Account Update","Neutral"
"3772","951","""2025-09-05""","Social Media","Feedback","Neutral"
"3773","63","""2026-04-11""","Phone","Feedback","Negative"
"3774","111","""2026-09-11""","Chat","Feedback","Neutral"
"3775","580","""2026-03-28""","Phone","Inquiry","Neutral"
"3776","377","""2026-03-17""","Chat","Purchase Consultation","Positive"
"3777","500","""2025-10-04""","Social Media","Feedback","Neutral"
"3778","21","""2025-09-07""","In-Store","Account Update","Negative"
"3779","80","""2025-11-11""","Phone","Feedback","Positive"
"3780","754","""2025-03-02""","Email","Purchase Consultation","Neutral"
"3781","98","""2026-06-09""","In-Store","Support","Negative"
"3782","59","""2024-12-20""","Phone","Purchase Consultation","Negative"
"3783","142","""2025-06-01""","Social Media","Inquiry","Neutral"
"3784","49","""2024-09-26""","Email","Support","Negative"
"3785","331","""2026-07-01""","Phone","Inquiry","Positive"
"3786","273","""2024-09-26""","Email","Purchase Consultation","Positive"
"3787","67","""2026-03-14""","Phone","Feedback","Neutral"
"3788","603","""2025-08-02""","Chat","Account Update","Positive"
"3789","93","""2025-10-01""","Email","Purchase Consultation","Neutral"
"3790","14","""2026-07-03""","Phone","Support","Negative"
"3791","309","""2026-07-04""","Social Media","Account Update","Neutral"
"3792","61","""2025-04-12""","Social Media","Inquiry","Positive"
"3793","42","""2025-06-08""","App","Support","Neutral"
"3794","736","""2025-11-20""","Chat","Account Update","Negative"
"3795","66","""2026-02-28""","App","Inquiry","Negative"
"3796","3","""2026-09-23""","App","Support","Neutral"
"3797","166","""2024-11-13""","Social Media","Inquiry","Neutral"
"3798","350","""2026-02-18""","Email","Account Update","Neutral"
"3799","128","""2025-01-28""","In-Store","Purchase Consultation","Positive"
"3800","174","""2025-12-03""","Email","Purchase Consultation","Neutral"
"3801","342","""2025-09-26""","Social Media","Inquiry","Positive"
"3802","398","""2026-09-16""","Social Media","Feedback","Positive"
"3803","132","""2025-09-04""","App","Feedback","Neutral"
"3804","620","""2026-08-20""","Chat","Inquiry","Neutral"
"3805","6","""2024-11-01""","Email","Purchase Consultation","Neutral"
"3806","160","""2026-01-15""","Social Media","Purchase Consultation","Negative"
"3807","574","""2025-09-26""","App","Inquiry","Positive"
"3808","79","""2024-12-03""","App","Support","Negative"
"3809","424","""2025-06-26""","Chat","Inquiry","Positive"
"3810","78","""2024-11-17""","Social Media","Account Update","Positive"
"3811","845","""2025-12-29""","Phone","Purchase Consultation","Positive"
"3812","543","""2026-04-12""","App","Feedback","Positive"
"3813","148","""2026-04-25""","Chat","Purchase Consultation","Positive"
"3814","66","""2025-03-10""","Email","Purchase Consultation","Neutral"
"3815","554","""2024-10-12""","Email","Account Update","Neutral"
"3816","19","""2026-02-13""","In-Store","Inquiry","Negative"
"3817","426","""2025-09-11""","Chat","Account Update","Positive"
"3818","476","""2025-09-17""","In-Store","Purchase Consultation","Neutral"
"3819","167","""2026-05-03""","App","Purchase Consultation","Positive"
"3820","129","""2024-10-20""","Email","Support","Positive"
"3821","66","""2025-08-24""","Phone","Support","Negative"
"3822","170","""2026-05-13""","App","Feedback","Positive"
"3823","646","""2025-05-14""","Email","Feedback","Negative"
"3824","75","""2026-06-05""","App","Purchase Consultation","Neutral"
"3825","329","""2024-10-15""","In-Store","Inquiry","Positive"
"3826","90","""2025-09-25""","Social Media","Purchase Consultation","Negative"
"3827","417","""2026-07-19""","App","Feedback","Positive"
"3828","257","""2025-06-20""","In-Store","Feedback","Neutral"
"3829","794","""2024-11-29""","Email","Feedback","Neutral"
"3830","61","""2024-12-20""","Email","Inquiry","Neutral"
"3831","23","""2025-10-20""","Phone","Support","Negative"
"3832","896","""2025-12-25""","In-Store","Inquiry","Neutral"
"3833","244","""2026-01-22""","Email","Purchase Consultation","Positive"
"3834","325","""2024-10-16""","Social Media","Feedback","Positive"
"3835","722","""2025-10-24""","Phone","Account Update","Neutral"
"3836","153","""2025-04-24""","Social Media","Inquiry","Negative"
"3837","370","""2026-09-03""","App","Support","Neutral"
"3838","82","""2024-11-22""","Email","Purchase Consultation","Positive"
"3839","576","""2024-10-25""","Social Media","Support","Negative"
"3840","156","""2025-03-29""","In-Store","Feedback","Negative"
"3841","59","""2025-11-04""","App","Account Update","Negative"
"3842","21","""2024-10-14""","Email","Support","Neutral"
"3843","485","""2026-09-11""","App","Purchase Consultation","Neutral"
"3844","74","""2025-05-23""","Email","Purchase Consultation","Negative"
"3845","43","""2026-06-21""","App","Inquiry","Neutral"
"3846","524","""2024-11-19""","Chat","Support","Neutral"
"3847","356","""2024-11-26""","Social Media","Feedback","Neutral"
"3848","171","""2024-12-01""","In-Store","Support","Positive"
"3849","234","""2026-09-23""","In-Store","Support","Positive"
"3850","156","""2026-02-07""","App","Account Update","Neutral"
"3851","6","""2026-06-24""","App","Support","Neutral"
"3852","431","""2026-08-18""","Phone","Account Update","Positive"
"3853","57","""2025-08-27""","Chat","Account Update","Negative"
"3854","272","""2025-05-21""","Email","Feedback","Neutral"
"3855","75","""2026-07-18""","Social Media","Feedback","Negative"
"3856","23","""2024-11-07""","App","Support","Positive"
"3857","355","""2024-10-24""","Email","Inquiry","Positive"
"3858","5","""2025-06-15""","Phone","Support","Neutral"
"3859","186","""2025-01-03""","Phone","Inquiry","Negative"
"3860","50","""2025-10-31""","Phone","Purchase Consultation","Neutral"
"3861","356","""2025-07-29""","Email","Account Update","Positive"
"3862","317","""2024-12-07""","Social Media","Purchase Consultation","Positive"
"3863","390","""2025-02-21""","Chat","Purchase Consultation","Positive"
"3864","933","""2024-11-20""","Social Media","Feedback","Neutral"
"3865","304","""2026-01-15""","Email","Account Update","Neutral"
"3866","137","""2026-04-07""","In-Store","Inquiry","Neutral"
"3867","138","""2026-07-08""","App","Purchase Consultation","Neutral"
"3868","111","""2025-04-19""","Chat","Support","Positive"
"3869","12","""2026-09-01""","Chat","Feedback","Negative"
"3870","6","""2026-08-01""","Email","Account Update","Negative"
"3871","781","""2026-04-09""","In-Store","Feedback","Positive"
"3872","61","""2024-11-29""","App","Purchase Consultation","Negative"
"3873","58","""2026-03-01""","Social Media","Account Update","Positive"
"3874","314","""2025-02-19""","Chat","Support","Neutral"
"3875","235","""2024-09-26""","In-Store","Feedback","Positive"
"3876","85","""2025-09-04""","Email","Account Update","Neutral"
"3877","970","""2026-04-12""","In-Store","Account Update","Neutral"
"3878","332","""2024-10-01""","App","Inquiry","Neutral"
"3879","882","""2026-03-16""","Email","Account Update","Positive"
"3880","161","""2026-02-02""","Social Media","Account Update","Neutral"
"3881","270","""2024-10-10""","Email","Inquiry","Neutral"
"3882","747","""2025-03-17""","Email","Account Update","Neutral"
"3883","22","""2026-09-08""","Phone","Account Update","Neutral"
"3884","122","""2026-03-16""","App","Feedback","Neutral"
"3885","88","""2026-08-07""","Social Media","Purchase Consultation","Positive"
"3886","150","""2024-11-19""","Social Media","Inquiry","Neutral"
"3887","149","""2025-07-27""","Phone","Account Update","Neutral"
"3888","205","""2025-12-08""","In-Store","Support","Positive"
"3889","4","""2025-11-11""","Phone","Purchase Consultation","Neutral"
"3890","621","""2025-09-27""","Social Media","Feedback","Positive"
"3891","385","""2025-12-07""","Chat","Inquiry","Neutral"
"3892","787","""2026-07-05""","Email","Feedback","Positive"
"3893","351","""2025-04-15""","Social Media","Feedback","Neutral"
"3894","365","""2026-08-13""","Phone","Feedback","Neutral"
"3895","881","""2025-10-18""","In-Store","Purchase Consultation","Neutral"
"3896","81","""2026-04-01""","In-Store","Account Update","Negative"
"3897","311","""2026-06-29""","Chat","Support","Neutral"
"3898","447","""2026-02-25""","Social Media","Feedback","Positive"
"3899","48","""2025-06-15""","Email","Purchase Consultation","Negative"
"3900","254","""2026-09-08""","Chat","Inquiry","Positive"
"3901","693","""2025-10-27""","In-Store","Feedback","Neutral"
"3902","60","""2024-12-27""","In-Store","Inquiry","Neutral"
"3903","63","""2025-12-01""","App","Purchase Consultation","Negative"
"3904","114","""2026-04-12""","App","Account Update","Positive"
"3905","710","""2025-01-03""","Phone","Support","Neutral"
"3906","270","""2025-12-31""","Chat","Account Update","Positive"
"3907","36","""2025-05-20""","Social Media","Purchase Consultation","Negative"
"3908","65","""2024-12-26""","Chat","Purchase Consultation","Negative"
"3909","430","""2025-11-14""","Chat","Account Update","Neutral"
"3910","2","""2026-05-19""","Social Media","Account Update","Positive"
"3911","74","""2025-09-17""","Social Media","Support","Negative"
"3912","154","""2024-12-21""","In-Store","Purchase Consultation","Neutral"
"3913","728","""2025-01-10""","Phone","Purchase Consultation","Negative"
"3914","29","""2025-08-12""","Email","Support","Negative"
"3915","184","""2026-06-18""","App","Account Update","Negative"
"3916","514","""2025-08-30""","In-Store","Account Update","Positive"
"3917","632","""2026-08-13""","Email","Inquiry","Positive"
"3918","184","""2025-10-21""","Chat","Feedback","Negative"
"3919","808","""2026-07-07""","App","Purchase Consultation","Negative"
"3920","472","""2026-01-09""","Chat","Inquiry","Neutral"
"3921","111","""2025-11-09""","Social Media","Account Update","Positive"
"3922","101","""2025-10-13""","Email","Account Update","Negative"
"3923","121","""2026-04-07""","Social Media","Inquiry","Positive"
"3924","22","""2026-04-04""","Email","Support","Negative"
"3925","73","""2025-09-17""","Email","Support","Negative"
"3926","176","""2026-04-26""","App","Inquiry","Neutral"
"3927","332","""2025-02-04""","App","Support","Positive"
"3928","53","""2025-08-21""","Chat","Inquiry","Negative"
"3929","478","""2026-09-23""","Chat","Account Update","Positive"
"3930","11","""2026-06-09""","Chat","Support","Positive"
"3931","173","""2026-09-25""","Social Media","Account Update","Neutral"
"3932","834","""2026-06-22""","Social Media","Feedback","Positive"
"3933","49","""2025-08-15""","Email","Feedback","Negative"
"3934","80","""2024-12-21""","Social Media","Feedback","Negative"
"3935","289","""2025-03-02""","Phone","Feedback","Positive"
"3936","393","""2025-09-02""","Social Media","Inquiry","Positive"
"3937","156","""2025-02-20""","Phone","Inquiry","Neutral"
"3938","416","""2025-09-15""","Email","Inquiry","Positive"
"3939","477","""2025-04-09""","Phone","Purchase Consultation","Positive"
"3940","355","""2024-10-20""","In-Store","Support","Neutral"
"3941","65","""2025-09-29""","Chat","Feedback","Negative"
"3942","61","""2024-11-24""","Social Media","Inquiry","Negative"
"3943","182","""2026-02-24""","App","Feedback","Neutral"
"3944","117","""2026-08-27""","Phone","Account Update","Positive"
"3945","23","""2025-05-07""","Chat","Account Update","Neutral"
"3946","271","""2025-04-30""","Chat","Inquiry","Neutral"
"3947","341","""2024-11-27""","Email","Account Update","Positive"
"3948","37","""2024-11-24""","Social Media","Purchase Consultation","Negative"
"3949","192","""2024-11-28""","Phone","Support","Neutral"
"3950","921","""2026-01-18""","Phone","Feedback","Negative"
"3951","493","""2026-09-01""","Chat","Account Update","Neutral"
"3952","294","""2024-11-13""","In-Store","Purchase Consultation","Neutral"
"3953","880","""2026-09-17""","Chat","Support","Neutral"
"3954","6","""2026-06-22""","Phone","Purchase Consultation","Negative"
"3955","169","""2025-11-28""","Phone","Support","Negative"
"3956","39","""2025-12-05""","Email","Support","Negative"
"3957","53","""2025-11-25""","App","Feedback","Positive"
"3958","513","""2025-03-22""","Email","Support","Neutral"
"3959","174","""2025-05-20""","Email","Purchase Consultation","Neutral"
"3960","516","""2025-01-28""","Email","Inquiry","Positive"
"3961","497","""2025-01-22""","App","Purchase Consultation","Positive"
"3962","387","""2026-06-09""","Email","Account Update","Positive"
"3963","260","""2026-02-01""","Chat","Feedback","Positive"
"3964","146","""2025-12-23""","App","Feedback","Negative"
"3965","341","""2025-05-28""","Email","Inquiry","Positive"
"3966","375","""2026-07-29""","Chat","Account Update","Positive"
"3967","484","""2025-01-14""","Chat","Inquiry","Positive"
"3968","131","""2025-05-10""","Phone","Inquiry","Neutral"
"3969","289","""2025-12-16""","Phone","Account Update","Positive"
"3970","155","""2026-08-22""","App","Support","Neutral"
"3971","48","""2025-10-24""","App","Support","Positive"
"3972","892","""2025-04-23""","App","Account Update","Neutral"
"3973","114","""2025-11-22""","In-Store","Account Update","Negative"
"3974","17","""2024-11-25""","Phone","Feedback","Negative"
"3975","573","""2025-09-18""","Social Media","Inquiry","Positive"
"3976","64","""2025-08-09""","Social Media","Inquiry","Negative"
"3977","134","""2026-03-13""","In-Store","Account Update","Positive"
"3978","495","""2025-02-14""","Phone","Inquiry","Positive"
"3979","353","""2026-03-25""","Email","Inquiry","Neutral"
"3980","319","""2026-06-16""","Email","Account Update","Positive"
"3981","393","""2025-05-07""","Phone","Feedback","Positive"
"3982","109","""2024-11-12""","Phone","Account Update","Positive"
"3983","348","""2026-04-25""","App","Purchase Consultation","Neutral"
"3984","124","""2024-12-07""","Chat","Feedback","Negative"
"3985","329","""2026-04-10""","Social Media","Account Update","Positive"
"3986","37","""2026-08-10""","Phone","Support","Neutral"
"3987","89","""2026-08-25""","Email","Purchase Consultation","Neutral"
"3988","53","""2025-02-22""","Phone","Purchase Consultation","Negative"
"3989","170","""2024-11-10""","Chat","Purchase Consultation","Neutral"
"3990","375","""2025-05-23""","Chat","Purchase Consultation","Positive"
"3991","837","""2024-09-28""","App","Support","Neutral"
"3992","119","""2025-07-27""","In-Store","Support","Positive"
"3993","362","""2025-04-25""","Social Media","Inquiry","Positive"
"3994","152","""2026-07-24""","Email","Inquiry","Positive"
"3995","452","""2025-02-02""","In-Store","Support","Neutral"
"3996","297","""2026-03-05""","Email","Inquiry","Positive"
"3997","98","""2025-05-16""","Phone","Purchase Consultation","Negative"
"3998","380","""2026-07-05""","Email","Support","Positive"
"3999","472","""2025-09-25""","Phone","Purchase Consultation","Neutral"
"4000","175","""2026-04-23""","Chat","Support","Neutral"
