"PURCHASE_ID","CUSTOMER_ID","PURCHASE_DATE","PRODUCT_CATEGORY","AMOUNT"
"1","190","""2026-01-29""","Sports","30755"
"2","139","""2025-02-14""","Grocery","8779"
"3","187","""2025-08-28""","Electronics","40169"
"4","296","""2026-07-17""","Books","12559"
"5","921","""2026-05-04""","Toys","3775"
"6","510","""2026-02-09""","Jewelry","2770"
"7","753","""2024-09-30""","Home & Kitchen","4758"
"8","924","""2025-02-02""","Clothing","4685"
"9","187","""2026-05-18""","Grocery","38976"
"10","393","""2025-11-24""","Books","3699"
"11","210","""2026-05-12""","Grocery","13302"
"12","910","""2025-08-08""","Toys","1479"
"13","678","""2024-12-06""","Home & Kitchen","4487"
"14","50","""2026-09-10""","Mobile Accessories","21129"
"15","722","""2025-11-15""","Electronics","2476"
"16","155","""2025-03-23""","Jewelry","25817"
"17","19","""2025-08-15""","Books","9916"
"18","156","""2026-02-23""","Toys","39021"
"19","63","""2026-07-05""","Mobile Accessories","20262"
"20","820","""2024-10-30""","Grocery","458"
"21","577","""2025-07-04""","Books","4553"
"22","950","""2025-07-19""","Books","1189"
"23","801","""2025-05-09""","Mobile Accessories","4312"
"24","6","""2024-10-27""","Electronics","34967"
"25","237","""2024-11-18""","Clothing","12561"
"26","916","""2026-08-11""","Electronics","2884"
"27","1","""2025-02-08""","Grocery","11730"
"28","591","""2026-04-08""","Books","3555"
"29","365","""2025-07-12""","Home & Kitchen","14049"
"30","346","""2025-07-05""","Books","10958"
"31","47","""2024-11-05""","Beauty","26556"
"32","165","""2026-02-22""","Grocery","21738"
"33","689","""2025-01-30""","Beauty","1750"
"34","726","""2025-07-31""","Books","831"
"35","458","""2026-05-27""","Grocery","1283"
"36","268","""2024-11-01""","Electronics","9129"
"37","4","""2025-10-27""","Books","24447"
"38","373","""2025-06-07""","Home & Kitchen","11315"
"39","370","""2025-12-11""","Electronics","8749"
"40","83","""2025-06-28""","Jewelry","42411"
"41","215","""2026-06-03""","Clothing","7364"
"42","68","""2025-10-17""","Clothing","48760"
"43","538","""2026-06-05""","Jewelry","3060"
"44","960","""2025-07-12""","Books","3947"
"45","465","""2026-08-17""","Jewelry","5154"
"46","110","""2026-03-05""","Beauty","4856"
"47","388","""2025-08-21""","Books","12960"
"48","83","""2025-12-20""","Home & Kitchen","48870"
"49","440","""2025-03-07""","Electronics","848"
"50","89","""2025-04-15""","Sports","26346"
"51","472","""2025-09-01""","Grocery","8711"
"52","255","""2025-12-13""","Beauty","5393"
"53","10","""2025-09-30""","Mobile Accessories","35361"
"54","13","""2025-06-24""","Clothing","6437"
"55","91","""2025-10-25""","Books","16206"
"56","342","""2025-11-03""","Jewelry","8267"
"57","301","""2026-05-16""","Jewelry","14192"
"58","162","""2024-10-02""","Books","5298"
"59","102","""2024-11-29""","Jewelry","19596"
"60","641","""2025-11-14""","Home & Kitchen","1301"
"61","22","""2026-06-10""","Mobile Accessories","28477"
"62","766","""2026-01-31""","Books","616"
"63","444","""2026-08-26""","Beauty","14516"
"64","245","""2025-09-11""","Sports","5494"
"65","529","""2025-01-27""","Toys","3521"
"66","209","""2025-12-07""","Home & Kitchen","6792"
"67","98","""2026-08-06""","Beauty","48213"
"68","10","""2024-11-20""","Mobile Accessories","17207"
"69","136","""2026-06-15""","Beauty","38185"
"70","653","""2026-08-30""","Home & Kitchen","1732"
"71","755","""2026-02-22""","Beauty","2118"
"72","44","""2026-04-21""","Clothing","49953"
"73","33","""2025-10-13""","Jewelry","19521"
"74","803","""2025-04-10""","Electronics","3572"
"75","220","""2025-02-07""","Grocery","11363"
"76","198","""2026-03-15""","Grocery","2795"
"77","2","""2024-11-30""","Toys","42568"
"78","98","""2025-03-16""","Clothing","31915"
"79","914","""2026-04-01""","Books","4362"
"80","144","""2025-07-12""","Grocery","20809"
"81","178","""2025-03-07""","Clothing","21022"
"82","254","""2025-10-04""","Clothing","8843"
"83","581","""2026-07-29""","Home & Kitchen","757"
"84","32","""2026-09-14""","Beauty","12868"
"85","787","""2026-03-25""","Clothing","1708"
"86","951","""2025-07-15""","Jewelry","4490"
"87","851","""2025-12-28""","Electronics","2686"
"88","231","""2026-02-13""","Electronics","13124"
"89","480","""2026-03-30""","Home & Kitchen","1648"
"90","377","""2025-04-17""","Beauty","2961"
"91","120","""2025-06-05""","Sports","3118"
"92","116","""2026-04-12""","Sports","40414"
"93","730","""2025-10-23""","Mobile Accessories","3398"
"94","195","""2026-03-07""","Electronics","22469"
"95","888","""2025-01-11""","Beauty","4899"
"96","41","""2025-07-30""","Clothing","45822"
"97","456","""2025-06-08""","Mobile Accessories","10667"
"98","222","""2025-01-26""","Clothing","6963"
"99","124","""2026-05-12""","Clothing","6875"
"100","325","""2026-09-09""","Sports","14345"
"101","393","""2025-10-26""","Sports","13741"
"102","30","""2024-10-27""","Clothing","11352"
"103","25","""2025-02-05""","Grocery","25557"
"104","730","""2025-07-26""","Mobile Accessories","980"
"105","488","""2024-12-30""","Mobile Accessories","10464"
"106","473","""2025-02-17""","Mobile Accessories","4666"
"107","333","""2025-09-05""","Sports","8164"
"108","211","""2026-03-30""","Grocery","14580"
"109","131","""2024-12-15""","Toys","7688"
"110","527","""2025-02-27""","Clothing","2850"
"111","38","""2025-04-27""","Clothing","37789"
"112","632","""2026-09-12""","Electronics","795"
"113","61","""2026-04-01""","Toys","25180"
"114","355","""2025-10-22""","Grocery","9469"
"115","56","""2025-10-07""","Sports","5016"
"116","284","""2025-01-05""","Jewelry","13206"
"117","152","""2024-12-05""","Mobile Accessories","38378"
"118","119","""2025-02-15""","Clothing","9293"
"119","57","""2026-08-13""","Home & Kitchen","49864"
"120","127","""2025-04-17""","Home & Kitchen","26899"
"121","538","""2025-02-21""","Beauty","2710"
"122","883","""2024-10-26""","Home & Kitchen","2742"
"123","785","""2026-08-31""","Mobile Accessories","1249"
"124","46","""2025-06-08""","Jewelry","21526"
"125","16","""2024-10-07""","Toys","34435"
"126","811","""2025-10-08""","Home & Kitchen","129"
"127","484","""2025-08-14""","Mobile Accessories","3406"
"128","124","""2025-08-18""","Mobile Accessories","28298"
"129","895","""2025-09-06""","Mobile Accessories","1206"
"130","637","""2026-06-02""","Clothing","2550"
"131","498","""2026-03-18""","Beauty","659"
"132","146","""2025-10-14""","Books","20592"
"133","654","""2026-07-31""","Toys","4709"
"134","397","""2026-02-14""","Home & Kitchen","5161"
"135","227","""2025-09-19""","Beauty","2541"
"136","127","""2026-06-05""","Electronics","29453"
"137","195","""2025-07-29""","Mobile Accessories","4414"
"138","129","""2024-10-03""","Clothing","2328"
"139","313","""2025-12-06""","Mobile Accessories","9296"
"140","514","""2025-06-24""","Books","4477"
"141","474","""2025-08-20""","Grocery","13282"
"142","796","""2026-04-20""","Toys","2761"
"143","217","""2025-09-30""","Sports","14019"
"144","141","""2025-07-17""","Grocery","41118"
"145","804","""2024-10-17""","Electronics","3964"
"146","969","""2025-10-31""","Electronics","3383"
"147","792","""2025-12-03""","Beauty","3746"
"148","478","""2024-11-29""","Books","7995"
"149","243","""2024-10-17""","Grocery","11200"
"150","254","""2025-09-26""","Books","11941"
"151","739","""2025-11-21""","Mobile Accessories","4959"
"152","490","""2025-06-27""","Electronics","11043"
"153","186","""2025-08-12""","Mobile Accessories","6123"
"154","897","""2026-06-20""","Sports","1251"
"155","467","""2026-08-14""","Sports","7658"
"156","329","""2025-11-08""","Toys","4607"
"157","196","""2026-04-06""","Grocery","16628"
"158","452","""2024-10-06""","Beauty","2773"
"159","352","""2025-02-04""","Home & Kitchen","13214"
"160","133","""2026-03-29""","Books","21515"
"161","327","""2026-08-20""","Mobile Accessories","14321"
"162","769","""2025-11-14""","Beauty","3035"
"163","434","""2024-10-16""","Toys","7903"
"164","330","""2026-04-19""","Books","5987"
"165","995","""2024-10-31""","Grocery","2151"
"166","335","""2025-11-09""","Sports","2615"
"167","992","""2026-01-05""","Toys","866"
"168","152","""2026-05-31""","Books","13717"
"169","461","""2025-01-27""","Books","2773"
"170","3","""2024-12-18""","Mobile Accessories","39822"
"171","265","""2025-08-31""","Home & Kitchen","3836"
"172","162","""2025-10-09""","Jewelry","15464"
"173","228","""2024-11-10""","Electronics","7710"
"174","83","""2025-07-20""","Mobile Accessories","28020"
"175","171","""2024-12-08""","Jewelry","37959"
"176","910","""2026-04-27""","Electronics","3593"
"177","57","""2026-07-10""","Clothing","49439"
"178","121","""2025-04-27""","Electronics","3497"
"179","58","""2026-09-23""","Electronics","42174"
"180","461","""2026-08-06""","Beauty","8868"
"181","248","""2026-07-09""","Toys","2012"
"182","247","""2025-09-16""","Grocery","10587"
"183","197","""2026-04-22""","Clothing","11583"
"184","797","""2025-01-08""","Home & Kitchen","2744"
"185","232","""2025-02-25""","Sports","7863"
"186","426","""2026-03-04""","Books","7660"
"187","76","""2025-12-15""","Books","47065"
"188","180","""2025-09-09""","Electronics","33022"
"189","120","""2024-10-18""","Electronics","37308"
"190","148","""2025-01-08""","Sports","13588"
"191","156","""2025-01-26""","Mobile Accessories","16105"
"192","440","""2026-08-02""","Electronics","14355"
"193","432","""2026-06-14""","Grocery","13807"
"194","808","""2025-06-08""","Jewelry","2781"
"195","87","""2025-10-22""","Books","36934"
"196","49","""2025-10-27""","Sports","41015"
"197","332","""2025-09-08""","Electronics","11513"
"198","317","""2025-05-04""","Home & Kitchen","6661"
"199","789","""2026-01-19""","Sports","249"
"200","764","""2026-03-03""","Books","863"
"201","14","""2025-08-08""","Sports","31842"
"202","157","""2025-09-04""","Books","25588"
"203","329","""2026-01-22""","Clothing","11550"
"204","323","""2026-09-21""","Home & Kitchen","12250"
"205","709","""2025-04-02""","Mobile Accessories","3291"
"206","192","""2025-02-08""","Electronics","17721"
"207","71","""2026-06-08""","Beauty","36491"
"208","135","""2025-08-21""","Toys","4762"
"209","613","""2026-06-12""","Jewelry","2588"
"210","37","""2026-09-25""","Electronics","48483"
"211","40","""2024-12-15""","Mobile Accessories","17969"
"212","29","""2025-06-04""","Grocery","34246"
"213","243","""2025-07-27""","Sports","10436"
"214","408","""2026-08-11""","Mobile Accessories","14072"
"215","645","""2026-06-25""","Grocery","2318"
"216","867","""2025-08-19""","Books","2381"
"217","345","""2025-11-24""","Clothing","5588"
"218","147","""2024-11-13""","Sports","39717"
"219","4","""2025-10-20""","Clothing","2923"
"220","80","""2025-03-02""","Grocery","7222"
"221","800","""2024-10-20""","Grocery","4963"
"222","482","""2025-05-21""","Books","8675"
"223","711","""2026-02-12""","Jewelry","2440"
"224","114","""2025-05-03""","Mobile Accessories","27356"
"225","391","""2025-09-18""","Mobile Accessories","13087"
"226","281","""2025-04-09""","Beauty","9467"
"227","93","""2024-12-11""","Books","19339"
"228","474","""2026-01-10""","Clothing","14528"
"229","739","""2025-01-06""","Mobile Accessories","3826"
"230","805","""2025-12-07""","Clothing","396"
"231","885","""2026-09-24""","Beauty","4218"
"232","368","""2026-07-27""","Home & Kitchen","8016"
"233","885","""2026-09-01""","Beauty","3479"
"234","73","""2024-12-27""","Home & Kitchen","47283"
"235","510","""2024-12-31""","Beauty","2727"
"236","248","""2025-01-15""","Books","11920"
"237","61","""2026-03-24""","Home & Kitchen","16910"
"238","46","""2026-05-13""","Books","26725"
"239","117","""2026-02-28""","Clothing","26189"
"240","794","""2025-06-02""","Beauty","1378"
"241","260","""2026-06-24""","Sports","11571"
"242","954","""2026-01-15""","Toys","2105"
"243","207","""2025-12-06""","Toys","9546"
"244","58","""2026-06-25""","Mobile Accessories","48086"
"245","479","""2026-01-09""","Books","2333"
"246","184","""2026-01-20""","Toys","39189"
"247","312","""2025-12-02""","Mobile Accessories","11142"
"248","358","""2025-02-08""","Books","8449"
"249","238","""2026-04-04""","Electronics","1776"
"250","480","""2026-09-21""","Sports","9037"
"251","190","""2026-01-27""","Home & Kitchen","32599"
"252","718","""2026-03-02""","Toys","2136"
"253","60","""2024-11-14""","Jewelry","39941"
"254","920","""2026-08-30""","Clothing","2343"
"255","463","""2025-10-09""","Grocery","12818"
"256","383","""2025-10-13""","Mobile Accessories","13019"
"257","188","""2026-04-06""","Sports","20236"
"258","346","""2024-09-25""","Clothing","3382"
"259","88","""2025-03-16""","Books","25811"
"260","79","""2026-09-04""","Sports","13369"
"261","343","""2025-09-30""","Mobile Accessories","12220"
"262","115","""2026-01-21""","Grocery","3969"
"263","179","""2026-03-06""","Mobile Accessories","24867"
"264","387","""2025-12-26""","Mobile Accessories","5135"
"265","113","""2025-12-06""","Mobile Accessories","31686"
"266","930","""2026-03-15""","Toys","886"
"267","797","""2026-02-26""","Home & Kitchen","1472"
"268","17","""2025-02-08""","Home & Kitchen","40716"
"269","87","""2025-09-28""","Clothing","27405"
"270","322","""2026-02-04""","Jewelry","2661"
"271","64","""2026-05-05""","Electronics","3504"
"272","96","""2026-01-19""","Beauty","16646"
"273","463","""2026-03-05""","Toys","2177"
"274","108","""2025-05-13""","Home & Kitchen","38640"
"275","159","""2025-03-08""","Clothing","20164"
"276","288","""2024-11-12""","Books","9288"
"277","430","""2024-10-15""","Clothing","2035"
"278","394","""2024-10-02""","Books","13925"
"279","787","""2025-04-01""","Clothing","1861"
"280","357","""2026-02-12""","Mobile Accessories","1074"
"281","226","""2026-01-20""","Mobile Accessories","5142"
"282","233","""2025-08-01""","Beauty","1513"
"283","187","""2025-02-14""","Home & Kitchen","10520"
"284","319","""2024-10-25""","Books","9047"
"285","476","""2026-08-12""","Grocery","12911"
"286","171","""2025-07-04""","Sports","3083"
"287","238","""2025-03-28""","Electronics","13792"
"288","43","""2026-01-15""","Mobile Accessories","36350"
"289","34","""2024-12-26""","Mobile Accessories","34074"
"290","344","""2025-11-28""","Home & Kitchen","7389"
"291","248","""2026-05-18""","Books","14539"
"292","73","""2026-03-14""","Grocery","7667"
"293","978","""2026-02-25""","Home & Kitchen","4142"
"294","252","""2025-02-04""","Clothing","2398"
"295","54","""2026-06-07""","Home & Kitchen","5930"
"296","357","""2026-07-19""","Grocery","10226"
"297","216","""2026-01-02""","Mobile Accessories","4452"
"298","98","""2026-06-06""","Jewelry","4704"
"299","70","""2024-10-30""","Beauty","44116"
"300","68","""2026-02-28""","Toys","14598"
"301","429","""2026-01-26""","Books","7908"
"302","399","""2025-03-29""","Electronics","14004"
"303","477","""2026-01-03""","Mobile Accessories","4595"
"304","657","""2024-10-16""","Books","4245"
"305","140","""2025-10-05""","Books","4244"
"306","143","""2025-01-29""","Mobile Accessories","30010"
"307","162","""2025-05-23""","Toys","2600"
"308","388","""2025-01-19""","Jewelry","12280"
"309","343","""2026-03-05""","Sports","3320"
"310","944","""2025-09-26""","Toys","4844"
"311","324","""2025-05-13""","Electronics","5612"
"312","801","""2025-11-20""","Toys","3910"
"313","268","""2025-06-08""","Jewelry","3845"
"314","274","""2025-12-24""","Toys","1177"
"315","233","""2026-02-07""","Jewelry","14038"
"316","495","""2025-04-13""","Sports","7723"
"317","12","""2025-04-15""","Home & Kitchen","6732"
"318","46","""2026-04-02""","Sports","37372"
"319","270","""2025-09-25""","Jewelry","10397"
"320","97","""2025-07-09""","Electronics","7463"
"321","876","""2026-07-01""","Books","1015"
"322","249","""2026-07-03""","Toys","6129"
"323","307","""2025-03-15""","Clothing","12681"
"324","241","""2025-07-26""","Grocery","4970"
"325","165","""2025-04-21""","Books","33837"
"326","871","""2024-12-08""","Jewelry","1274"
"327","898","""2026-08-03""","Clothing","1025"
"328","136","""2024-11-27""","Sports","17019"
"329","125","""2025-08-10""","Toys","3436"
"330","109","""2025-12-12""","Books","16392"
"331","186","""2025-02-19""","Home & Kitchen","2992"
"332","598","""2026-03-29""","Grocery","3777"
"333","476","""2025-10-02""","Jewelry","13997"
"334","391","""2025-03-07""","Grocery","2467"
"335","185","""2026-06-20""","Sports","36673"
"336","153","""2025-06-14""","Electronics","35579"
"337","162","""2025-07-12""","Books","20793"
"338","766","""2024-12-07""","Home & Kitchen","2030"
"339","568","""2026-07-22""","Books","4348"
"340","258","""2026-03-04""","Mobile Accessories","14106"
"341","272","""2025-12-18""","Jewelry","5813"
"342","176","""2025-02-02""","Books","26389"
"343","141","""2025-06-10""","Books","20626"
"344","455","""2025-11-02""","Beauty","14481"
"345","196","""2025-11-18""","Home & Kitchen","32066"
"346","45","""2026-04-24""","Beauty","10516"
"347","439","""2026-07-07""","Books","3630"
"348","242","""2024-10-18""","Beauty","484"
"349","957","""2026-09-14""","Electronics","3052"
"350","176","""2025-11-02""","Beauty","17457"
"351","376","""2025-12-07""","Home & Kitchen","5485"
"352","211","""2026-01-10""","Clothing","5947"
"353","120","""2025-02-04""","Home & Kitchen","28815"
"354","41","""2025-03-04""","Toys","17422"
"355","700","""2024-12-31""","Jewelry","4037"
"356","95","""2025-04-15""","Electronics","40916"
"357","83","""2026-03-26""","Books","31717"
"358","466","""2026-07-03""","Toys","14145"
"359","99","""2026-07-09""","Jewelry","10886"
"360","60","""2026-01-25""","Books","39805"
"361","494","""2026-07-29""","Jewelry","5558"
"362","818","""2024-11-11""","Beauty","3603"
"363","353","""2026-05-06""","Sports","10905"
"364","354","""2026-03-08""","Sports","1351"
"365","285","""2025-03-05""","Books","5602"
"366","11","""2026-04-30""","Books","48001"
"367","375","""2025-12-27""","Books","910"
"368","216","""2025-04-10""","Clothing","10529"
"369","470","""2025-07-02""","Home & Kitchen","1857"
"370","725","""2025-01-28""","Mobile Accessories","4201"
"371","734","""2025-10-22""","Beauty","3076"
"372","346","""2026-02-10""","Clothing","10074"
"373","371","""2025-01-29""","Clothing","10752"
"374","941","""2024-12-19""","Home & Kitchen","922"
"375","443","""2026-01-23""","Electronics","8159"
"376","175","""2026-01-08""","Clothing","19102"
"377","747","""2025-01-12""","Home & Kitchen","4123"
"378","118","""2025-06-15""","Sports","36717"
"379","269","""2026-06-07""","Grocery","2174"
"380","114","""2025-07-26""","Electronics","32019"
"381","24","""2025-05-17""","Books","11462"
"382","118","""2026-03-27""","Beauty","16795"
"383","149","""2025-08-26""","Home & Kitchen","29967"
"384","483","""2026-01-28""","Beauty","3506"
"385","67","""2025-04-18""","Books","40906"
"386","435","""2026-01-25""","Sports","4455"
"387","74","""2026-03-23""","Toys","31316"
"388","69","""2026-09-16""","Toys","9814"
"389","177","""2026-01-01""","Mobile Accessories","4865"
"390","809","""2025-12-24""","Beauty","3376"
"391","3","""2026-01-15""","Mobile Accessories","31987"
"392","425","""2025-09-15""","Electronics","13712"
"393","154","""2026-01-25""","Grocery","39964"
"394","990","""2025-09-03""","Electronics","1726"
"395","439","""2026-03-26""","Clothing","2520"
"396","144","""2025-10-22""","Beauty","44189"
"397","103","""2025-03-23""","Jewelry","20600"
"398","297","""2025-10-24""","Toys","8348"
"399","58","""2026-02-08""","Grocery","48134"
"400","142","""2025-01-24""","Home & Kitchen","17740"
"401","91","""2026-05-11""","Beauty","19288"
"402","838","""2026-05-04""","Books","280"
"403","99","""2025-12-30""","Beauty","12627"
"404","12","""2026-07-06""","Books","5473"
"405","45","""2025-08-09""","Beauty","32578"
"406","31","""2025-06-05""","Sports","43164"
"407","303","""2025-07-25""","Toys","6441"
"408","234","""2025-01-04""","Beauty","9682"
"409","411","""2025-03-01""","Beauty","9965"
"410","455","""2026-07-09""","Sports","11275"
"411","157","""2025-07-26""","Clothing","23873"
"412","426","""2025-03-15""","Toys","14007"
"413","794","""2026-02-17""","Clothing","3346"
"414","309","""2025-03-03""","Home & Kitchen","8633"
"415","984","""2026-06-30""","Mobile Accessories","2425"
"416","820","""2026-05-04""","Electronics","759"
"417","144","""2024-12-24""","Grocery","43185"
"418","413","""2026-04-28""","Sports","9672"
"419","43","""2026-06-10""","Jewelry","6423"
"420","151","""2025-05-01""","Grocery","27649"
"421","361","""2025-08-12""","Grocery","5482"
"422","395","""2024-10-23""","Home & Kitchen","7544"
"423","50","""2025-02-15""","Jewelry","10008"
"424","706","""2025-03-16""","Jewelry","4284"
"425","176","""2026-03-18""","Clothing","5320"
"426","514","""2024-11-07""","Beauty","2501"
"427","258","""2026-09-07""","Jewelry","11127"
"428","804","""2026-07-30""","Electronics","3203"
"429","192","""2025-08-10""","Sports","31958"
"430","180","""2024-12-28""","Electronics","21230"
"431","413","""2025-08-21""","Grocery","441"
"432","391","""2025-09-06""","Toys","14619"
"433","47","""2026-07-04""","Toys","42930"
"434","453","""2025-03-08""","Beauty","3875"
"435","288","""2025-04-19""","Grocery","3387"
"436","178","""2025-11-05""","Sports","16562"
"437","193","""2025-10-07""","Toys","41828"
"438","626","""2025-06-25""","Toys","3766"
"439","56","""2024-10-17""","Home & Kitchen","2689"
"440","187","""2024-10-07""","Toys","22626"
"441","873","""2025-08-30""","Electronics","3771"
"442","169","""2025-03-20""","Mobile Accessories","37113"
"443","155","""2024-09-26""","Clothing","29972"
"444","317","""2026-02-08""","Sports","4665"
"445","714","""2025-11-18""","Toys","4298"
"446","136","""2026-05-06""","Electronics","36611"
"447","793","""2024-11-04""","Electronics","3938"
"448","298","""2026-06-29""","Grocery","4808"
"449","546","""2026-05-25""","Books","2069"
"450","721","""2026-05-23""","Grocery","1058"
"451","106","""2026-04-10""","Grocery","7573"
"452","998","""2025-09-27""","Beauty","3843"
"453","48","""2026-01-03""","Sports","43160"
"454","554","""2024-12-17""","Toys","1519"
"455","176","""2024-10-28""","Mobile Accessories","41223"
"456","277","""2026-05-31""","Electronics","9762"
"457","385","""2024-12-23""","Clothing","1655"
"458","126","""2025-11-20""","Clothing","16747"
"459","118","""2026-04-08""","Sports","21546"
"460","642","""2026-02-09""","Sports","3374"
"461","232","""2024-12-20""","Toys","4352"
"462","433","""2025-05-29""","Beauty","12156"
"463","374","""2025-10-14""","Electronics","849"
"464","411","""2025-09-09""","Books","5081"
"465","670","""2026-05-22""","Toys","327"
"466","180","""2025-10-31""","Books","35849"
"467","299","""2024-10-02""","Home & Kitchen","3518"
"468","397","""2026-03-26""","Jewelry","10905"
"469","91","""2026-09-09""","Home & Kitchen","15265"
"470","371","""2026-08-04""","Books","9281"
"471","67","""2026-01-20""","Jewelry","34995"
"472","28","""2025-05-15""","Clothing","41001"
"473","194","""2025-08-14""","Electronics","5867"
"474","223","""2024-10-03""","Beauty","4756"
"475","432","""2025-03-26""","Grocery","9322"
"476","434","""2025-03-11""","Sports","12481"
"477","286","""2026-05-06""","Mobile Accessories","4233"
"478","94","""2024-10-08""","Books","4733"
"479","473","""2024-11-17""","Home & Kitchen","7430"
"480","558","""2026-05-23""","Clothing","2734"
"481","277","""2024-11-19""","Jewelry","1046"
"482","111","""2026-06-08""","Jewelry","11070"
"483","40","""2026-04-20""","Sports","25380"
"484","188","""2025-02-11""","Toys","35545"
"485","45","""2025-01-01""","Books","9224"
"486","158","""2025-04-05""","Clothing","12076"
"487","118","""2025-03-02""","Sports","35910"
"488","31","""2025-09-13""","Mobile Accessories","49627"
"489","234","""2026-01-12""","Home & Kitchen","3418"
"490","442","""2024-11-23""","Clothing","1896"
"491","111","""2025-07-02""","Books","10606"
"492","238","""2025-06-12""","Mobile Accessories","6814"
"493","302","""2026-03-10""","Toys","6605"
"494","475","""2026-01-19""","Sports","2168"
"495","144","""2025-11-09""","Clothing","43002"
"496","996","""2026-02-14""","Electronics","951"
"497","522","""2025-03-16""","Toys","861"
"498","468","""2024-12-27""","Home & Kitchen","1034"
"499","593","""2024-11-13""","Mobile Accessories","402"
"500","865","""2026-01-14""","Mobile Accessories","103"
"501","273","""2026-06-30""","Beauty","5652"
"502","875","""2026-04-23""","Books","2915"
"503","99","""2026-04-23""","Toys","48327"
"504","743","""2024-10-28""","Clothing","4650"
"505","46","""2025-06-10""","Grocery","5659"
"506","883","""2025-08-30""","Sports","3747"
"507","462","""2026-03-28""","Sports","6631"
"508","679","""2026-02-12""","Home & Kitchen","3122"
"509","318","""2026-08-30""","Toys","7751"
"510","230","""2025-08-11""","Books","10853"
"511","730","""2025-08-31""","Grocery","4525"
"512","824","""2025-08-24""","Electronics","2836"
"513","188","""2026-03-30""","Jewelry","30849"
"514","519","""2024-12-08""","Toys","4261"
"515","856","""2025-11-10""","Beauty","2290"
"516","195","""2025-03-29""","Beauty","14820"
"517","988","""2025-02-24""","Beauty","2662"
"518","93","""2026-01-29""","Books","18478"
"519","280","""2026-08-02""","Electronics","14979"
"520","362","""2024-12-31""","Jewelry","9274"
"521","745","""2025-09-02""","Books","179"
"522","129","""2025-06-23""","Home & Kitchen","32150"
"523","474","""2026-08-09""","Jewelry","8229"
"524","55","""2025-04-26""","Books","19451"
"525","958","""2025-05-08""","Home & Kitchen","3453"
"526","972","""2025-02-02""","Clothing","2419"
"527","28","""2026-07-23""","Mobile Accessories","29542"
"528","396","""2026-06-05""","Mobile Accessories","2358"
"529","387","""2025-09-22""","Grocery","10000"
"530","387","""2026-08-28""","Beauty","9196"
"531","124","""2025-06-30""","Electronics","30061"
"532","822","""2024-11-30""","Electronics","4484"
"533","3","""2025-08-02""","Grocery","4753"
"534","427","""2026-01-27""","Mobile Accessories","4693"
"535","584","""2025-11-23""","Toys","3142"
"536","295","""2025-01-14""","Toys","13610"
"537","159","""2025-12-17""","Grocery","8408"
"538","480","""2025-08-31""","Electronics","8901"
"539","388","""2025-09-25""","Toys","13137"
"540","83","""2025-11-23""","Clothing","46746"
"541","152","""2026-01-30""","Electronics","24640"
"542","131","""2025-01-19""","Home & Kitchen","27241"
"543","459","""2026-07-21""","Jewelry","9547"
"544","193","""2026-03-22""","Books","22327"
"545","358","""2026-05-03""","Mobile Accessories","9814"
"546","113","""2025-10-24""","Sports","20939"
"547","666","""2026-01-03""","Beauty","4646"
"548","112","""2025-10-17""","Books","21047"
"549","609","""2026-09-07""","Books","1351"
"550","219","""2026-01-17""","Jewelry","10944"
"551","602","""2026-08-14""","Clothing","1723"
"552","478","""2025-11-26""","Books","8581"
"553","327","""2025-04-29""","Mobile Accessories","4470"
"554","145","""2025-09-26""","Clothing","33987"
"555","437","""2026-04-20""","Jewelry","2563"
"556","420","""2025-08-07""","Toys","9753"
"557","506","""2026-04-26""","Toys","2949"
"558","452","""2026-03-14""","Books","12148"
"559","663","""2026-05-16""","Home & Kitchen","1498"
"560","253","""2024-12-29""","Sports","9232"
"561","24","""2026-05-02""","Toys","26424"
"562","559","""2025-08-14""","Toys","4074"
"563","5","""2025-11-12""","Jewelry","15280"
"564","525","""2025-01-14""","Grocery","4866"
"565","354","""2024-10-14""","Jewelry","3033"
"566","856","""2026-03-05""","Sports","3287"
"567","992","""2025-01-27""","Grocery","1709"
"568","123","""2024-11-14""","Electronics","32335"
"569","767","""2025-02-04""","Mobile Accessories","2725"
"570","652","""2025-08-14""","Books","143"
"571","230","""2025-09-01""","Mobile Accessories","4801"
"572","491","""2025-08-12""","Toys","9645"
"573","94","""2025-07-17""","Books","35691"
"574","598","""2025-04-10""","Beauty","3112"
"575","227","""2025-08-22""","Clothing","3437"
"576","450","""2026-05-16""","Toys","1954"
"577","98","""2026-02-12""","Mobile Accessories","23229"
"578","380","""2025-10-15""","Books","3453"
"579","119","""2026-05-19""","Jewelry","8454"
"580","156","""2025-07-29""","Jewelry","10024"
"581","149","""2024-11-29""","Beauty","40441"
"582","402","""2025-07-02""","Electronics","11424"
"583","860","""2025-06-05""","Beauty","4908"
"584","329","""2026-07-19""","Toys","13834"
"585","21","""2025-03-25""","Electronics","41953"
"586","390","""2025-10-22""","Toys","3841"
"587","117","""2024-12-21""","Sports","5939"
"588","85","""2026-09-22""","Beauty","3010"
"589","629","""2025-11-21""","Mobile Accessories","3192"
"590","169","""2025-01-11""","Toys","3038"
"591","241","""2026-02-12""","Clothing","8164"
"592","413","""2026-08-15""","Electronics","7185"
"593","469","""2025-12-15""","Sports","13450"
"594","810","""2024-11-13""","Books","3863"
"595","211","""2026-08-09""","Sports","7449"
"596","317","""2026-07-19""","Books","9590"
"597","326","""2024-10-18""","Books","3050"
"598","258","""2026-07-16""","Grocery","14244"
"599","221","""2024-12-12""","Books","3725"
"600","154","""2026-05-05""","Books","2078"
"601","85","""2026-07-14""","Mobile Accessories","42297"
"602","224","""2026-06-26""","Toys","13419"
"603","620","""2025-08-08""","Grocery","393"
"604","348","""2024-09-28""","Home & Kitchen","6599"
"605","105","""2024-11-08""","Toys","34319"
"606","895","""2025-12-03""","Toys","4358"
"607","63","""2026-04-13""","Jewelry","13990"
"608","128","""2024-10-09""","Sports","10886"
"609","78","""2026-05-13""","Grocery","8520"
"610","145","""2024-10-27""","Electronics","39093"
"611","478","""2026-02-09""","Home & Kitchen","5617"
"612","46","""2025-06-27""","Electronics","11905"
"613","219","""2026-08-25""","Toys","2704"
"614","128","""2026-04-29""","Jewelry","20600"
"615","668","""2025-03-29""","Electronics","334"
"616","971","""2026-02-26""","Clothing","4988"
"617","52","""2026-01-13""","Toys","37507"
"618","333","""2026-09-04""","Electronics","2374"
"619","569","""2026-03-14""","Jewelry","1435"
"620","76","""2024-12-09""","Clothing","41889"
"621","223","""2025-11-02""","Jewelry","864"
"622","203","""2025-09-05""","Mobile Accessories","13389"
"623","453","""2025-09-20""","Grocery","14477"
"624","321","""2025-06-04""","Books","10455"
"625","18","""2025-08-23""","Beauty","6646"
"626","165","""2025-01-01""","Mobile Accessories","17990"
"627","322","""2025-06-16""","Electronics","316"
"628","796","""2025-11-02""","Books","4778"
"629","464","""2025-02-07""","Clothing","1814"
"630","77","""2025-08-04""","Electronics","49996"
"631","902","""2025-09-10""","Books","543"
"632","670","""2026-07-05""","Mobile Accessories","1273"
"633","396","""2024-10-08""","Home & Kitchen","1327"
"634","640","""2025-03-05""","Sports","2131"
"635","232","""2025-10-17""","Toys","11739"
"636","192","""2025-08-29""","Toys","10309"
"637","287","""2025-04-10""","Beauty","11466"
"638","993","""2026-03-06""","Books","1776"
"639","468","""2025-09-14""","Jewelry","729"
"640","345","""2026-05-13""","Clothing","14463"
"641","106","""2026-05-21""","Clothing","11257"
"642","225","""2026-07-26""","Clothing","7649"
"643","48","""2025-08-23""","Sports","20356"
"644","17","""2026-07-17""","Sports","48576"
"645","79","""2025-03-28""","Grocery","25813"
"646","76","""2025-01-06""","Books","5507"
"647","576","""2024-09-27""","Grocery","3189"
"648","708","""2025-02-18""","Mobile Accessories","4975"
"649","198","""2026-06-11""","Books","13950"
"650","967","""2025-05-23""","Beauty","3905"
"651","79","""2026-02-20""","Mobile Accessories","3167"
"652","249","""2025-06-29""","Electronics","10813"
"653","139","""2026-06-07""","Sports","6099"
"654","435","""2026-06-07""","Sports","10668"
"655","585","""2025-01-24""","Jewelry","1995"
"656","151","""2026-02-10""","Toys","36964"
"657","764","""2026-06-21""","Home & Kitchen","4715"
"658","635","""2024-10-24""","Books","863"
"659","619","""2025-06-01""","Sports","1546"
"660","30","""2025-04-11""","Books","41288"
"661","406","""2025-09-24""","Sports","1805"
"662","102","""2025-08-21""","Beauty","9071"
"663","108","""2025-10-17""","Jewelry","12646"
"664","498","""2025-06-20""","Mobile Accessories","2014"
"665","430","""2026-04-23""","Toys","9481"
"666","330","""2026-07-24""","Grocery","14767"
"667","694","""2025-11-03""","Beauty","2447"
"668","354","""2025-07-09""","Home & Kitchen","8847"
"669","127","""2024-12-23""","Electronics","9234"
"670","357","""2026-01-26""","Clothing","10326"
"671","355","""2024-12-13""","Beauty","1183"
"672","175","""2026-05-16""","Sports","27535"
"673","334","""2026-06-25""","Books","6583"
"674","720","""2026-08-18""","Mobile Accessories","3962"
"675","970","""2026-06-14""","Grocery","4692"
"676","256","""2026-03-08""","Jewelry","3407"
"677","706","""2025-10-24""","Books","3830"
"678","87","""2026-07-25""","Toys","19001"
"679","83","""2026-05-10""","Books","23740"
"680","146","""2025-08-14""","Jewelry","36397"
"681","627","""2025-07-12""","Books","3190"
"682","474","""2025-01-26""","Sports","10837"
"683","881","""2026-06-08""","Jewelry","3561"
"684","597","""2026-08-31""","Sports","4635"
"685","201","""2026-08-19""","Grocery","3552"
"686","539","""2026-05-03""","Mobile Accessories","2972"
"687","248","""2026-03-16""","Home & Kitchen","6251"
"688","233","""2026-02-22""","Clothing","10436"
"689","449","""2025-07-24""","Jewelry","4837"
"690","792","""2025-05-18""","Sports","3471"
"691","32","""2026-06-13""","Beauty","14393"
"692","937","""2025-01-05""","Mobile Accessories","3901"
"693","824","""2025-10-03""","Clothing","1299"
"694","129","""2026-03-10""","Toys","29143"
"695","540","""2025-07-22""","Beauty","2824"
"696","328","""2024-11-01""","Electronics","13756"
"697","162","""2026-04-26""","Grocery","42621"
"698","11","""2024-09-29""","Toys","6803"
"699","130","""2025-10-04""","Home & Kitchen","8714"
"700","633","""2024-10-29""","Clothing","1579"
"701","26","""2025-05-26""","Home & Kitchen","16442"
"702","677","""2024-11-12""","Mobile Accessories","4979"
"703","125","""2025-07-22""","Home & Kitchen","39560"
"704","148","""2025-03-11""","Toys","22882"
"705","973","""2026-03-27""","Beauty","2088"
"706","115","""2025-07-31""","Books","15695"
"707","569","""2026-04-01""","Home & Kitchen","3180"
"708","166","""2025-02-22""","Grocery","33923"
"709","882","""2025-06-15""","Sports","4710"
"710","195","""2025-08-24""","Grocery","36732"
"711","86","""2025-02-12""","Electronics","27974"
"712","689","""2026-08-16""","Toys","4193"
"713","442","""2025-02-12""","Beauty","2031"
"714","17","""2026-01-04""","Mobile Accessories","46132"
"715","478","""2026-07-04""","Grocery","14217"
"716","655","""2025-12-21""","Grocery","2571"
"717","702","""2025-06-19""","Electronics","4890"
"718","80","""2024-12-14""","Grocery","39530"
"719","101","""2024-12-26""","Clothing","37799"
"720","110","""2026-03-30""","Electronics","37381"
"721","282","""2025-05-18""","Grocery","2611"
"722","444","""2026-05-26""","Sports","9367"
"723","120","""2025-04-19""","Beauty","9248"
"724","87","""2024-10-17""","Home & Kitchen","2197"
"725","170","""2025-07-09""","Sports","17174"
"726","159","""2026-06-02""","Clothing","18540"
"727","194","""2024-12-18""","Toys","8866"
"728","52","""2026-01-12""","Sports","13046"
"729","373","""2025-03-11""","Mobile Accessories","12072"
"730","252","""2025-07-03""","Grocery","10081"
"731","291","""2024-12-03""","Jewelry","13748"
"732","684","""2025-04-04""","Electronics","3113"
"733","797","""2026-07-14""","Books","3871"
"734","12","""2026-07-11""","Electronics","20941"
"735","500","""2026-08-20""","Toys","11817"
"736","382","""2025-06-18""","Home & Kitchen","7059"
"737","372","""2025-08-03""","Electronics","6142"
"738","243","""2026-06-24""","Grocery","6581"
"739","640","""2026-06-03""","Sports","266"
"740","294","""2025-11-09""","Jewelry","9442"
"741","776","""2026-08-11""","Grocery","3374"
"742","465","""2025-02-26""","Grocery","700"
"743","137","""2025-10-20""","Books","30833"
"744","196","""2025-04-01""","Mobile Accessories","10606"
"745","15","""2025-06-24""","Electronics","47071"
"746","464","""2026-02-11""","Jewelry","11152"
"747","972","""2026-05-20""","Home & Kitchen","2552"
"748","929","""2024-12-01""","Jewelry","3728"
"749","890","""2025-06-06""","Home & Kitchen","3800"
"750","87","""2025-05-06""","Home & Kitchen","11629"
"751","937","""2024-11-08""","Home & Kitchen","557"
"752","135","""2024-10-30""","Toys","33618"
"753","113","""2025-01-17""","Beauty","18278"
"754","759","""2025-11-04""","Home & Kitchen","975"
"755","709","""2026-05-29""","Beauty","3596"
"756","163","""2026-06-08""","Beauty","36393"
"757","15","""2024-12-12""","Mobile Accessories","9890"
"758","730","""2025-09-20""","Toys","862"
"759","382","""2026-04-26""","Toys","2019"
"760","621","""2025-02-13""","Clothing","987"
"761","136","""2025-12-26""","Grocery","2532"
"762","346","""2026-03-17""","Sports","642"
"763","420","""2025-05-04""","Toys","5749"
"764","257","""2025-06-10""","Beauty","7646"
"765","514","""2025-05-30""","Books","567"
"766","32","""2026-09-04""","Mobile Accessories","42166"
"767","930","""2026-06-23""","Sports","669"
"768","323","""2025-07-10""","Sports","498"
"769","82","""2024-10-08""","Beauty","23669"
"770","195","""2025-04-16""","Mobile Accessories","14568"
"771","399","""2025-06-23""","Jewelry","10070"
"772","69","""2026-08-01""","Electronics","37605"
"773","30","""2025-10-26""","Mobile Accessories","24476"
"774","49","""2025-09-07""","Home & Kitchen","16972"
"775","281","""2025-01-16""","Home & Kitchen","6887"
"776","285","""2024-12-06""","Beauty","1816"
"777","777","""2025-09-07""","Sports","2951"
"778","327","""2025-11-03""","Mobile Accessories","1669"
"779","274","""2025-06-25""","Sports","10917"
"780","395","""2026-05-04""","Beauty","9335"
"781","112","""2024-09-25""","Home & Kitchen","26115"
"782","300","""2026-08-09""","Books","3435"
"783","88","""2025-07-24""","Grocery","19315"
"784","392","""2026-02-23""","Books","13445"
"785","953","""2025-10-22""","Toys","2947"
"786","21","""2026-08-04""","Toys","27968"
"787","203","""2025-12-03""","Toys","5416"
"788","3","""2025-03-09""","Beauty","25671"
"789","1","""2026-08-29""","Grocery","40983"
"790","364","""2025-06-10""","Books","775"
"791","10","""2026-04-04""","Home & Kitchen","28155"
"792","705","""2025-06-24""","Electronics","1610"
"793","84","""2025-11-20""","Grocery","6918"
"794","321","""2026-06-23""","Toys","730"
"795","144","""2025-05-06""","Grocery","18688"
"796","368","""2026-06-07""","Books","14513"
"797","174","""2025-03-02""","Clothing","22440"
"798","106","""2025-05-10""","Mobile Accessories","23514"
"799","492","""2025-01-29""","Sports","8268"
"800","431","""2025-12-20""","Electronics","10641"
"801","355","""2025-09-29""","Toys","12778"
"802","190","""2026-04-13""","Home & Kitchen","39721"
"803","552","""2026-09-05""","Clothing","4079"
"804","323","""2026-09-24""","Sports","2627"
"805","613","""2025-07-20""","Toys","2674"
"806","608","""2026-01-22""","Electronics","3313"
"807","320","""2025-04-27""","Electronics","9791"
"808","157","""2025-08-09""","Beauty","2997"
"809","96","""2026-04-23""","Sports","41371"
"810","443","""2025-12-04""","Clothing","9758"
"811","355","""2025-04-27""","Sports","2081"
"812","574","""2026-07-17""","Clothing","515"
"813","857","""2026-07-18""","Beauty","3144"
"814","135","""2026-01-12""","Grocery","12602"
"815","210","""2024-11-02""","Electronics","6122"
"816","353","""2025-08-30""","Beauty","3737"
"817","870","""2026-07-16""","Beauty","2083"
"818","279","""2025-04-16""","Clothing","11075"
"819","538","""2025-05-16""","Mobile Accessories","2604"
"820","667","""2026-04-22""","Grocery","577"
"821","423","""2025-11-21""","Toys","1007"
"822","649","""2026-05-03""","Mobile Accessories","3338"
"823","148","""2026-01-18""","Grocery","38520"
"824","1","""2026-02-03""","Jewelry","8830"
"825","176","""2025-10-29""","Grocery","21968"
"826","920","""2026-03-29""","Jewelry","719"
"827","44","""2026-08-31""","Books","11762"
"828","774","""2025-07-27""","Home & Kitchen","1724"
"829","117","""2025-09-14""","Beauty","5229"
"830","413","""2025-10-02""","Jewelry","11135"
"831","707","""2026-07-26""","Home & Kitchen","4937"
"832","17","""2024-10-24""","Toys","27368"
"833","2","""2026-07-11""","Toys","12615"
"834","357","""2024-10-05""","Home & Kitchen","10704"
"835","393","""2026-04-18""","Toys","8823"
"836","346","""2025-06-19""","Mobile Accessories","1637"
"837","658","""2025-11-14""","Mobile Accessories","4246"
"838","755","""2024-12-10""","Beauty","2423"
"839","3","""2024-12-07""","Home & Kitchen","34597"
"840","149","""2025-08-13""","Electronics","37848"
"841","336","""2025-03-12""","Sports","9031"
"842","90","""2026-04-27""","Home & Kitchen","16278"
"843","574","""2026-05-19""","Beauty","343"
"844","205","""2026-08-16""","Home & Kitchen","14709"
"845","741","""2024-10-03""","Clothing","4317"
"846","319","""2025-12-26""","Toys","12666"
"847","562","""2025-10-03""","Grocery","2347"
"848","33","""2026-02-21""","Mobile Accessories","6472"
"849","320","""2025-02-16""","Home & Kitchen","11385"
"850","128","""2024-10-04""","Mobile Accessories","4514"
"851","77","""2026-04-04""","Sports","31999"
"852","405","""2026-01-06""","Books","14538"
"853","788","""2026-08-04""","Books","2576"
"854","988","""2025-06-03""","Electronics","3524"
"855","233","""2026-09-14""","Home & Kitchen","13438"
"856","261","""2025-03-02""","Clothing","2252"
"857","216","""2025-09-29""","Grocery","14558"
"858","496","""2026-01-18""","Grocery","13954"
"859","111","""2025-05-21""","Grocery","37337"
"860","614","""2026-04-23""","Home & Kitchen","1787"
"861","107","""2025-11-24""","Home & Kitchen","19944"
"862","319","""2025-06-16""","Home & Kitchen","8015"
"863","482","""2025-11-18""","Mobile Accessories","12751"
"864","229","""2026-08-29""","Home & Kitchen","12639"
"865","242","""2024-11-07""","Home & Kitchen","7714"
"866","148","""2025-12-13""","Sports","34282"
"867","181","""2026-06-01""","Grocery","17122"
"868","286","""2026-02-14""","Clothing","4834"
"869","48","""2024-12-03""","Jewelry","42916"
"870","959","""2025-07-23""","Grocery","772"
"871","362","""2025-08-20""","Electronics","8123"
"872","281","""2025-04-12""","Electronics","3484"
"873","18","""2025-11-28""","Grocery","48684"
"874","695","""2025-03-25""","Jewelry","3511"
"875","966","""2026-05-22""","Electronics","296"
"876","142","""2026-02-25""","Beauty","12341"
"877","157","""2025-02-11""","Clothing","15540"
"878","763","""2024-11-11""","Jewelry","433"
"879","326","""2024-12-04""","Grocery","7006"
"880","114","""2025-09-19""","Grocery","14750"
"881","88","""2024-11-27""","Toys","38341"
"882","163","""2025-02-18""","Mobile Accessories","2821"
"883","241","""2026-08-28""","Books","14410"
"884","202","""2026-05-18""","Beauty","3917"
"885","198","""2026-01-10""","Sports","40815"
"886","104","""2026-03-31""","Beauty","44388"
"887","644","""2026-02-24""","Electronics","1114"
"888","201","""2025-01-26""","Electronics","6035"
"889","261","""2025-05-04""","Books","3116"
"890","89","""2025-11-20""","Jewelry","41619"
"891","410","""2026-06-28""","Toys","2194"
"892","245","""2025-02-13""","Clothing","8910"
"893","824","""2026-07-10""","Home & Kitchen","966"
"894","118","""2025-08-24""","Grocery","38082"
"895","69","""2025-10-30""","Toys","17082"
"896","242","""2025-12-11""","Sports","8595"
"897","551","""2025-02-03""","Mobile Accessories","2087"
"898","582","""2026-04-13""","Jewelry","1392"
"899","226","""2026-02-23""","Electronics","4764"
"900","12","""2025-06-15""","Grocery","8804"
"901","127","""2025-02-10""","Grocery","29759"
"902","31","""2025-04-10""","Toys","37039"
"903","518","""2025-02-26""","Home & Kitchen","1432"
"904","41","""2026-01-05""","Sports","37604"
"905","909","""2025-12-04""","Electronics","4068"
"906","125","""2024-12-17""","Home & Kitchen","27504"
"907","43","""2026-01-27""","Jewelry","15432"
"908","835","""2025-04-01""","Jewelry","4301"
"909","655","""2025-10-01""","Beauty","3088"
"910","284","""2026-08-01""","Sports","7728"
"911","163","""2025-01-23""","Books","41753"
"912","585","""2024-11-03""","Electronics","1720"
"913","483","""2025-08-01""","Beauty","6653"
"914","175","""2024-11-09""","Jewelry","13754"
"915","381","""2026-05-21""","Electronics","4235"
"916","1","""2026-04-21""","Mobile Accessories","29842"
"917","378","""2025-10-03""","Books","7467"
"918","314","""2025-06-08""","Electronics","3675"
"919","192","""2025-02-24""","Mobile Accessories","36060"
"920","382","""2025-10-21""","Electronics","8036"
"921","519","""2026-08-02""","Books","1074"
"922","284","""2026-09-23""","Toys","8224"
"923","95","""2026-06-29""","Clothing","18065"
"924","114","""2024-12-08""","Mobile Accessories","9018"
"925","862","""2026-01-09""","Clothing","2613"
"926","270","""2025-08-08""","Jewelry","2023"
"927","150","""2024-10-17""","Grocery","12286"
"928","217","""2026-09-11""","Home & Kitchen","13094"
"929","76","""2026-04-22""","Toys","30009"
"930","330","""2025-05-07""","Jewelry","7028"
"931","601","""2025-10-23""","Toys","3915"
"932","281","""2025-04-27""","Clothing","13734"
"933","16","""2026-07-20""","Electronics","9648"
"934","479","""2024-11-09""","Books","11309"
"935","71","""2025-07-20""","Grocery","34349"
"936","759","""2026-05-27""","Grocery","4435"
"937","910","""2024-12-28""","Jewelry","719"
"938","112","""2025-05-21""","Mobile Accessories","34951"
"939","3","""2025-08-01""","Books","3249"
"940","651","""2026-04-17""","Books","2934"
"941","96","""2024-12-16""","Clothing","35058"
"942","608","""2024-10-27""","Grocery","1727"
"943","462","""2026-09-18""","Grocery","12217"
"944","994","""2024-10-20""","Toys","2758"
"945","188","""2025-11-16""","Sports","43099"
"946","511","""2024-11-06""","Jewelry","1763"
"947","823","""2026-01-06""","Mobile Accessories","1936"
"948","448","""2025-04-11""","Clothing","9862"
"949","173","""2026-05-26""","Grocery","15084"
"950","393","""2025-07-23""","Toys","9195"
"951","248","""2026-03-23""","Clothing","5624"
"952","757","""2026-02-09""","Electronics","3621"
"953","88","""2025-01-06""","Sports","22657"
"954","303","""2026-05-20""","Books","1748"
"955","838","""2025-10-23""","Toys","2269"
"956","212","""2025-09-20""","Jewelry","345"
"957","237","""2026-05-19""","Grocery","3335"
"958","376","""2024-11-12""","Home & Kitchen","2505"
"959","5","""2026-04-29""","Beauty","3975"
"960","833","""2026-09-19""","Mobile Accessories","2657"
"961","460","""2024-12-20""","Books","5374"
"962","384","""2025-02-18""","Jewelry","11492"
"963","138","""2026-02-21""","Mobile Accessories","40566"
"964","508","""2026-07-07""","Sports","624"
"965","668","""2025-08-16""","Grocery","3685"
"966","660","""2024-10-20""","Electronics","4595"
"967","427","""2025-09-06""","Jewelry","6459"
"968","8","""2025-10-18""","Books","23714"
"969","274","""2025-09-06""","Books","8942"
"970","459","""2025-08-16""","Sports","3084"
"971","62","""2025-09-09""","Mobile Accessories","23285"
"972","944","""2026-03-23""","Beauty","2806"
"973","160","""2026-01-21""","Beauty","36655"
"974","321","""2026-02-07""","Sports","8682"
"975","334","""2026-08-12""","Jewelry","9256"
"976","580","""2026-04-13""","Jewelry","1481"
"977","193","""2024-12-30""","Beauty","20593"
"978","169","""2025-08-10""","Books","30439"
"979","32","""2025-09-23""","Jewelry","47721"
"980","288","""2026-09-18""","Books","927"
"981","130","""2026-06-16""","Clothing","29631"
"982","658","""2025-03-21""","Toys","503"
"983","117","""2024-11-19""","Jewelry","7155"
"984","165","""2025-05-28""","Jewelry","16932"
"985","357","""2026-05-04""","Books","5740"
"986","49","""2025-04-10""","Sports","19168"
"987","409","""2025-03-29""","Electronics","13518"
"988","758","""2025-03-17""","Books","629"
"989","428","""2026-06-07""","Toys","13075"
"990","185","""2025-05-22""","Books","28579"
"991","345","""2025-10-25""","Mobile Accessories","7896"
"992","9","""2026-01-03""","Beauty","7435"
"993","166","""2025-07-16""","Books","10948"
"994","691","""2026-03-30""","Grocery","4817"
"995","401","""2025-07-21""","Beauty","2403"
"996","371","""2026-09-01""","Jewelry","9999"
"997","187","""2025-11-08""","Jewelry","13066"
"998","173","""2026-06-22""","Jewelry","17450"
"999","844","""2026-01-04""","Clothing","1016"
"1000","467","""2026-06-05""","Home & Kitchen","4725"
"1001","946","""2025-08-09""","Mobile Accessories","4553"
"1002","47","""2026-02-24""","Grocery","44143"
"1003","142","""2025-12-01""","Beauty","21934"
"1004","338","""2025-12-28""","Clothing","6007"
"1005","610","""2025-05-08""","Sports","2356"
"1006","625","""2024-11-25""","Toys","2656"
"1007","110","""2025-04-08""","Books","21628"
"1008","739","""2026-01-06""","Clothing","2752"
"1009","413","""2025-05-24""","Beauty","8798"
"1010","342","""2025-07-13""","Electronics","494"
"1011","495","""2026-03-08""","Jewelry","5812"
"1012","205","""2025-05-05""","Beauty","1538"
"1013","107","""2025-08-06""","Jewelry","12803"
"1014","3","""2025-11-09""","Toys","40599"
"1015","312","""2025-03-03""","Sports","12110"
"1016","32","""2025-04-02""","Books","24214"
"1017","106","""2026-03-23""","Sports","8426"
"1018","386","""2026-09-08""","Grocery","6804"
"1019","80","""2024-10-02""","Toys","42845"
"1020","160","""2024-10-24""","Beauty","13726"
"1021","493","""2025-08-03""","Home & Kitchen","6898"
"1022","452","""2024-12-26""","Electronics","6043"
"1023","647","""2025-01-14""","Books","3014"
"1024","477","""2024-11-26""","Grocery","10351"
"1025","97","""2025-06-17""","Electronics","9562"
"1026","140","""2025-01-01""","Sports","30919"
"1027","14","""2025-06-21""","Clothing","49531"
"1028","235","""2024-12-26""","Home & Kitchen","4969"
"1029","193","""2025-06-29""","Jewelry","41887"
"1030","475","""2025-12-09""","Electronics","8572"
"1031","45","""2025-09-21""","Home & Kitchen","41233"
"1032","301","""2025-07-14""","Toys","1589"
"1033","89","""2026-09-20""","Jewelry","30245"
"1034","111","""2024-11-16""","Sports","29957"
"1035","108","""2025-12-05""","Sports","23981"
"1036","119","""2025-07-05""","Toys","35123"
"1037","134","""2024-10-17""","Grocery","8929"
"1038","918","""2026-05-13""","Beauty","158"
"1039","991","""2025-09-30""","Mobile Accessories","1596"
"1040","853","""2025-04-30""","Clothing","1495"
"1041","51","""2026-08-01""","Grocery","43332"
"1042","95","""2026-07-11""","Jewelry","37797"
"1043","457","""2026-08-06""","Jewelry","1178"
"1044","116","""2026-05-14""","Home & Kitchen","26692"
"1045","384","""2026-08-11""","Beauty","9586"
"1046","192","""2025-10-06""","Sports","18556"
"1047","82","""2025-04-13""","Electronics","17334"
"1048","607","""2026-03-08""","Grocery","2327"
"1049","933","""2025-10-11""","Books","1400"
"1050","460","""2025-06-26""","Beauty","12489"
"1051","438","""2025-08-20""","Clothing","9249"
"1052","14","""2025-04-02""","Mobile Accessories","47026"
"1053","285","""2026-07-02""","Home & Kitchen","3049"
"1054","43","""2025-12-15""","Electronics","33846"
"1055","886","""2025-12-28""","Jewelry","3241"
"1056","379","""2026-08-12""","Home & Kitchen","8457"
"1057","609","""2025-07-10""","Jewelry","2585"
"1058","637","""2025-12-07""","Books","2463"
"1059","179","""2025-10-23""","Beauty","44388"
"1060","150","""2026-06-07""","Grocery","20893"
"1061","114","""2025-09-12""","Mobile Accessories","38347"
"1062","375","""2026-08-21""","Home & Kitchen","6036"
"1063","250","""2026-09-18""","Books","6984"
"1064","234","""2025-02-05""","Jewelry","4454"
"1065","558","""2026-01-21""","Grocery","1514"
"1066","100","""2026-08-21""","Grocery","46258"
"1067","36","""2025-05-21""","Home & Kitchen","44236"
"1068","716","""2026-01-24""","Electronics","2496"
"1069","84","""2026-06-14""","Sports","19216"
"1070","176","""2025-08-19""","Toys","14784"
"1071","408","""2026-01-26""","Toys","3802"
"1072","137","""2025-05-29""","Electronics","43406"
"1073","190","""2025-03-03""","Clothing","11952"
"1074","176","""2026-06-08""","Home & Kitchen","43931"
"1075","452","""2025-11-12""","Jewelry","10858"
"1076","674","""2025-08-22""","Books","3817"
"1077","110","""2025-12-16""","Sports","14344"
"1078","460","""2026-02-09""","Mobile Accessories","11750"
"1079","114","""2026-02-28""","Electronics","10015"
"1080","175","""2025-11-25""","Mobile Accessories","21989"
"1081","188","""2025-02-18""","Home & Kitchen","21150"
"1082","423","""2026-07-23""","Grocery","2001"
"1083","152","""2026-06-24""","Grocery","27894"
"1084","19","""2025-09-02""","Books","9615"
"1085","147","""2026-02-15""","Toys","3715"
"1086","10","""2026-02-14""","Home & Kitchen","9031"
"1087","240","""2026-02-05""","Jewelry","3209"
"1088","315","""2025-03-19""","Books","6384"
"1089","264","""2025-09-21""","Home & Kitchen","10231"
"1090","132","""2024-10-10""","Beauty","6303"
"1091","418","""2025-12-20""","Mobile Accessories","11006"
"1092","888","""2024-11-15""","Books","3910"
"1093","298","""2026-07-11""","Electronics","7433"
"1094","921","""2024-12-09""","Electronics","1713"
"1095","893","""2026-05-07""","Sports","3042"
"1096","284","""2026-04-25""","Books","13207"
"1097","260","""2024-10-14""","Home & Kitchen","11914"
"1098","355","""2026-06-17""","Beauty","6275"
"1099","41","""2026-09-01""","Home & Kitchen","33606"
"1100","116","""2025-08-22""","Grocery","37049"
"1101","613","""2026-07-24""","Beauty","2620"
"1102","834","""2025-01-07""","Beauty","2806"
"1103","188","""2024-10-09""","Toys","33506"
"1104","196","""2024-09-27""","Clothing","5552"
"1105","331","""2026-06-16""","Toys","12841"
"1106","880","""2025-03-22""","Grocery","2204"
"1107","449","""2025-01-01""","Books","1135"
"1108","715","""2025-11-10""","Books","366"
"1109","468","""2025-10-03""","Electronics","12359"
"1110","58","""2026-09-12""","Mobile Accessories","27301"
"1111","276","""2026-06-26""","Home & Kitchen","13028"
"1112","370","""2025-07-05""","Grocery","12040"
"1113","512","""2025-12-04""","Sports","1737"
"1114","382","""2026-06-14""","Sports","1928"
"1115","446","""2025-06-11""","Toys","2874"
"1116","41","""2025-03-29""","Electronics","4214"
"1117","49","""2026-01-30""","Clothing","9972"
"1118","130","""2026-03-28""","Electronics","12844"
"1119","134","""2025-12-19""","Home & Kitchen","26006"
"1120","152","""2025-06-14""","Toys","4975"
"1121","219","""2026-08-03""","Clothing","1818"
"1122","282","""2025-11-06""","Home & Kitchen","5727"
"1123","6","""2026-07-02""","Books","43409"
"1124","6","""2025-08-08""","Toys","4535"
"1125","112","""2024-12-07""","Beauty","42390"
"1126","154","""2026-04-08""","Beauty","12123"
"1127","325","""2024-11-15""","Mobile Accessories","8061"
"1128","557","""2025-03-26""","Electronics","1433"
"1129","16","""2026-08-15""","Grocery","40387"
"1130","219","""2026-05-02""","Books","13874"
"1131","132","""2026-04-09""","Books","21464"
"1132","8","""2026-01-02""","Books","36109"
"1133","153","""2026-01-11""","Clothing","30878"
"1134","900","""2026-03-26""","Books","4339"
"1135","129","""2024-12-23""","Sports","17637"
"1136","158","""2026-01-03""","Home & Kitchen","27140"
"1137","111","""2026-03-23""","Beauty","15748"
"1138","125","""2026-03-11""","Grocery","27819"
"1139","847","""2026-08-01""","Electronics","1780"
"1140","360","""2025-12-28""","Home & Kitchen","6751"
"1141","880","""2024-10-14""","Home & Kitchen","3454"
"1142","274","""2025-10-22""","Toys","5532"
"1143","858","""2025-03-24""","Jewelry","4570"
"1144","214","""2026-01-01""","Beauty","9304"
"1145","458","""2026-06-09""","Home & Kitchen","6565"
"1146","172","""2025-12-22""","Home & Kitchen","44748"
"1147","846","""2026-01-05""","Clothing","3137"
"1148","104","""2024-11-06""","Jewelry","12613"
"1149","599","""2025-12-31""","Grocery","2748"
"1150","196","""2024-11-14""","Clothing","15635"
"1151","42","""2025-07-16""","Home & Kitchen","34771"
"1152","254","""2026-04-07""","Clothing","1396"
"1153","634","""2025-01-11""","Jewelry","2737"
"1154","167","""2025-10-28""","Toys","38355"
"1155","376","""2025-04-07""","Jewelry","2682"
"1156","467","""2025-02-23""","Beauty","1552"
"1157","279","""2025-01-12""","Beauty","4276"
"1158","610","""2026-09-08""","Beauty","3254"
"1159","444","""2024-12-29""","Toys","2361"
"1160","293","""2025-11-29""","Sports","12873"
"1161","292","""2025-04-23""","Grocery","12953"
"1162","810","""2025-07-31""","Jewelry","1292"
"1163","235","""2025-08-19""","Books","9478"
"1164","83","""2024-10-10""","Mobile Accessories","18874"
"1165","328","""2024-11-04""","Grocery","1587"
"1166","716","""2025-09-25""","Toys","1641"
"1167","99","""2026-04-18""","Sports","9128"
"1168","218","""2026-03-25""","Sports","3313"
"1169","752","""2026-05-21""","Mobile Accessories","350"
"1170","279","""2026-02-28""","Beauty","14810"
"1171","458","""2025-01-13""","Toys","11194"
"1172","920","""2025-11-19""","Beauty","1990"
"1173","199","""2025-09-13""","Sports","42790"
"1174","24","""2025-02-11""","Beauty","22882"
"1175","740","""2026-03-31""","Toys","1430"
"1176","162","""2025-03-17""","Clothing","28945"
"1177","428","""2024-10-14""","Toys","5588"
"1178","189","""2026-05-21""","Beauty","36708"
"1179","907","""2025-12-21""","Clothing","415"
"1180","787","""2024-11-23""","Grocery","457"
"1181","769","""2025-02-18""","Grocery","1433"
"1182","954","""2025-12-15""","Beauty","2644"
"1183","242","""2025-11-29""","Clothing","10347"
"1184","16","""2025-01-07""","Grocery","7188"
"1185","73","""2024-10-17""","Jewelry","21588"
"1186","43","""2026-09-22""","Jewelry","19045"
"1187","613","""2025-02-22""","Clothing","2550"
"1188","102","""2025-07-28""","Toys","6446"
"1189","148","""2025-02-03""","Clothing","23458"
"1190","329","""2024-10-15""","Home & Kitchen","13700"
"1191","146","""2025-03-13""","Books","25042"
"1192","321","""2024-11-12""","Electronics","1633"
"1193","45","""2024-10-06""","Jewelry","45556"
"1194","59","""2025-08-07""","Jewelry","38127"
"1195","25","""2025-11-28""","Clothing","38708"
"1196","208","""2025-05-05""","Electronics","4554"
"1197","179","""2025-10-03""","Grocery","11870"
"1198","23","""2024-12-18""","Books","28642"
"1199","33","""2026-06-24""","Jewelry","43843"
"1200","140","""2025-04-22""","Mobile Accessories","5746"
"1201","92","""2025-07-07""","Jewelry","22628"
"1202","455","""2026-03-05""","Grocery","9626"
"1203","17","""2026-06-15""","Books","21247"
"1204","634","""2026-08-05""","Grocery","1674"
"1205","639","""2024-12-30""","Clothing","3753"
"1206","530","""2026-02-06""","Books","845"
"1207","937","""2026-02-06""","Jewelry","4879"
"1208","182","""2026-02-26""","Mobile Accessories","25264"
"1209","51","""2026-04-08""","Electronics","38312"
"1210","254","""2025-11-16""","Books","5236"
"1211","150","""2025-06-29""","Home & Kitchen","35612"
"1212","40","""2026-05-28""","Beauty","31645"
"1213","960","""2026-05-28""","Toys","4078"
"1214","562","""2024-11-02""","Jewelry","2816"
"1215","100","""2026-01-01""","Clothing","6266"
"1216","60","""2025-11-30""","Jewelry","8923"
"1217","947","""2024-12-04""","Grocery","1311"
"1218","87","""2026-07-02""","Books","7131"
"1219","183","""2025-06-16""","Jewelry","11416"
"1220","747","""2025-11-22""","Electronics","3772"
"1221","60","""2026-04-02""","Toys","6265"
"1222","379","""2026-05-07""","Jewelry","9098"
"1223","57","""2025-07-13""","Clothing","46390"
"1224","205","""2025-10-03""","Sports","13230"
"1225","462","""2025-05-27""","Sports","4393"
"1226","72","""2026-06-25""","Sports","49629"
"1227","178","""2025-01-25""","Sports","14030"
"1228","332","""2026-02-28""","Grocery","6964"
"1229","550","""2026-05-26""","Grocery","801"
"1230","419","""2024-11-29""","Clothing","12740"
"1231","375","""2026-01-12""","Toys","12697"
"1232","289","""2024-12-07""","Toys","7594"
"1233","1","""2026-08-13""","Home & Kitchen","4650"
"1234","452","""2025-05-09""","Clothing","11272"
"1235","174","""2026-04-08""","Grocery","13422"
"1236","325","""2025-01-05""","Beauty","5107"
"1237","560","""2025-08-10""","Beauty","2313"
"1238","475","""2025-03-24""","Jewelry","7149"
"1239","894","""2026-07-15""","Clothing","736"
"1240","487","""2025-06-02""","Beauty","6308"
"1241","431","""2026-06-19""","Toys","11000"
"1242","122","""2026-06-21""","Mobile Accessories","39465"
"1243","453","""2025-10-28""","Mobile Accessories","9328"
"1244","258","""2024-12-30""","Home & Kitchen","4885"
"1245","170","""2024-10-08""","Beauty","31680"
"1246","142","""2025-05-15""","Jewelry","6095"
"1247","182","""2026-02-11""","Clothing","38382"
"1248","183","""2026-06-25""","Home & Kitchen","35002"
"1249","414","""2026-06-02""","Clothing","4152"
"1250","808","""2024-12-18""","Toys","1545"
"1251","102","""2025-03-08""","Books","23260"
"1252","887","""2025-09-24""","Electronics","3595"
"1253","120","""2025-05-19""","Sports","17883"
"1254","662","""2026-06-03""","Clothing","545"
"1255","625","""2025-08-19""","Electronics","3561"
"1256","489","""2026-09-07""","Grocery","11800"
"1257","129","""2025-02-10""","Home & Kitchen","21971"
"1258","345","""2026-01-25""","Home & Kitchen","10117"
"1259","66","""2025-05-13""","Mobile Accessories","26122"
"1260","87","""2026-07-18""","Grocery","25695"
"1261","491","""2025-01-29""","Electronics","14486"
"1262","170","""2025-05-18""","Clothing","43676"
"1263","545","""2026-01-31""","Grocery","4303"
"1264","574","""2025-07-05""","Grocery","1774"
"1265","428","""2025-08-22""","Grocery","12351"
"1266","937","""2026-07-08""","Toys","3463"
"1267","148","""2026-03-26""","Toys","37502"
"1268","4","""2024-10-30""","Clothing","15941"
"1269","682","""2025-06-12""","Books","386"
"1270","907","""2025-05-25""","Toys","4298"
"1271","140","""2024-12-14""","Jewelry","26026"
"1272","238","""2025-05-23""","Toys","13495"
"1273","194","""2026-06-25""","Toys","22603"
"1274","227","""2026-03-26""","Beauty","6007"
"1275","236","""2024-12-07""","Mobile Accessories","13173"
"1276","422","""2026-04-28""","Books","2300"
"1277","289","""2025-10-29""","Books","8337"
"1278","298","""2025-11-29""","Sports","447"
"1279","103","""2026-06-18""","Home & Kitchen","20865"
"1280","633","""2025-05-01""","Sports","816"
"1281","67","""2026-04-07""","Electronics","6584"
"1282","444","""2025-10-28""","Clothing","13733"
"1283","946","""2025-11-29""","Mobile Accessories","1520"
"1284","423","""2026-05-09""","Mobile Accessories","10213"
"1285","65","""2025-09-16""","Home & Kitchen","4927"
"1286","169","""2026-04-17""","Beauty","31646"
"1287","956","""2026-04-03""","Grocery","4737"
"1288","110","""2024-12-10""","Books","10918"
"1289","701","""2025-12-07""","Mobile Accessories","409"
"1290","468","""2026-06-25""","Beauty","2594"
"1291","302","""2025-04-14""","Clothing","1015"
"1292","447","""2024-10-06""","Sports","13112"
"1293","130","""2025-03-30""","Home & Kitchen","13755"
"1294","638","""2025-04-19""","Electronics","3904"
"1295","704","""2026-08-20""","Toys","4680"
"1296","209","""2026-09-11""","Home & Kitchen","1666"
"1297","348","""2026-03-08""","Home & Kitchen","1492"
"1298","263","""2026-05-01""","Electronics","12769"
"1299","46","""2026-06-19""","Grocery","46457"
"1300","53","""2025-10-19""","Home & Kitchen","29100"
"1301","38","""2024-12-11""","Grocery","20371"
"1302","420","""2025-04-16""","Grocery","12838"
"1303","356","""2025-10-25""","Jewelry","1959"
"1304","132","""2026-01-06""","Jewelry","16682"
"1305","644","""2025-08-21""","Jewelry","4671"
"1306","296","""2025-02-21""","Home & Kitchen","9813"
"1307","389","""2026-02-09""","Electronics","5582"
"1308","411","""2026-02-25""","Toys","11257"
"1309","319","""2024-11-05""","Books","11979"
"1310","328","""2025-12-03""","Grocery","10369"
"1311","331","""2025-03-16""","Sports","11224"
"1312","767","""2026-02-03""","Electronics","3082"
"1313","162","""2026-02-25""","Grocery","33628"
"1314","286","""2026-01-10""","Mobile Accessories","4565"
"1315","186","""2026-06-24""","Grocery","14669"
"1316","899","""2026-02-14""","Home & Kitchen","1012"
"1317","16","""2025-07-29""","Sports","42426"
"1318","222","""2026-03-11""","Grocery","1029"
"1319","231","""2026-07-09""","Jewelry","12399"
"1320","26","""2025-10-10""","Toys","36463"
"1321","697","""2024-12-21""","Mobile Accessories","2361"
"1322","883","""2026-01-07""","Books","2309"
"1323","589","""2026-06-10""","Clothing","4649"
"1324","11","""2025-11-12""","Clothing","32353"
"1325","88","""2026-08-14""","Home & Kitchen","24583"
"1326","808","""2024-11-06""","Jewelry","2200"
"1327","3","""2025-11-16""","Grocery","29358"
"1328","162","""2024-10-05""","Home & Kitchen","23053"
"1329","334","""2026-09-18""","Toys","5435"
"1330","50","""2026-05-07""","Electronics","38985"
"1331","57","""2025-03-12""","Books","29347"
"1332","253","""2026-06-05""","Clothing","2274"
"1333","278","""2025-04-25""","Sports","882"
"1334","175","""2025-07-06""","Electronics","44052"
"1335","114","""2026-05-29""","Clothing","27875"
"1336","442","""2026-01-19""","Sports","412"
"1337","447","""2026-05-21""","Beauty","5454"
"1338","803","""2026-05-03""","Books","3997"
"1339","371","""2025-08-17""","Mobile Accessories","5897"
"1340","989","""2026-06-25""","Beauty","1278"
"1341","473","""2025-11-04""","Electronics","13051"
"1342","911","""2025-10-16""","Toys","1847"
"1343","71","""2026-07-29""","Home & Kitchen","3257"
"1344","233","""2026-04-03""","Home & Kitchen","12050"
"1345","581","""2025-08-03""","Electronics","1867"
"1346","45","""2025-12-16""","Mobile Accessories","20114"
"1347","299","""2026-08-09""","Electronics","3024"
"1348","608","""2026-06-17""","Books","3091"
"1349","27","""2024-10-02""","Grocery","37324"
"1350","154","""2025-06-16""","Clothing","22822"
"1351","378","""2025-08-23""","Books","7341"
"1352","686","""2026-06-14""","Jewelry","4626"
"1353","34","""2024-12-31""","Mobile Accessories","12093"
"1354","574","""2024-12-01""","Jewelry","3950"
"1355","143","""2025-12-03""","Mobile Accessories","32025"
"1356","43","""2026-02-26""","Clothing","43548"
"1357","426","""2025-07-17""","Mobile Accessories","14635"
"1358","12","""2026-04-26""","Sports","39050"
"1359","798","""2026-08-13""","Electronics","1222"
"1360","108","""2025-12-25""","Beauty","37274"
"1361","428","""2025-07-09""","Sports","14659"
"1362","94","""2026-09-01""","Home & Kitchen","13902"
"1363","176","""2025-08-18""","Jewelry","36385"
"1364","285","""2024-10-07""","Sports","14976"
"1365","930","""2024-12-07""","Grocery","1151"
"1366","5","""2025-03-28""","Books","39680"
"1367","180","""2025-07-04""","Clothing","13973"
"1368","804","""2026-01-13""","Clothing","1217"
"1369","208","""2026-06-19""","Electronics","7208"
"1370","336","""2025-10-14""","Jewelry","3403"
"1371","79","""2026-06-28""","Clothing","29855"
"1372","471","""2025-12-06""","Books","14791"
"1373","409","""2026-01-09""","Electronics","8231"
"1374","633","""2026-03-06""","Clothing","1387"
"1375","98","""2026-07-20""","Sports","32760"
"1376","97","""2026-07-18""","Grocery","26384"
"1377","707","""2026-05-27""","Home & Kitchen","2167"
"1378","836","""2026-09-02""","Books","4637"
"1379","155","""2025-02-03""","Sports","41185"
"1380","483","""2024-11-28""","Mobile Accessories","8633"
"1381","644","""2026-01-12""","Home & Kitchen","4920"
"1382","194","""2026-03-12""","Books","22578"
"1383","152","""2025-12-02""","Grocery","33786"
"1384","211","""2024-11-25""","Books","9105"
"1385","467","""2026-08-22""","Clothing","5827"
"1386","223","""2026-03-30""","Beauty","13470"
"1387","494","""2025-08-30""","Clothing","13782"
"1388","60","""2025-12-03""","Books","14536"
"1389","177","""2026-04-13""","Home & Kitchen","38435"
"1390","99","""2026-03-31""","Jewelry","43397"
"1391","11","""2025-02-04""","Books","9578"
"1392","453","""2024-12-04""","Grocery","355"
"1393","268","""2024-12-05""","Sports","12186"
"1394","337","""2026-06-23""","Clothing","11628"
"1395","11","""2026-08-27""","Jewelry","21760"
"1396","211","""2025-08-14""","Beauty","3914"
"1397","138","""2026-05-06""","Mobile Accessories","19626"
"1398","145","""2025-05-20""","Grocery","27087"
"1399","612","""2025-12-14""","Electronics","3375"
"1400","917","""2026-08-11""","Jewelry","1291"
"1401","493","""2024-10-25""","Clothing","12114"
"1402","26","""2026-03-13""","Home & Kitchen","21781"
"1403","455","""2026-01-25""","Books","4813"
"1404","493","""2025-09-19""","Grocery","12496"
"1405","243","""2025-03-22""","Clothing","4537"
"1406","714","""2024-12-24""","Jewelry","1500"
"1407","2","""2024-11-20""","Clothing","34051"
"1408","924","""2025-02-05""","Toys","3231"
"1409","116","""2025-08-08""","Books","19555"
"1410","50","""2025-01-26""","Sports","19949"
"1411","233","""2026-02-13""","Electronics","9119"
"1412","27","""2025-02-26""","Books","48898"
"1413","755","""2025-03-15""","Sports","555"
"1414","291","""2026-07-01""","Books","12827"
"1415","641","""2026-01-16""","Books","483"
"1416","102","""2025-05-24""","Grocery","14868"
"1417","213","""2025-10-03""","Books","6309"
"1418","349","""2025-12-24""","Grocery","630"
"1419","682","""2024-11-10""","Clothing","1763"
"1420","32","""2025-10-09""","Sports","8204"
"1421","338","""2025-02-25""","Home & Kitchen","6167"
"1422","215","""2025-10-20""","Clothing","11995"
"1423","232","""2026-04-07""","Mobile Accessories","12465"
"1424","69","""2024-09-30""","Home & Kitchen","14766"
"1425","84","""2024-10-14""","Sports","20659"
"1426","998","""2026-04-29""","Jewelry","1317"
"1427","994","""2025-07-18""","Sports","4191"
"1428","59","""2024-09-25""","Clothing","39261"
"1429","419","""2026-05-16""","Toys","763"
"1430","897","""2026-01-14""","Jewelry","1445"
"1431","65","""2025-11-02""","Mobile Accessories","31257"
"1432","183","""2024-10-24""","Electronics","20109"
"1433","182","""2025-04-21""","Beauty","3434"
"1434","174","""2026-05-08""","Clothing","3198"
"1435","129","""2024-10-05""","Grocery","38723"
"1436","991","""2026-05-23""","Jewelry","1608"
"1437","469","""2025-12-30""","Clothing","9843"
"1438","233","""2025-05-01""","Books","13196"
"1439","141","""2025-02-17""","Toys","8220"
"1440","587","""2026-07-03""","Jewelry","1269"
"1441","193","""2024-11-13""","Toys","33616"
"1442","632","""2025-07-28""","Clothing","4924"
"1443","397","""2026-02-10""","Home & Kitchen","13228"
"1444","160","""2026-05-18""","Home & Kitchen","31898"
"1445","326","""2025-04-29""","Mobile Accessories","9612"
"1446","688","""2025-04-03""","Beauty","4264"
"1447","337","""2025-12-20""","Books","11381"
"1448","166","""2026-02-21""","Beauty","20670"
"1449","546","""2026-09-07""","Home & Kitchen","3984"
"1450","919","""2026-08-23""","Toys","2926"
"1451","359","""2025-07-13""","Sports","330"
"1452","775","""2025-12-03""","Books","1012"
"1453","121","""2026-01-25""","Mobile Accessories","9529"
"1454","173","""2025-08-27""","Beauty","3623"
"1455","318","""2025-07-14""","Clothing","10596"
"1456","442","""2026-07-27""","Books","14651"
"1457","100","""2026-03-28""","Home & Kitchen","22893"
"1458","522","""2024-12-22""","Home & Kitchen","2458"
"1459","26","""2026-04-27""","Mobile Accessories","5708"
"1460","352","""2026-01-31""","Electronics","7584"
"1461","497","""2025-07-29""","Grocery","9607"
"1462","95","""2026-03-01""","Books","13104"
"1463","390","""2026-05-15""","Jewelry","6643"
"1464","21","""2024-10-29""","Sports","11105"
"1465","43","""2025-08-05""","Home & Kitchen","30209"
"1466","138","""2024-09-27""","Home & Kitchen","41935"
"1467","17","""2025-12-15""","Sports","41202"
"1468","113","""2026-04-14""","Clothing","40700"
"1469","878","""2025-02-20""","Clothing","2157"
"1470","591","""2026-05-29""","Grocery","3156"
"1471","387","""2026-05-15""","Jewelry","526"
"1472","204","""2025-01-14""","Books","8846"
"1473","422","""2025-05-01""","Mobile Accessories","1565"
"1474","198","""2025-01-30""","Beauty","34446"
"1475","199","""2025-12-23""","Mobile Accessories","43195"
"1476","383","""2026-09-04""","Jewelry","13513"
"1477","211","""2025-05-27""","Toys","2937"
"1478","811","""2025-02-11""","Beauty","543"
"1479","114","""2025-08-03""","Clothing","12902"
"1480","749","""2025-03-10""","Electronics","510"
"1481","727","""2026-02-22""","Books","3976"
"1482","96","""2025-07-09""","Toys","46399"
"1483","37","""2025-12-22""","Toys","19120"
"1484","276","""2024-12-07""","Beauty","4419"
"1485","81","""2026-01-23""","Toys","42608"
"1486","120","""2024-11-15""","Books","4491"
"1487","145","""2025-10-12""","Clothing","11781"
"1488","463","""2026-08-01""","Sports","11421"
"1489","573","""2026-07-06""","Toys","4371"
"1490","269","""2025-08-01""","Jewelry","1431"
"1491","449","""2026-01-24""","Home & Kitchen","10057"
"1492","928","""2025-01-12""","Clothing","4925"
"1493","892","""2025-12-26""","Toys","691"
"1494","307","""2026-05-06""","Electronics","2608"
"1495","329","""2026-07-03""","Beauty","12443"
"1496","778","""2025-10-16""","Books","4199"
"1497","157","""2026-02-18""","Jewelry","6171"
"1498","341","""2025-12-05""","Electronics","9363"
"1499","402","""2025-07-03""","Electronics","539"
"1500","86","""2025-07-22""","Clothing","17103"
"1501","847","""2025-03-21""","Books","2612"
"1502","166","""2025-12-17""","Books","38059"
"1503","313","""2024-10-08""","Jewelry","12488"
"1504","111","""2025-06-15""","Beauty","21472"
"1505","443","""2026-05-10""","Mobile Accessories","11110"
"1506","264","""2025-07-24""","Grocery","14848"
"1507","581","""2025-08-20""","Electronics","3710"
"1508","230","""2026-08-17""","Sports","13699"
"1509","174","""2024-10-03""","Books","32875"
"1510","141","""2025-01-27""","Toys","29904"
"1511","969","""2025-07-12""","Grocery","2308"
"1512","160","""2026-04-13""","Grocery","16478"
"1513","186","""2024-09-30""","Grocery","12716"
"1514","299","""2025-09-08""","Toys","7507"
"1515","476","""2025-06-02""","Jewelry","7816"
"1516","124","""2025-07-22""","Toys","12457"
"1517","287","""2026-08-08""","Electronics","8682"
"1518","80","""2026-02-20""","Clothing","7024"
"1519","780","""2026-04-16""","Home & Kitchen","4079"
"1520","63","""2025-06-19""","Mobile Accessories","25773"
"1521","78","""2024-12-03""","Mobile Accessories","25259"
"1522","627","""2026-01-17""","Sports","4086"
"1523","241","""2024-12-23""","Beauty","4211"
"1524","91","""2025-01-09""","Clothing","48453"
"1525","140","""2025-10-17""","Electronics","39153"
"1526","650","""2025-09-17""","Grocery","3366"
"1527","214","""2026-07-18""","Mobile Accessories","11328"
"1528","982","""2026-06-17""","Clothing","678"
"1529","117","""2025-07-06""","Sports","40420"
"1530","469","""2024-10-24""","Clothing","1298"
"1531","843","""2025-03-24""","Home & Kitchen","4524"
"1532","411","""2025-06-27""","Grocery","13625"
"1533","773","""2026-04-13""","Grocery","1367"
"1534","871","""2025-04-05""","Toys","2148"
"1535","59","""2024-10-23""","Books","20047"
"1536","628","""2025-01-23""","Jewelry","2722"
"1537","198","""2025-05-16""","Books","20431"
"1538","735","""2026-05-07""","Beauty","3503"
"1539","612","""2026-03-08""","Electronics","1281"
"1540","868","""2026-06-15""","Home & Kitchen","4304"
"1541","381","""2025-07-08""","Jewelry","4852"
"1542","30","""2024-10-30""","Sports","30840"
"1543","902","""2025-05-16""","Grocery","3857"
"1544","161","""2025-04-09""","Books","36371"
"1545","85","""2025-04-07""","Mobile Accessories","28643"
"1546","218","""2026-01-03""","Toys","732"
"1547","446","""2025-05-12""","Books","4306"
"1548","259","""2025-05-28""","Jewelry","14964"
"1549","876","""2026-02-24""","Electronics","1673"
"1550","452","""2025-04-15""","Jewelry","10423"
"1551","23","""2026-07-06""","Home & Kitchen","20912"
"1552","457","""2025-07-10""","Home & Kitchen","13103"
"1553","196","""2026-05-16""","Toys","26250"
"1554","466","""2024-10-05""","Sports","14513"
"1555","548","""2024-12-09""","Clothing","4179"
"1556","439","""2025-01-30""","Sports","9592"
"1557","195","""2025-10-23""","Electronics","19450"
"1558","20","""2025-07-06""","Sports","16047"
"1559","173","""2025-07-22""","Toys","33701"
"1560","49","""2024-12-22""","Home & Kitchen","49993"
"1561","53","""2024-12-08""","Clothing","44062"
"1562","44","""2026-06-28""","Grocery","6581"
"1563","302","""2026-03-29""","Jewelry","12647"
"1564","198","""2025-03-20""","Sports","2959"
"1565","495","""2025-09-23""","Books","2719"
"1566","886","""2025-12-01""","Sports","233"
"1567","498","""2026-06-24""","Jewelry","14502"
"1568","125","""2025-12-23""","Beauty","33928"
"1569","895","""2025-09-08""","Books","1869"
"1570","362","""2024-11-10""","Electronics","11168"
"1571","293","""2026-01-08""","Clothing","12484"
"1572","141","""2025-10-25""","Jewelry","4636"
"1573","461","""2026-04-07""","Electronics","11429"
"1574","87","""2025-09-16""","Beauty","5022"
"1575","906","""2025-05-29""","Clothing","4752"
"1576","124","""2026-02-25""","Toys","37488"
"1577","16","""2025-10-05""","Electronics","36829"
"1578","159","""2025-03-30""","Clothing","37371"
"1579","765","""2026-04-19""","Beauty","917"
"1580","486","""2026-04-30""","Mobile Accessories","14853"
"1581","498","""2025-11-01""","Clothing","14652"
"1582","495","""2025-04-01""","Sports","3833"
"1583","662","""2024-09-30""","Beauty","4885"
"1584","760","""2025-05-14""","Home & Kitchen","279"
"1585","470","""2024-11-12""","Mobile Accessories","3390"
"1586","148","""2026-03-25""","Toys","2934"
"1587","464","""2026-09-18""","Electronics","14582"
"1588","77","""2025-02-25""","Beauty","16441"
"1589","285","""2024-10-04""","Sports","6619"
"1590","108","""2025-11-14""","Sports","36646"
"1591","537","""2024-10-26""","Beauty","3940"
"1592","432","""2026-08-19""","Books","6379"
"1593","400","""2024-11-21""","Sports","13554"
"1594","240","""2025-03-16""","Mobile Accessories","1772"
"1595","646","""2024-11-20""","Jewelry","4873"
"1596","190","""2025-05-01""","Sports","10383"
"1597","693","""2025-04-25""","Toys","4885"
"1598","274","""2024-10-06""","Jewelry","11324"
"1599","444","""2026-03-16""","Mobile Accessories","13744"
"1600","55","""2025-03-19""","Beauty","24749"
"1601","80","""2025-08-02""","Beauty","41116"
"1602","544","""2025-05-13""","Toys","3876"
"1603","230","""2026-01-13""","Clothing","1636"
"1604","276","""2025-06-22""","Jewelry","2881"
"1605","193","""2025-08-29""","Grocery","20419"
"1606","396","""2024-10-07""","Home & Kitchen","6850"
"1607","398","""2026-03-11""","Books","9945"
"1608","153","""2025-02-25""","Home & Kitchen","35138"
"1609","882","""2025-05-31""","Clothing","4143"
"1610","923","""2026-01-14""","Jewelry","2884"
"1611","90","""2025-07-20""","Grocery","20142"
"1612","94","""2025-09-12""","Sports","19371"
"1613","152","""2025-04-05""","Grocery","35628"
"1614","88","""2026-05-29""","Clothing","47299"
"1615","327","""2025-10-24""","Beauty","4764"
"1616","66","""2025-05-01""","Toys","15119"
"1617","970","""2026-06-27""","Jewelry","3345"
"1618","322","""2025-11-29""","Grocery","8198"
"1619","98","""2025-11-25""","Books","27744"
"1620","748","""2024-11-28""","Jewelry","3123"
"1621","403","""2025-08-16""","Books","8525"
"1622","97","""2025-04-21""","Toys","19051"
"1623","89","""2026-07-27""","Jewelry","2631"
"1624","63","""2025-05-01""","Electronics","22892"
"1625","171","""2025-12-30""","Sports","16194"
"1626","568","""2026-05-09""","Home & Kitchen","562"
"1627","289","""2026-02-13""","Clothing","10769"
"1628","89","""2025-09-20""","Grocery","37855"
"1629","41","""2024-10-23""","Beauty","41029"
"1630","34","""2025-06-09""","Jewelry","7221"
"1631","878","""2025-02-16""","Electronics","2936"
"1632","117","""2026-04-24""","Grocery","31049"
"1633","258","""2026-08-23""","Clothing","11528"
"1634","289","""2025-01-23""","Beauty","4208"
"1635","981","""2025-11-10""","Grocery","3488"
"1636","147","""2026-01-12""","Electronics","13848"
"1637","236","""2025-11-22""","Grocery","4993"
"1638","57","""2024-12-20""","Beauty","45037"
"1639","256","""2025-01-31""","Grocery","1122"
"1640","152","""2025-07-24""","Home & Kitchen","5827"
"1641","844","""2025-11-20""","Books","440"
"1642","20","""2026-02-18""","Home & Kitchen","6692"
"1643","163","""2025-03-16""","Sports","22832"
"1644","681","""2026-08-17""","Grocery","3005"
"1645","815","""2025-07-03""","Toys","559"
"1646","144","""2025-05-27""","Clothing","24905"
"1647","667","""2025-06-24""","Sports","2671"
"1648","115","""2025-04-30""","Toys","24912"
"1649","261","""2025-12-24""","Toys","8030"
"1650","482","""2025-08-20""","Sports","2951"
"1651","886","""2024-11-27""","Clothing","2671"
"1652","457","""2025-03-09""","Toys","13925"
"1653","113","""2025-05-08""","Grocery","25210"
"1654","79","""2026-08-17""","Sports","45904"
"1655","457","""2025-05-13""","Electronics","5844"
"1656","127","""2026-03-22""","Grocery","34351"
"1657","903","""2026-04-16""","Home & Kitchen","4522"
"1658","372","""2026-03-27""","Beauty","8494"
"1659","591","""2026-09-17""","Grocery","2052"
"1660","900","""2024-10-18""","Sports","622"
"1661","68","""2025-10-05""","Home & Kitchen","33500"
"1662","340","""2025-05-03""","Clothing","5511"
"1663","930","""2025-12-18""","Beauty","629"
"1664","262","""2024-12-14""","Sports","7300"
"1665","663","""2024-10-21""","Grocery","4301"
"1666","629","""2025-10-03""","Electronics","2239"
"1667","160","""2025-08-20""","Grocery","25059"
"1668","789","""2025-08-01""","Home & Kitchen","1021"
"1669","976","""2026-09-06""","Toys","2317"
"1670","166","""2025-11-19""","Mobile Accessories","32098"
"1671","498","""2026-06-05""","Home & Kitchen","6610"
"1672","407","""2026-05-15""","Jewelry","12872"
"1673","447","""2025-04-17""","Home & Kitchen","5012"
"1674","340","""2026-01-11""","Beauty","9877"
"1675","425","""2026-09-24""","Jewelry","7531"
"1676","87","""2025-07-11""","Grocery","18889"
"1677","584","""2026-06-01""","Electronics","4400"
"1678","112","""2025-04-30""","Clothing","18963"
"1679","437","""2024-10-13""","Books","11391"
"1680","353","""2025-02-26""","Home & Kitchen","9987"
"1681","232","""2025-12-24""","Electronics","4774"
"1682","112","""2024-12-06""","Electronics","39859"
"1683","344","""2024-10-04""","Grocery","3726"
"1684","327","""2025-05-17""","Beauty","5059"
"1685","274","""2024-11-12""","Home & Kitchen","11305"
"1686","213","""2025-07-14""","Electronics","9424"
"1687","330","""2025-11-26""","Grocery","9094"
"1688","706","""2024-11-23""","Books","1791"
"1689","97","""2026-06-23""","Books","45564"
"1690","829","""2025-07-29""","Toys","883"
"1691","106","""2025-09-30""","Grocery","27228"
"1692","11","""2025-12-12""","Electronics","31481"
"1693","46","""2025-12-23""","Home & Kitchen","30307"
"1694","963","""2024-10-17""","Grocery","4870"
"1695","506","""2025-09-24""","Electronics","479"
"1696","236","""2025-09-10""","Jewelry","8769"
"1697","544","""2026-01-18""","Books","4190"
"1698","157","""2026-03-12""","Jewelry","6157"
"1699","288","""2026-02-10""","Sports","8628"
"1700","249","""2026-03-10""","Beauty","3637"
"1701","219","""2025-10-26""","Jewelry","6735"
"1702","358","""2026-07-30""","Sports","5975"
"1703","280","""2026-09-11""","Books","1758"
"1704","560","""2025-09-26""","Home & Kitchen","4682"
"1705","226","""2024-12-20""","Electronics","6732"
"1706","460","""2025-12-13""","Grocery","8396"
"1707","265","""2026-05-20""","Mobile Accessories","13900"
"1708","786","""2025-01-26""","Clothing","4802"
"1709","107","""2026-02-17""","Toys","23952"
"1710","48","""2026-04-23""","Jewelry","32523"
"1711","212","""2025-12-20""","Beauty","518"
"1712","252","""2026-01-28""","Sports","6528"
"1713","473","""2024-11-10""","Toys","1397"
"1714","28","""2025-10-06""","Grocery","36693"
"1715","443","""2024-11-06""","Sports","12423"
"1716","186","""2025-09-27""","Beauty","41016"
"1717","678","""2025-04-01""","Beauty","569"
"1718","309","""2026-04-16""","Sports","783"
"1719","132","""2025-03-23""","Electronics","23994"
"1720","5","""2026-07-04""","Sports","23769"
"1721","249","""2025-08-23""","Books","2889"
"1722","474","""2025-04-02""","Mobile Accessories","5595"
"1723","896","""2026-09-10""","Mobile Accessories","4668"
"1724","499","""2026-01-04""","Sports","12722"
"1725","246","""2025-07-29""","Toys","14280"
"1726","360","""2026-02-06""","Home & Kitchen","9959"
"1727","211","""2026-07-31""","Toys","9563"
"1728","310","""2026-02-25""","Jewelry","4282"
"1729","492","""2026-03-25""","Home & Kitchen","9532"
"1730","56","""2025-06-21""","Sports","6558"
"1731","102","""2026-01-08""","Clothing","20068"
"1732","110","""2025-09-06""","Home & Kitchen","14487"
"1733","783","""2025-02-14""","Electronics","1145"
"1734","387","""2026-07-10""","Clothing","6089"
"1735","105","""2025-07-21""","Grocery","39228"
"1736","119","""2024-11-05""","Electronics","6141"
"1737","193","""2026-05-01""","Beauty","40152"
"1738","407","""2025-11-26""","Clothing","9445"
"1739","569","""2026-06-20""","Mobile Accessories","3837"
"1740","676","""2025-10-23""","Books","1473"
"1741","295","""2024-11-02""","Jewelry","4383"
"1742","946","""2025-09-08""","Home & Kitchen","510"
"1743","233","""2025-06-13""","Clothing","5536"
"1744","419","""2024-10-08""","Mobile Accessories","3605"
"1745","8","""2026-03-10""","Grocery","39536"
"1746","828","""2024-11-11""","Sports","123"
"1747","204","""2025-01-05""","Home & Kitchen","12183"
"1748","700","""2026-03-05""","Books","2858"
"1749","330","""2024-10-20""","Beauty","3247"
"1750","376","""2026-03-05""","Toys","12039"
"1751","226","""2026-09-08""","Beauty","11577"
"1752","285","""2026-07-03""","Books","11446"
"1753","112","""2026-01-11""","Grocery","41859"
"1754","327","""2025-04-30""","Home & Kitchen","11005"
"1755","292","""2024-11-11""","Books","9404"
"1756","410","""2026-06-08""","Jewelry","10652"
"1757","327","""2025-05-12""","Jewelry","8381"
"1758","116","""2025-09-19""","Sports","4276"
"1759","565","""2025-10-06""","Books","4572"
"1760","288","""2026-09-25""","Books","2330"
"1761","249","""2025-01-23""","Sports","14557"
"1762","284","""2025-11-16""","Electronics","3497"
"1763","192","""2025-09-14""","Mobile Accessories","40965"
"1764","444","""2026-01-07""","Jewelry","1029"
"1765","889","""2025-12-21""","Clothing","193"
"1766","294","""2025-07-22""","Electronics","12257"
"1767","274","""2025-09-30""","Mobile Accessories","12359"
"1768","484","""2025-06-19""","Toys","6206"
"1769","742","""2026-09-02""","Home & Kitchen","3464"
"1770","34","""2025-06-03""","Sports","19024"
"1771","94","""2026-01-08""","Electronics","37507"
"1772","96","""2025-07-23""","Beauty","28156"
"1773","147","""2025-10-30""","Mobile Accessories","24225"
"1774","403","""2025-04-10""","Clothing","7330"
"1775","908","""2025-04-15""","Clothing","125"
"1776","61","""2026-01-19""","Home & Kitchen","6608"
"1777","118","""2026-01-03""","Beauty","32238"
"1778","436","""2024-11-16""","Clothing","13030"
"1779","342","""2026-04-24""","Clothing","1884"
"1780","9","""2026-08-27""","Beauty","30947"
"1781","628","""2025-10-30""","Clothing","3924"
"1782","93","""2025-11-12""","Sports","49360"
"1783","74","""2025-10-30""","Home & Kitchen","49748"
"1784","1000","""2026-07-27""","Clothing","2725"
"1785","202","""2024-12-12""","Mobile Accessories","1228"
"1786","196","""2025-11-17""","Jewelry","16205"
"1787","966","""2026-03-19""","Sports","1779"
"1788","97","""2026-04-24""","Beauty","24614"
"1789","55","""2026-03-27""","Beauty","15130"
"1790","319","""2026-03-28""","Grocery","13033"
"1791","453","""2026-02-18""","Grocery","2905"
"1792","41","""2024-10-28""","Home & Kitchen","4732"
"1793","385","""2025-10-10""","Sports","1296"
"1794","830","""2026-01-26""","Beauty","806"
"1795","2","""2025-04-18""","Home & Kitchen","32904"
"1796","960","""2026-03-08""","Jewelry","689"
"1797","37","""2026-06-23""","Home & Kitchen","31272"
"1798","373","""2025-02-21""","Toys","8848"
"1799","839","""2025-07-28""","Electronics","745"
"1800","396","""2024-12-28""","Home & Kitchen","5400"
"1801","250","""2024-10-26""","Sports","14051"
"1802","3","""2026-03-16""","Books","47089"
"1803","438","""2026-08-19""","Toys","1535"
"1804","41","""2026-08-06""","Home & Kitchen","39051"
"1805","415","""2025-04-27""","Sports","920"
"1806","55","""2024-11-01""","Home & Kitchen","42631"
"1807","136","""2025-08-24""","Electronics","27002"
"1808","472","""2025-02-05""","Clothing","14748"
"1809","442","""2026-07-16""","Jewelry","688"
"1810","483","""2025-04-05""","Beauty","7528"
"1811","87","""2026-09-17""","Mobile Accessories","19654"
"1812","427","""2026-07-30""","Home & Kitchen","5224"
"1813","221","""2025-11-22""","Grocery","5203"
"1814","60","""2026-01-10""","Electronics","7386"
"1815","14","""2026-05-16""","Grocery","23644"
"1816","367","""2026-01-13""","Grocery","12454"
"1817","255","""2024-10-16""","Clothing","11747"
"1818","12","""2024-10-13""","Grocery","11821"
"1819","192","""2025-04-13""","Books","9567"
"1820","475","""2026-04-13""","Books","3003"
"1821","81","""2026-08-26""","Sports","19056"
"1822","483","""2025-04-03""","Toys","9800"
"1823","636","""2025-10-20""","Sports","2859"
"1824","63","""2026-05-23""","Beauty","35878"
"1825","429","""2026-07-02""","Home & Kitchen","5102"
"1826","836","""2025-11-22""","Clothing","4193"
"1827","331","""2025-04-25""","Grocery","1809"
"1828","988","""2024-12-13""","Jewelry","1575"
"1829","491","""2025-09-26""","Beauty","14171"
"1830","450","""2026-05-20""","Toys","11596"
"1831","477","""2024-10-01""","Toys","11379"
"1832","73","""2024-10-27""","Jewelry","18800"
"1833","431","""2025-07-17""","Electronics","3325"
"1834","32","""2026-06-23""","Jewelry","38225"
"1835","99","""2025-07-09""","Mobile Accessories","44494"
"1836","181","""2025-10-20""","Beauty","31986"
"1837","53","""2025-12-26""","Books","33437"
"1838","70","""2025-01-31""","Sports","17642"
"1839","465","""2026-07-10""","Books","9884"
"1840","240","""2026-06-05""","Mobile Accessories","8122"
"1841","160","""2026-05-05""","Clothing","29900"
"1842","474","""2026-03-11""","Clothing","6231"
"1843","177","""2024-12-06""","Grocery","11104"
"1844","70","""2026-06-21""","Home & Kitchen","27815"
"1845","553","""2026-02-02""","Jewelry","1860"
"1846","348","""2026-05-20""","Electronics","9544"
"1847","363","""2025-10-15""","Sports","11214"
"1848","42","""2025-12-27""","Sports","22702"
"1849","443","""2025-11-12""","Sports","2623"
"1850","400","""2026-09-15""","Sports","6310"
"1851","672","""2026-04-10""","Clothing","4664"
"1852","106","""2025-01-01""","Clothing","43905"
"1853","57","""2024-10-30""","Home & Kitchen","17288"
"1854","16","""2026-03-06""","Beauty","29391"
"1855","195","""2025-01-25""","Home & Kitchen","2278"
"1856","415","""2024-11-22""","Sports","13527"
"1857","422","""2025-06-04""","Clothing","4017"
"1858","29","""2025-11-11""","Toys","47800"
"1859","934","""2025-02-09""","Books","2734"
"1860","471","""2025-02-27""","Beauty","12211"
"1861","210","""2026-01-22""","Electronics","13565"
"1862","447","""2025-03-06""","Mobile Accessories","7860"
"1863","100","""2025-06-29""","Home & Kitchen","3504"
"1864","4","""2025-12-12""","Sports","49365"
"1865","121","""2025-04-12""","Clothing","33719"
"1866","839","""2026-07-15""","Books","4263"
"1867","231","""2026-04-04""","Grocery","10719"
"1868","111","""2026-01-23""","Beauty","26380"
"1869","182","""2025-02-19""","Mobile Accessories","29016"
"1870","283","""2024-11-30""","Beauty","9823"
"1871","365","""2025-07-04""","Books","11733"
"1872","463","""2025-05-01""","Sports","13846"
"1873","817","""2026-01-30""","Books","1571"
"1874","473","""2026-02-16""","Electronics","7045"
"1875","71","""2025-07-17""","Jewelry","33197"
"1876","66","""2026-05-22""","Jewelry","18859"
"1877","251","""2026-02-17""","Sports","678"
"1878","489","""2026-05-08""","Home & Kitchen","5956"
"1879","412","""2025-11-19""","Grocery","14534"
"1880","421","""2026-05-02""","Grocery","12365"
"1881","496","""2026-04-18""","Beauty","4618"
"1882","255","""2026-01-01""","Sports","10835"
"1883","57","""2026-06-07""","Clothing","45446"
"1884","310","""2026-07-19""","Toys","9565"
"1885","540","""2024-12-04""","Toys","4536"
"1886","977","""2026-08-31""","Electronics","3967"
"1887","118","""2025-06-06""","Beauty","4845"
"1888","102","""2024-11-24""","Home & Kitchen","23158"
"1889","388","""2025-03-07""","Beauty","9410"
"1890","387","""2025-10-05""","Books","9375"
"1891","105","""2026-05-06""","Beauty","43907"
"1892","254","""2026-03-30""","Toys","822"
"1893","531","""2026-02-14""","Grocery","707"
"1894","158","""2024-10-16""","Electronics","39226"
"1895","953","""2025-04-09""","Toys","2090"
"1896","56","""2026-05-18""","Mobile Accessories","5985"
"1897","11","""2026-05-11""","Books","46458"
"1898","417","""2026-01-02""","Sports","13174"
"1899","109","""2026-02-17""","Home & Kitchen","41986"
"1900","219","""2026-07-09""","Grocery","10113"
"1901","99","""2026-06-22""","Sports","45439"
"1902","107","""2025-12-07""","Books","24438"
"1903","904","""2026-04-02""","Toys","778"
"1904","380","""2025-03-02""","Jewelry","9162"
"1905","140","""2026-04-30""","Mobile Accessories","39007"
"1906","168","""2025-04-10""","Beauty","40324"
"1907","34","""2026-02-10""","Grocery","47875"
"1908","742","""2026-01-05""","Grocery","2870"
"1909","442","""2025-10-14""","Jewelry","2398"
"1910","89","""2025-01-07""","Books","25606"
"1911","551","""2024-11-15""","Home & Kitchen","4333"
"1912","114","""2024-12-02""","Electronics","11306"
"1913","935","""2025-08-12""","Clothing","4240"
"1914","208","""2024-10-02""","Mobile Accessories","12174"
"1915","307","""2026-03-29""","Books","7335"
"1916","185","""2025-02-13""","Jewelry","3586"
"1917","535","""2025-12-05""","Books","1682"
"1918","615","""2026-09-12""","Toys","4999"
"1919","647","""2026-04-14""","Sports","4669"
"1920","101","""2025-10-26""","Toys","37080"
"1921","674","""2026-09-06""","Clothing","1481"
"1922","337","""2024-10-09""","Mobile Accessories","4928"
"1923","168","""2026-03-10""","Grocery","38326"
"1924","83","""2026-02-10""","Sports","48947"
"1925","835","""2025-04-23""","Mobile Accessories","660"
"1926","280","""2025-09-21""","Jewelry","12768"
"1927","269","""2026-06-16""","Sports","13262"
"1928","206","""2024-10-18""","Beauty","2303"
"1929","5","""2026-02-28""","Grocery","23987"
"1930","706","""2025-06-12""","Mobile Accessories","2118"
"1931","488","""2026-01-15""","Jewelry","302"
"1932","798","""2025-06-14""","Books","466"
"1933","492","""2025-06-20""","Clothing","2737"
"1934","243","""2024-10-07""","Books","2885"
"1935","921","""2026-06-03""","Mobile Accessories","1602"
"1936","921","""2025-06-10""","Home & Kitchen","4028"
"1937","794","""2026-05-29""","Beauty","2086"
"1938","3","""2025-12-04""","Home & Kitchen","32575"
"1939","4","""2025-06-30""","Sports","36364"
"1940","852","""2025-07-25""","Jewelry","1528"
"1941","851","""2026-07-29""","Jewelry","2026"
"1942","984","""2026-06-08""","Home & Kitchen","821"
"1943","169","""2025-07-28""","Books","43580"
"1944","886","""2025-06-07""","Home & Kitchen","1399"
"1945","625","""2025-07-03""","Mobile Accessories","3152"
"1946","123","""2025-10-31""","Jewelry","30541"
"1947","993","""2025-05-17""","Sports","4252"
"1948","222","""2026-03-10""","Mobile Accessories","8164"
"1949","386","""2026-02-18""","Toys","3799"
"1950","220","""2025-06-17""","Toys","11669"
"1951","311","""2025-07-23""","Jewelry","2678"
"1952","374","""2025-09-24""","Grocery","11903"
"1953","57","""2026-03-05""","Home & Kitchen","24145"
"1954","67","""2026-06-04""","Toys","28680"
"1955","132","""2025-01-22""","Toys","43189"
"1956","903","""2026-04-25""","Mobile Accessories","1076"
"1957","173","""2025-03-21""","Books","43696"
"1958","110","""2024-12-23""","Sports","40542"
"1959","79","""2026-07-03""","Electronics","21924"
"1960","68","""2025-06-03""","Clothing","20349"
"1961","692","""2025-11-14""","Toys","1913"
"1962","134","""2025-04-06""","Electronics","16603"
"1963","59","""2025-02-10""","Jewelry","38759"
"1964","7","""2025-10-05""","Mobile Accessories","42759"
"1965","343","""2026-01-25""","Grocery","12891"
"1966","447","""2025-06-16""","Toys","3203"
"1967","177","""2025-10-24""","Beauty","17329"
"1968","110","""2025-12-21""","Jewelry","12010"
"1969","175","""2024-12-12""","Jewelry","29494"
"1970","63","""2026-03-18""","Books","4982"
"1971","188","""2026-01-06""","Clothing","30343"
"1972","484","""2025-10-14""","Mobile Accessories","3964"
"1973","653","""2025-03-13""","Toys","683"
"1974","494","""2026-08-02""","Clothing","11895"
"1975","22","""2026-06-14""","Beauty","13094"
"1976","143","""2025-02-17""","Sports","38925"
"1977","259","""2026-02-03""","Books","10694"
"1978","339","""2025-12-26""","Clothing","11748"
"1979","188","""2024-11-05""","Jewelry","33866"
"1980","709","""2025-11-14""","Electronics","4894"
"1981","72","""2025-03-02""","Beauty","22175"
"1982","783","""2026-04-14""","Grocery","3543"
"1983","219","""2024-10-25""","Electronics","812"
"1984","682","""2025-08-23""","Sports","512"
"1985","815","""2024-11-29""","Books","2043"
"1986","168","""2025-05-31""","Sports","11095"
"1987","208","""2026-03-28""","Home & Kitchen","12514"
"1988","809","""2025-10-05""","Clothing","1552"
"1989","9","""2026-09-05""","Jewelry","27410"
"1990","148","""2026-02-15""","Toys","39766"
"1991","40","""2025-10-13""","Grocery","14362"
"1992","24","""2026-02-22""","Clothing","17830"
"1993","64","""2024-12-06""","Toys","21007"
"1994","142","""2026-04-07""","Toys","29105"
"1995","699","""2026-08-21""","Books","4152"
"1996","294","""2025-01-13""","Sports","14787"
"1997","169","""2024-11-06""","Grocery","39574"
"1998","152","""2025-06-13""","Books","17746"
"1999","130","""2025-01-28""","Sports","7332"
"2000","330","""2024-12-18""","Grocery","12292"
"2001","121","""2025-10-04""","Mobile Accessories","43631"
"2002","988","""2025-12-26""","Books","3710"
"2003","487","""2025-06-22""","Jewelry","5535"
"2004","527","""2025-06-30""","Books","1744"
"2005","72","""2026-02-27""","Home & Kitchen","46937"
"2006","353","""2025-03-08""","Mobile Accessories","3109"
"2007","171","""2025-06-10""","Toys","42124"
"2008","220","""2026-03-19""","Beauty","962"
"2009","821","""2025-05-04""","Electronics","3652"
"2010","83","""2026-01-23""","Books","24891"
"2011","178","""2025-01-08""","Home & Kitchen","15010"
"2012","965","""2025-05-11""","Clothing","3819"
"2013","723","""2026-02-21""","Electronics","1988"
"2014","4","""2025-02-26""","Books","35425"
"2015","781","""2024-12-01""","Sports","126"
"2016","312","""2024-12-29""","Mobile Accessories","9529"
"2017","295","""2026-02-28""","Grocery","1386"
"2018","757","""2025-07-09""","Books","2663"
"2019","448","""2026-04-08""","Toys","6058"
"2020","66","""2025-02-22""","Home & Kitchen","39114"
"2021","471","""2025-02-24""","Books","9306"
"2022","119","""2026-02-02""","Books","28968"
"2023","860","""2026-02-05""","Home & Kitchen","4086"
"2024","187","""2025-06-18""","Books","7975"
"2025","740","""2025-06-01""","Sports","488"
"2026","336","""2025-09-01""","Beauty","7287"
"2027","758","""2026-04-16""","Sports","982"
"2028","72","""2024-12-02""","Jewelry","10532"
"2029","23","""2026-05-03""","Grocery","34713"
"2030","24","""2026-08-05""","Clothing","48647"
"2031","209","""2025-01-11""","Toys","8558"
"2032","172","""2025-11-08""","Toys","13036"
"2033","80","""2025-05-02""","Electronics","23711"
"2034","74","""2024-12-13""","Electronics","17208"
"2035","331","""2026-06-07""","Beauty","1907"
"2036","202","""2026-04-10""","Home & Kitchen","8211"
"2037","248","""2025-04-06""","Home & Kitchen","6841"
"2038","784","""2026-03-04""","Toys","2915"
"2039","162","""2024-11-26""","Sports","15043"
"2040","381","""2025-04-19""","Home & Kitchen","12188"
"2041","671","""2026-09-15""","Clothing","3431"
"2042","93","""2026-08-04""","Home & Kitchen","33392"
"2043","118","""2025-02-25""","Mobile Accessories","4991"
"2044","472","""2025-12-12""","Toys","11916"
"2045","254","""2025-07-25""","Mobile Accessories","14740"
"2046","2","""2025-03-27""","Grocery","31247"
"2047","651","""2024-12-31""","Mobile Accessories","4720"
"2048","88","""2025-09-14""","Toys","24345"
"2049","66","""2025-06-12""","Home & Kitchen","25568"
"2050","31","""2025-05-18""","Grocery","11732"
"2051","376","""2025-05-08""","Toys","13000"
"2052","224","""2026-05-09""","Clothing","1717"
"2053","5","""2025-08-30""","Grocery","20234"
"2054","438","""2025-05-13""","Jewelry","6467"
"2055","91","""2025-06-20""","Home & Kitchen","44858"
"2056","587","""2024-12-07""","Beauty","4565"
"2057","972","""2025-09-17""","Sports","4099"
"2058","306","""2025-04-07""","Sports","4749"
"2059","213","""2025-11-06""","Toys","4854"
"2060","151","""2026-04-28""","Mobile Accessories","23199"
"2061","326","""2025-09-19""","Books","6343"
"2062","325","""2026-03-01""","Home & Kitchen","944"
"2063","832","""2025-11-14""","Grocery","3788"
"2064","35","""2025-02-04""","Home & Kitchen","13664"
"2065","155","""2025-10-14""","Books","27573"
"2066","195","""2026-06-18""","Mobile Accessories","24896"
"2067","94","""2024-12-17""","Electronics","8022"
"2068","604","""2025-06-12""","Grocery","768"
"2069","427","""2025-06-27""","Toys","8188"
"2070","296","""2025-05-09""","Electronics","9596"
"2071","51","""2026-03-04""","Sports","19409"
"2072","79","""2025-06-28""","Toys","2755"
"2073","215","""2026-04-24""","Jewelry","12926"
"2074","364","""2025-11-21""","Jewelry","4020"
"2075","270","""2026-09-03""","Jewelry","1607"
"2076","41","""2025-11-10""","Toys","34801"
"2077","55","""2025-03-10""","Grocery","33215"
"2078","185","""2025-12-11""","Toys","13864"
"2079","137","""2025-10-11""","Jewelry","20121"
"2080","872","""2026-02-21""","Home & Kitchen","494"
"2081","195","""2026-02-16""","Jewelry","3682"
"2082","26","""2026-08-15""","Electronics","47462"
"2083","297","""2024-12-11""","Beauty","6525"
"2084","88","""2025-03-13""","Toys","28028"
"2085","15","""2025-04-10""","Toys","40994"
"2086","146","""2025-12-07""","Home & Kitchen","33541"
"2087","127","""2026-04-14""","Mobile Accessories","36498"
"2088","244","""2025-04-24""","Sports","857"
"2089","237","""2025-08-25""","Home & Kitchen","11414"
"2090","120","""2024-10-08""","Sports","10166"
"2091","224","""2025-12-14""","Clothing","9825"
"2092","455","""2024-10-27""","Jewelry","14291"
"2093","210","""2025-05-11""","Clothing","5686"
"2094","106","""2025-10-08""","Toys","21085"
"2095","883","""2026-09-21""","Mobile Accessories","222"
"2096","97","""2026-08-27""","Toys","23914"
"2097","376","""2025-10-19""","Electronics","1686"
"2098","113","""2025-03-22""","Toys","34713"
"2099","136","""2026-05-21""","Home & Kitchen","10250"
"2100","189","""2025-07-28""","Clothing","18166"
"2101","215","""2024-11-17""","Jewelry","8483"
"2102","784","""2025-10-11""","Beauty","3111"
"2103","239","""2024-10-20""","Clothing","8076"
"2104","878","""2026-08-04""","Sports","4040"
"2105","145","""2025-04-15""","Sports","14690"
"2106","139","""2026-03-25""","Clothing","3304"
"2107","173","""2025-02-05""","Jewelry","31713"
"2108","143","""2026-05-15""","Toys","44760"
"2109","123","""2025-07-20""","Mobile Accessories","31451"
"2110","202","""2025-07-24""","Home & Kitchen","8760"
"2111","43","""2026-03-04""","Sports","22855"
"2112","17","""2025-10-10""","Jewelry","31536"
"2113","122","""2025-04-30""","Mobile Accessories","41032"
"2114","148","""2026-02-01""","Sports","26833"
"2115","558","""2024-12-15""","Grocery","1125"
"2116","203","""2026-03-19""","Books","6664"
"2117","390","""2026-05-06""","Electronics","11616"
"2118","409","""2026-05-02""","Home & Kitchen","5141"
"2119","816","""2025-03-19""","Sports","3559"
"2120","600","""2025-04-23""","Mobile Accessories","3209"
"2121","282","""2026-04-15""","Clothing","13080"
"2122","490","""2026-06-06""","Books","730"
"2123","946","""2025-03-09""","Beauty","419"
"2124","453","""2026-09-13""","Beauty","10508"
"2125","78","""2026-09-09""","Jewelry","4445"
"2126","55","""2025-06-27""","Books","15570"
"2127","117","""2025-11-15""","Home & Kitchen","6633"
"2128","628","""2025-08-17""","Electronics","2743"
"2129","119","""2024-12-26""","Jewelry","41404"
"2130","65","""2025-08-06""","Beauty","3429"
"2131","64","""2025-09-17""","Jewelry","11320"
"2132","864","""2025-01-07""","Home & Kitchen","414"
"2133","253","""2025-04-25""","Jewelry","997"
"2134","632","""2026-09-12""","Grocery","2579"
"2135","845","""2025-08-15""","Toys","2268"
"2136","275","""2024-11-29""","Mobile Accessories","4953"
"2137","104","""2024-12-25""","Beauty","30612"
"2138","238","""2025-12-02""","Mobile Accessories","5333"
"2139","24","""2025-10-20""","Grocery","41762"
"2140","90","""2025-02-04""","Grocery","31831"
"2141","156","""2024-10-30""","Books","8609"
"2142","37","""2026-07-28""","Beauty","34852"
"2143","421","""2024-11-19""","Grocery","4599"
"2144","355","""2026-04-20""","Toys","14295"
"2145","141","""2024-12-03""","Jewelry","17814"
"2146","692","""2025-11-21""","Jewelry","2004"
"2147","751","""2026-01-31""","Toys","4253"
"2148","565","""2025-06-03""","Grocery","1627"
"2149","645","""2026-03-09""","Jewelry","4416"
"2150","263","""2025-04-02""","Grocery","2399"
"2151","119","""2026-05-08""","Sports","39592"
"2152","174","""2025-11-30""","Beauty","14057"
"2153","154","""2025-12-03""","Electronics","10267"
"2154","486","""2026-04-06""","Clothing","10007"
"2155","363","""2025-11-09""","Mobile Accessories","12157"
"2156","355","""2025-03-28""","Home & Kitchen","13789"
"2157","646","""2026-06-30""","Sports","302"
"2158","776","""2025-06-19""","Home & Kitchen","1265"
"2159","129","""2025-07-09""","Toys","21929"
"2160","643","""2024-11-15""","Mobile Accessories","913"
"2161","791","""2025-02-01""","Beauty","984"
"2162","544","""2026-03-12""","Beauty","3670"
"2163","414","""2026-02-22""","Books","5272"
"2164","330","""2026-07-28""","Clothing","12102"
"2165","277","""2026-03-09""","Toys","1787"
"2166","869","""2025-11-10""","Sports","4130"
"2167","7","""2025-11-14""","Clothing","35329"
"2168","881","""2026-08-23""","Mobile Accessories","4662"
"2169","333","""2025-01-03""","Grocery","11170"
"2170","200","""2025-01-08""","Grocery","37415"
"2171","500","""2025-07-29""","Mobile Accessories","9330"
"2172","493","""2026-05-31""","Clothing","2803"
"2173","816","""2025-05-27""","Toys","4765"
"2174","95","""2025-05-07""","Grocery","34339"
"2175","16","""2026-02-24""","Jewelry","33546"
"2176","44","""2026-06-19""","Mobile Accessories","42751"
"2177","181","""2026-02-20""","Sports","18590"
"2178","233","""2025-01-21""","Electronics","10286"
"2179","651","""2026-06-23""","Beauty","1787"
"2180","794","""2025-07-14""","Toys","3434"
"2181","407","""2026-04-01""","Clothing","2072"
"2182","278","""2024-10-02""","Books","14149"
"2183","27","""2025-11-03""","Electronics","5846"
"2184","50","""2025-07-29""","Toys","4793"
"2185","579","""2026-03-23""","Sports","4310"
"2186","573","""2025-04-19""","Jewelry","4746"
"2187","345","""2025-06-02""","Grocery","14743"
"2188","585","""2025-02-02""","Clothing","1930"
"2189","333","""2025-07-25""","Jewelry","2494"
"2190","479","""2026-09-01""","Books","7209"
"2191","158","""2026-02-28""","Clothing","43172"
"2192","323","""2025-01-24""","Toys","1661"
"2193","895","""2026-04-07""","Mobile Accessories","3738"
"2194","630","""2026-02-19""","Electronics","2161"
"2195","16","""2026-03-08""","Mobile Accessories","20085"
"2196","345","""2026-08-26""","Electronics","11680"
"2197","352","""2025-11-20""","Electronics","5464"
"2198","189","""2026-01-15""","Sports","2205"
"2199","378","""2026-01-25""","Home & Kitchen","9970"
"2200","289","""2026-02-23""","Electronics","13499"
"2201","54","""2025-12-28""","Electronics","22047"
"2202","325","""2026-01-17""","Books","3939"
"2203","830","""2025-12-17""","Grocery","2633"
"2204","65","""2026-03-05""","Jewelry","22197"
"2205","658","""2026-01-27""","Home & Kitchen","4978"
"2206","257","""2026-04-17""","Clothing","7260"
"2207","685","""2025-08-09""","Toys","362"
"2208","257","""2025-11-13""","Clothing","12712"
"2209","607","""2024-10-29""","Jewelry","3573"
"2210","933","""2025-06-16""","Sports","2779"
"2211","848","""2024-11-01""","Home & Kitchen","4381"
"2212","49","""2025-07-18""","Electronics","7821"
"2213","174","""2026-06-13""","Books","2720"
"2214","386","""2026-01-08""","Books","14738"
"2215","172","""2024-10-15""","Jewelry","41566"
"2216","95","""2025-07-06""","Clothing","16853"
"2217","559","""2024-10-25""","Mobile Accessories","4961"
"2218","79","""2026-05-28""","Mobile Accessories","32355"
"2219","109","""2026-04-22""","Grocery","19199"
"2220","70","""2026-05-07""","Beauty","49098"
"2221","175","""2026-05-11""","Home & Kitchen","44356"
"2222","26","""2026-01-27""","Jewelry","46107"
"2223","72","""2026-03-15""","Sports","43161"
"2224","40","""2025-10-02""","Grocery","21554"
"2225","170","""2025-09-29""","Beauty","41939"
"2226","467","""2026-07-02""","Sports","11058"
"2227","497","""2026-03-04""","Sports","12675"
"2228","840","""2025-01-12""","Home & Kitchen","821"
"2229","312","""2025-01-11""","Mobile Accessories","6929"
"2230","105","""2026-04-10""","Clothing","42051"
"2231","126","""2025-12-09""","Jewelry","8975"
"2232","722","""2026-07-29""","Grocery","2175"
"2233","459","""2025-11-25""","Mobile Accessories","14841"
"2234","731","""2025-02-24""","Jewelry","4391"
"2235","24","""2026-01-06""","Home & Kitchen","11153"
"2236","224","""2025-10-02""","Sports","12079"
"2237","121","""2025-05-16""","Jewelry","40469"
"2238","501","""2025-04-25""","Grocery","2696"
"2239","439","""2025-03-19""","Jewelry","4842"
"2240","98","""2026-01-01""","Sports","21133"
"2241","10","""2026-07-04""","Mobile Accessories","23305"
"2242","92","""2026-08-20""","Mobile Accessories","22690"
"2243","92","""2026-09-20""","Electronics","5679"
"2244","143","""2025-05-29""","Toys","25296"
"2245","133","""2025-10-24""","Clothing","9292"
"2246","946","""2025-08-21""","Sports","4879"
"2247","39","""2024-11-14""","Home & Kitchen","3720"
"2248","138","""2025-04-30""","Sports","24671"
"2249","1000","""2026-02-10""","Grocery","3282"
"2250","74","""2025-03-20""","Clothing","26022"
"2251","433","""2024-12-18""","Jewelry","3776"
"2252","826","""2026-05-15""","Toys","374"
"2253","64","""2025-07-17""","Clothing","8994"
"2254","502","""2024-10-03""","Books","4551"
"2255","61","""2025-01-24""","Jewelry","37311"
"2256","733","""2026-05-20""","Sports","4397"
"2257","253","""2025-06-21""","Beauty","13461"
"2258","214","""2025-02-09""","Jewelry","12641"
"2259","70","""2026-08-07""","Clothing","8680"
"2260","834","""2026-03-14""","Mobile Accessories","1607"
"2261","7","""2024-10-14""","Home & Kitchen","42770"
"2262","51","""2026-09-19""","Home & Kitchen","29668"
"2263","486","""2025-07-29""","Mobile Accessories","10775"
"2264","283","""2025-12-29""","Mobile Accessories","1161"
"2265","919","""2026-03-20""","Electronics","1375"
"2266","340","""2026-03-25""","Mobile Accessories","13039"
"2267","97","""2024-11-12""","Books","46629"
"2268","462","""2026-07-14""","Beauty","4047"
"2269","351","""2025-05-12""","Home & Kitchen","7008"
"2270","159","""2025-06-08""","Beauty","29473"
"2271","456","""2025-09-07""","Grocery","9281"
"2272","111","""2025-01-14""","Home & Kitchen","6240"
"2273","225","""2025-04-28""","Mobile Accessories","11259"
"2274","16","""2026-07-28""","Clothing","42735"
"2275","24","""2025-02-25""","Sports","47698"
"2276","363","""2026-03-03""","Toys","13259"
"2277","595","""2026-05-07""","Toys","2758"
"2278","636","""2025-07-13""","Grocery","2462"
"2279","408","""2025-12-05""","Beauty","12895"
"2280","484","""2026-08-28""","Books","2063"
"2281","346","""2024-10-19""","Clothing","9732"
"2282","424","""2026-01-05""","Grocery","2833"
"2283","853","""2024-10-23""","Beauty","279"
"2284","469","""2025-02-27""","Mobile Accessories","5682"
"2285","279","""2025-03-04""","Books","6031"
"2286","53","""2025-12-26""","Home & Kitchen","20318"
"2287","390","""2025-10-04""","Books","2542"
"2288","926","""2025-08-26""","Home & Kitchen","2355"
"2289","72","""2025-01-27""","Books","15911"
"2290","461","""2026-07-17""","Home & Kitchen","13662"
"2291","64","""2025-03-27""","Books","16504"
"2292","126","""2026-01-03""","Sports","34964"
"2293","14","""2026-02-28""","Electronics","8389"
"2294","227","""2024-12-01""","Sports","11171"
"2295","617","""2026-09-13""","Sports","2209"
"2296","774","""2025-08-26""","Books","1947"
"2297","446","""2025-01-26""","Mobile Accessories","3315"
"2298","348","""2024-10-09""","Home & Kitchen","13593"
"2299","154","""2026-02-19""","Jewelry","15707"
"2300","330","""2025-11-18""","Mobile Accessories","14674"
"2301","97","""2025-08-15""","Mobile Accessories","28206"
"2302","360","""2026-07-17""","Electronics","8292"
"2303","200","""2026-05-25""","Electronics","37246"
"2304","675","""2026-04-20""","Toys","3117"
"2305","670","""2024-10-22""","Home & Kitchen","4071"
"2306","494","""2025-01-26""","Electronics","8564"
"2307","487","""2025-06-30""","Books","1861"
"2308","192","""2025-12-11""","Books","36474"
"2309","773","""2026-03-04""","Mobile Accessories","2671"
"2310","41","""2026-08-04""","Grocery","36937"
"2311","945","""2025-05-30""","Beauty","3162"
"2312","44","""2026-09-23""","Sports","22456"
"2313","368","""2024-10-20""","Jewelry","1301"
"2314","511","""2025-06-18""","Clothing","1514"
"2315","68","""2026-04-26""","Grocery","34818"
"2316","26","""2024-11-26""","Toys","20078"
"2317","438","""2025-02-11""","Sports","6257"
"2318","49","""2024-10-14""","Beauty","39479"
"2319","400","""2026-04-18""","Sports","8868"
"2320","439","""2025-02-08""","Books","5452"
"2321","292","""2026-06-20""","Beauty","4760"
"2322","2","""2024-10-10""","Toys","47810"
"2323","744","""2026-08-30""","Books","2413"
"2324","836","""2025-08-27""","Clothing","3037"
"2325","138","""2026-03-26""","Toys","25284"
"2326","72","""2026-06-03""","Grocery","32337"
"2327","815","""2025-05-17""","Home & Kitchen","3957"
"2328","266","""2025-06-29""","Home & Kitchen","2156"
"2329","238","""2026-04-05""","Sports","8816"
"2330","503","""2025-02-05""","Electronics","4943"
"2331","476","""2025-08-26""","Grocery","8639"
"2332","43","""2024-12-31""","Toys","19347"
"2333","126","""2026-05-29""","Electronics","21330"
"2334","391","""2025-05-10""","Home & Kitchen","7988"
"2335","335","""2025-07-13""","Toys","4791"
"2336","163","""2025-12-30""","Books","4951"
"2337","53","""2026-07-20""","Home & Kitchen","21238"
"2338","525","""2026-02-17""","Mobile Accessories","2090"
"2339","75","""2026-06-19""","Jewelry","10485"
"2340","402","""2025-07-19""","Jewelry","4453"
"2341","173","""2025-01-12""","Home & Kitchen","36538"
"2342","213","""2025-04-08""","Books","8935"
"2343","699","""2025-11-26""","Sports","1044"
"2344","181","""2024-10-13""","Toys","9374"
"2345","718","""2025-07-20""","Books","1197"
"2346","446","""2025-08-14""","Sports","9361"
"2347","14","""2024-10-21""","Electronics","22533"
"2348","209","""2025-03-17""","Beauty","2402"
"2349","464","""2026-02-09""","Clothing","3515"
"2350","126","""2025-09-21""","Books","6111"
"2351","439","""2026-09-03""","Home & Kitchen","10660"
"2352","479","""2025-10-03""","Sports","1795"
"2353","205","""2024-11-25""","Books","14063"
"2354","333","""2026-02-17""","Electronics","12384"
"2355","176","""2025-06-08""","Toys","12460"
"2356","152","""2024-10-11""","Beauty","31240"
"2357","853","""2026-08-31""","Sports","3610"
"2358","79","""2025-10-22""","Sports","23652"
"2359","18","""2025-04-03""","Clothing","49684"
"2360","309","""2025-08-25""","Grocery","14662"
"2361","315","""2024-10-25""","Grocery","14726"
"2362","400","""2025-09-14""","Mobile Accessories","14257"
"2363","423","""2025-06-07""","Books","3217"
"2364","691","""2024-12-04""","Sports","3077"
"2365","880","""2025-07-10""","Grocery","1979"
"2366","341","""2025-09-22""","Home & Kitchen","11873"
"2367","871","""2025-02-07""","Books","1529"
"2368","117","""2024-09-27""","Beauty","27819"
"2369","366","""2026-09-02""","Books","3592"
"2370","43","""2024-12-27""","Mobile Accessories","28758"
"2371","363","""2025-08-13""","Electronics","11016"
"2372","125","""2025-05-23""","Mobile Accessories","35187"
"2373","47","""2026-03-27""","Electronics","22615"
"2374","305","""2024-12-14""","Toys","11633"
"2375","152","""2024-10-28""","Grocery","6093"
"2376","450","""2025-12-08""","Books","13171"
"2377","18","""2026-05-21""","Books","16818"
"2378","211","""2024-11-30""","Mobile Accessories","10539"
"2379","424","""2026-05-10""","Clothing","4922"
"2380","452","""2024-10-11""","Clothing","14039"
"2381","326","""2024-09-25""","Mobile Accessories","11319"
"2382","171","""2026-03-22""","Jewelry","32195"
"2383","2","""2026-01-01""","Clothing","32378"
"2384","914","""2025-10-30""","Books","2329"
"2385","218","""2024-11-03""","Electronics","9733"
"2386","10","""2024-12-20""","Toys","15886"
"2387","842","""2025-02-14""","Beauty","1358"
"2388","201","""2024-11-06""","Clothing","1793"
"2389","65","""2025-04-15""","Jewelry","23181"
"2390","738","""2026-09-17""","Electronics","3701"
"2391","54","""2025-05-19""","Clothing","44700"
"2392","772","""2026-06-11""","Toys","232"
"2393","709","""2026-02-11""","Home & Kitchen","3735"
"2394","152","""2026-03-28""","Mobile Accessories","13281"
"2395","868","""2025-01-04""","Books","4640"
"2396","289","""2026-03-24""","Toys","6386"
"2397","354","""2026-04-14""","Mobile Accessories","1213"
"2398","136","""2026-02-21""","Books","37560"
"2399","799","""2025-06-18""","Grocery","2033"
"2400","691","""2025-02-24""","Beauty","1631"
"2401","296","""2024-11-30""","Grocery","10541"
"2402","615","""2025-05-03""","Beauty","3452"
"2403","178","""2025-06-04""","Jewelry","28759"
"2404","46","""2024-11-21""","Grocery","26496"
"2405","194","""2025-04-18""","Sports","27662"
"2406","963","""2025-07-15""","Jewelry","1350"
"2407","396","""2025-04-28""","Electronics","7521"
"2408","408","""2026-03-10""","Home & Kitchen","10412"
"2409","223","""2024-10-05""","Clothing","12397"
"2410","148","""2024-11-04""","Mobile Accessories","10686"
"2411","848","""2026-04-27""","Grocery","2627"
"2412","968","""2025-10-30""","Sports","2108"
"2413","92","""2025-01-13""","Electronics","14957"
"2414","116","""2025-05-07""","Mobile Accessories","24628"
"2415","786","""2026-06-05""","Books","4845"
"2416","233","""2025-08-29""","Sports","11485"
"2417","391","""2026-05-29""","Grocery","1441"
"2418","102","""2026-01-08""","Sports","22208"
"2419","69","""2026-07-03""","Grocery","47367"
"2420","145","""2024-12-31""","Sports","17226"
"2421","106","""2024-12-22""","Clothing","41510"
"2422","725","""2025-10-08""","Mobile Accessories","2893"
"2423","611","""2025-04-04""","Toys","3916"
"2424","124","""2026-01-09""","Jewelry","11767"
"2425","87","""2026-01-12""","Sports","20781"
"2426","597","""2024-12-24""","Electronics","537"
"2427","548","""2026-01-06""","Grocery","1474"
"2428","704","""2026-04-04""","Grocery","3987"
"2429","370","""2025-08-02""","Grocery","3460"
"2430","560","""2026-08-09""","Electronics","4346"
"2431","662","""2025-12-27""","Beauty","4908"
"2432","123","""2026-03-07""","Jewelry","34194"
"2433","253","""2025-02-17""","Toys","3339"
"2434","904","""2024-11-24""","Grocery","3896"
"2435","395","""2024-10-27""","Beauty","1133"
"2436","413","""2026-08-28""","Books","9107"
"2437","259","""2026-09-04""","Books","2630"
"2438","47","""2025-03-31""","Beauty","5882"
"2439","319","""2025-03-09""","Sports","2478"
"2440","387","""2024-10-01""","Clothing","10112"
"2441","464","""2026-02-23""","Jewelry","2024"
"2442","408","""2024-10-17""","Sports","14381"
"2443","809","""2025-02-09""","Toys","177"
"2444","686","""2026-09-02""","Toys","3049"
"2445","60","""2024-12-11""","Mobile Accessories","31468"
"2446","180","""2026-01-14""","Toys","35113"
"2447","533","""2024-12-08""","Beauty","1364"
"2448","455","""2025-04-25""","Clothing","11882"
"2449","374","""2025-09-07""","Grocery","4573"
"2450","338","""2026-04-17""","Home & Kitchen","14470"
"2451","148","""2024-09-30""","Beauty","39237"
"2452","428","""2025-02-26""","Electronics","1511"
"2453","105","""2026-05-25""","Electronics","6550"
"2454","496","""2025-06-11""","Grocery","10611"
"2455","245","""2025-01-24""","Jewelry","13699"
"2456","61","""2025-07-18""","Clothing","37878"
"2457","35","""2025-12-24""","Sports","41899"
"2458","604","""2025-09-06""","Clothing","4138"
"2459","147","""2024-10-31""","Jewelry","10129"
"2460","604","""2025-04-28""","Grocery","2505"
"2461","555","""2025-04-07""","Grocery","4953"
"2462","620","""2025-11-18""","Books","3210"
"2463","217","""2026-05-11""","Mobile Accessories","2006"
"2464","46","""2024-12-21""","Electronics","3217"
"2465","442","""2024-12-29""","Sports","8175"
"2466","121","""2025-02-08""","Home & Kitchen","8538"
"2467","29","""2025-09-04""","Clothing","13351"
"2468","361","""2025-03-19""","Beauty","6406"
"2469","581","""2026-04-24""","Clothing","2988"
"2470","521","""2025-05-18""","Mobile Accessories","4894"
"2471","716","""2025-04-13""","Beauty","4673"
"2472","107","""2026-04-25""","Home & Kitchen","4586"
"2473","8","""2026-01-07""","Home & Kitchen","35117"
"2474","147","""2025-09-21""","Grocery","42268"
"2475","451","""2026-08-04""","Clothing","10597"
"2476","761","""2026-01-06""","Sports","3442"
"2477","162","""2026-04-24""","Mobile Accessories","21115"
"2478","749","""2026-06-02""","Grocery","3005"
"2479","736","""2025-03-30""","Clothing","446"
"2480","348","""2026-01-30""","Toys","1585"
"2481","725","""2025-09-01""","Beauty","161"
"2482","21","""2025-01-23""","Books","27957"
"2483","259","""2025-09-10""","Books","11300"
"2484","556","""2026-09-16""","Toys","2532"
"2485","468","""2025-01-08""","Beauty","10985"
"2486","283","""2026-04-23""","Books","1703"
"2487","190","""2025-10-29""","Mobile Accessories","21486"
"2488","260","""2026-04-15""","Mobile Accessories","10999"
"2489","139","""2025-12-12""","Sports","14863"
"2490","122","""2025-10-17""","Jewelry","12785"
"2491","459","""2026-06-15""","Home & Kitchen","1318"
"2492","420","""2025-08-15""","Home & Kitchen","6252"
"2493","464","""2026-07-23""","Sports","6534"
"2494","214","""2024-10-08""","Beauty","2319"
"2495","214","""2026-05-02""","Grocery","2307"
"2496","49","""2025-11-17""","Sports","44788"
"2497","301","""2024-12-31""","Clothing","11795"
"2498","927","""2025-12-24""","Grocery","1587"
"2499","81","""2025-12-31""","Home & Kitchen","39767"
"2500","558","""2025-09-22""","Toys","1563"
"2501","137","""2025-05-08""","Jewelry","14385"
"2502","132","""2026-04-28""","Clothing","33701"
"2503","425","""2024-10-19""","Home & Kitchen","6374"
"2504","62","""2026-09-25""","Clothing","23693"
"2505","99","""2024-12-01""","Sports","32719"
"2506","403","""2025-07-26""","Home & Kitchen","13539"
"2507","877","""2024-10-31""","Grocery","1991"
"2508","416","""2026-09-19""","Toys","1546"
"2509","334","""2024-09-25""","Books","327"
"2510","137","""2025-07-04""","Jewelry","5749"
"2511","87","""2025-01-26""","Sports","46292"
"2512","436","""2026-01-19""","Clothing","1861"
"2513","722","""2025-05-31""","Books","1220"
"2514","419","""2025-11-23""","Clothing","9200"
"2515","288","""2025-03-17""","Grocery","10092"
"2516","446","""2025-02-20""","Jewelry","11551"
"2517","459","""2026-03-07""","Sports","1636"
"2518","331","""2026-04-02""","Toys","14471"
"2519","199","""2025-09-04""","Toys","44442"
"2520","470","""2025-03-01""","Toys","817"
"2521","181","""2025-09-09""","Books","36717"
"2522","170","""2026-04-08""","Jewelry","42991"
"2523","853","""2026-05-22""","Mobile Accessories","1849"
"2524","328","""2024-10-28""","Grocery","9680"
"2525","354","""2024-10-17""","Grocery","12241"
"2526","154","""2026-03-06""","Jewelry","13009"
"2527","401","""2025-05-16""","Beauty","6465"
"2528","99","""2026-05-10""","Electronics","11003"
"2529","186","""2025-04-30""","Mobile Accessories","17454"
"2530","309","""2025-05-22""","Mobile Accessories","7370"
"2531","266","""2025-11-15""","Sports","7760"
"2532","762","""2026-02-02""","Books","2871"
"2533","872","""2026-02-24""","Home & Kitchen","256"
"2534","336","""2025-10-07""","Electronics","3318"
"2535","162","""2025-07-14""","Mobile Accessories","9228"
"2536","393","""2025-06-18""","Jewelry","8580"
"2537","496","""2026-08-30""","Beauty","10462"
"2538","615","""2024-10-10""","Toys","1627"
"2539","96","""2024-11-04""","Electronics","17651"
"2540","191","""2025-07-26""","Sports","28301"
"2541","116","""2025-05-02""","Books","35459"
"2542","843","""2026-07-12""","Home & Kitchen","1475"
"2543","102","""2025-08-12""","Jewelry","33645"
"2544","60","""2025-02-16""","Mobile Accessories","6546"
"2545","50","""2025-11-25""","Clothing","43276"
"2546","393","""2026-08-28""","Mobile Accessories","2916"
"2547","201","""2025-12-05""","Sports","3709"
"2548","996","""2025-03-18""","Books","3926"
"2549","189","""2026-06-17""","Beauty","13848"
"2550","186","""2024-10-29""","Home & Kitchen","3142"
"2551","216","""2026-05-15""","Jewelry","13155"
"2552","241","""2025-05-27""","Mobile Accessories","8867"
"2553","29","""2025-06-27""","Books","47671"
"2554","359","""2025-01-15""","Jewelry","1338"
"2555","470","""2025-06-07""","Jewelry","6532"
"2556","211","""2026-03-03""","Sports","3707"
"2557","911","""2026-03-17""","Mobile Accessories","4351"
"2558","535","""2026-06-23""","Beauty","2455"
"2559","70","""2025-09-18""","Grocery","15700"
"2560","769","""2025-10-21""","Clothing","3335"
"2561","514","""2025-07-11""","Beauty","2429"
"2562","51","""2026-04-16""","Mobile Accessories","48403"
"2563","413","""2025-05-19""","Grocery","2384"
"2564","117","""2025-11-29""","Beauty","42919"
"2565","729","""2025-01-07""","Sports","3976"
"2566","125","""2024-10-10""","Toys","31393"
"2567","441","""2024-10-20""","Beauty","14268"
"2568","5","""2025-07-26""","Grocery","37025"
"2569","67","""2025-01-08""","Jewelry","43839"
"2570","96","""2025-02-03""","Mobile Accessories","6625"
"2571","360","""2025-01-16""","Beauty","8236"
"2572","528","""2026-08-21""","Home & Kitchen","2690"
"2573","609","""2026-07-27""","Books","2267"
"2574","50","""2024-11-20""","Beauty","35727"
"2575","185","""2025-07-20""","Sports","28981"
"2576","490","""2025-06-28""","Sports","4725"
"2577","238","""2025-06-13""","Sports","6324"
"2578","32","""2026-06-03""","Sports","2515"
"2579","579","""2024-12-25""","Mobile Accessories","3293"
"2580","51","""2026-05-27""","Books","44670"
"2581","635","""2025-12-14""","Books","4190"
"2582","931","""2025-12-28""","Home & Kitchen","2483"
"2583","331","""2024-11-04""","Books","5159"
"2584","244","""2026-06-05""","Jewelry","4557"
"2585","59","""2025-01-26""","Sports","46473"
"2586","108","""2024-10-17""","Toys","5927"
"2587","164","""2024-12-12""","Electronics","3761"
"2588","56","""2024-10-08""","Grocery","7456"
"2589","188","""2025-06-24""","Clothing","6707"
"2590","70","""2025-04-05""","Toys","18392"
"2591","839","""2026-06-02""","Clothing","3887"
"2592","134","""2026-01-25""","Clothing","43389"
"2593","601","""2024-10-15""","Mobile Accessories","4214"
"2594","743","""2024-11-13""","Toys","4616"
"2595","708","""2026-06-04""","Electronics","2198"
"2596","801","""2026-08-21""","Sports","3316"
"2597","584","""2025-12-04""","Toys","3554"
"2598","304","""2025-09-09""","Toys","6822"
"2599","530","""2024-12-30""","Electronics","1462"
"2600","864","""2025-02-09""","Mobile Accessories","2761"
"2601","80","""2026-01-03""","Electronics","44361"
"2602","130","""2026-04-16""","Grocery","23907"
"2603","327","""2025-04-07""","Jewelry","1926"
"2604","127","""2025-06-03""","Books","19491"
"2605","328","""2025-08-20""","Beauty","608"
"2606","438","""2026-05-14""","Electronics","7648"
"2607","580","""2026-09-06""","Electronics","3701"
"2608","595","""2025-06-29""","Beauty","288"
"2609","60","""2024-11-05""","Home & Kitchen","47986"
"2610","811","""2024-12-17""","Electronics","1790"
"2611","31","""2025-09-23""","Books","21488"
"2612","133","""2026-05-18""","Electronics","32569"
"2613","425","""2026-02-26""","Home & Kitchen","12095"
"2614","168","""2026-06-05""","Beauty","34939"
"2615","97","""2024-12-17""","Jewelry","13271"
"2616","29","""2026-04-21""","Jewelry","9725"
"2617","187","""2026-03-17""","Books","28177"
"2618","401","""2026-06-27""","Books","13863"
"2619","764","""2025-05-10""","Sports","661"
"2620","735","""2026-02-06""","Toys","1352"
"2621","369","""2026-04-29""","Sports","888"
"2622","34","""2025-08-08""","Electronics","3113"
"2623","232","""2026-09-22""","Toys","1037"
"2624","383","""2026-08-29""","Grocery","2976"
"2625","438","""2025-09-27""","Electronics","665"
"2626","314","""2025-03-04""","Grocery","7862"
"2627","59","""2025-12-08""","Electronics","12935"
"2628","298","""2026-05-19""","Beauty","13259"
"2629","20","""2026-04-25""","Grocery","32844"
"2630","21","""2025-08-03""","Mobile Accessories","24768"
"2631","319","""2025-05-10""","Toys","671"
"2632","242","""2025-04-14""","Home & Kitchen","913"
"2633","754","""2026-03-21""","Books","654"
"2634","134","""2026-05-10""","Mobile Accessories","32903"
"2635","102","""2025-05-25""","Mobile Accessories","32551"
"2636","299","""2026-08-29""","Books","11787"
"2637","215","""2025-06-04""","Clothing","5154"
"2638","190","""2025-03-17""","Beauty","21197"
"2639","828","""2026-03-08""","Sports","4422"
"2640","167","""2026-03-15""","Toys","19259"
"2641","654","""2025-12-01""","Jewelry","4378"
"2642","111","""2025-06-17""","Beauty","20223"
"2643","874","""2026-08-09""","Clothing","3281"
"2644","555","""2025-11-16""","Electronics","4452"
"2645","118","""2026-05-16""","Mobile Accessories","35847"
"2646","660","""2025-03-27""","Mobile Accessories","2094"
"2647","814","""2026-07-15""","Books","3676"
"2648","437","""2025-04-12""","Books","8118"
"2649","307","""2025-01-11""","Clothing","9550"
"2650","148","""2025-11-15""","Books","8100"
"2651","62","""2026-03-14""","Grocery","47970"
"2652","173","""2026-05-07""","Books","11075"
"2653","14","""2024-10-26""","Beauty","48020"
"2654","94","""2025-08-29""","Beauty","18301"
"2655","975","""2025-07-13""","Electronics","4143"
"2656","452","""2025-07-30""","Mobile Accessories","14223"
"2657","65","""2025-12-15""","Electronics","45205"
"2658","710","""2025-04-23""","Jewelry","1840"
"2659","8","""2025-05-19""","Clothing","5930"
"2660","111","""2024-11-16""","Electronics","3715"
"2661","599","""2026-09-01""","Home & Kitchen","2833"
"2662","23","""2025-06-29""","Books","40941"
"2663","466","""2025-10-17""","Sports","1562"
"2664","461","""2025-08-19""","Books","1168"
"2665","786","""2025-11-06""","Sports","3163"
"2666","211","""2025-11-19""","Clothing","4085"
"2667","785","""2025-10-04""","Sports","2955"
"2668","155","""2026-05-21""","Mobile Accessories","5838"
"2669","213","""2025-01-27""","Beauty","4073"
"2670","941","""2026-07-29""","Books","534"
"2671","920","""2024-12-07""","Clothing","4752"
"2672","299","""2025-07-24""","Beauty","11419"
"2673","452","""2025-11-23""","Jewelry","10459"
"2674","423","""2026-08-13""","Beauty","2681"
"2675","462","""2025-04-09""","Sports","14439"
"2676","517","""2025-02-19""","Home & Kitchen","2918"
"2677","135","""2025-07-08""","Mobile Accessories","40347"
"2678","50","""2026-03-27""","Books","10290"
"2679","605","""2024-10-27""","Toys","1409"
"2680","132","""2026-05-06""","Mobile Accessories","12947"
"2681","753","""2025-02-13""","Mobile Accessories","3505"
"2682","318","""2026-08-10""","Toys","9734"
"2683","337","""2026-08-31""","Mobile Accessories","6121"
"2684","652","""2026-04-27""","Clothing","1944"
"2685","145","""2026-05-24""","Mobile Accessories","35943"
"2686","766","""2026-04-02""","Sports","3090"
"2687","746","""2026-07-30""","Electronics","3288"
"2688","160","""2026-02-15""","Books","41110"
"2689","885","""2025-12-19""","Clothing","2245"
"2690","116","""2025-04-26""","Mobile Accessories","36592"
"2691","125","""2025-07-08""","Electronics","22289"
"2692","53","""2026-07-29""","Clothing","40975"
"2693","322","""2025-11-13""","Clothing","1885"
"2694","408","""2025-12-18""","Beauty","3291"
"2695","260","""2026-03-09""","Grocery","1619"
"2696","233","""2026-04-14""","Beauty","13030"
"2697","259","""2026-04-29""","Sports","10472"
"2698","17","""2025-02-27""","Beauty","26493"
"2699","419","""2025-04-27""","Books","8197"
"2700","144","""2025-12-25""","Jewelry","16999"
"2701","449","""2024-11-24""","Books","8674"
"2702","250","""2026-08-31""","Sports","1576"
"2703","156","""2025-10-08""","Beauty","13983"
"2704","43","""2025-02-18""","Books","31891"
"2705","617","""2026-06-14""","Books","1862"
"2706","56","""2025-11-14""","Beauty","40189"
"2707","623","""2026-08-10""","Books","4551"
"2708","799","""2024-10-20""","Mobile Accessories","2102"
"2709","350","""2024-09-26""","Toys","2298"
"2710","359","""2025-05-28""","Grocery","5280"
"2711","133","""2025-09-06""","Clothing","37820"
"2712","190","""2025-11-04""","Electronics","15872"
"2713","101","""2024-12-13""","Home & Kitchen","5633"
"2714","136","""2025-10-13""","Home & Kitchen","42349"
"2715","225","""2025-09-27""","Books","1815"
"2716","88","""2025-11-25""","Sports","14087"
"2717","955","""2026-01-27""","Toys","3479"
"2718","174","""2025-06-22""","Beauty","7500"
"2719","785","""2025-11-22""","Toys","213"
"2720","744","""2025-12-26""","Beauty","3239"
"2721","370","""2025-07-28""","Jewelry","612"
"2722","773","""2026-03-11""","Books","1751"
"2723","233","""2025-08-03""","Toys","6369"
"2724","977","""2025-08-17""","Grocery","636"
"2725","372","""2026-02-03""","Beauty","3248"
"2726","298","""2026-06-29""","Jewelry","11118"
"2727","934","""2025-06-18""","Books","3333"
"2728","497","""2026-04-12""","Sports","13539"
"2729","415","""2025-05-26""","Jewelry","13047"
"2730","125","""2025-08-29""","Jewelry","7323"
"2731","849","""2026-06-18""","Home & Kitchen","779"
"2732","729","""2026-03-21""","Books","3455"
"2733","171","""2025-02-24""","Grocery","40396"
"2734","185","""2025-12-05""","Clothing","6333"
"2735","156","""2025-12-24""","Toys","37268"
"2736","498","""2026-01-17""","Jewelry","8755"
"2737","749","""2025-06-23""","Clothing","2888"
"2738","102","""2025-04-10""","Electronics","23084"
"2739","997","""2025-12-17""","Jewelry","3839"
"2740","341","""2024-12-28""","Clothing","7762"
"2741","12","""2024-10-01""","Mobile Accessories","36681"
"2742","107","""2025-06-19""","Home & Kitchen","4529"
"2743","816","""2025-11-20""","Sports","3080"
"2744","578","""2026-05-29""","Electronics","443"
"2745","115","""2025-11-09""","Electronics","36383"
"2746","96","""2024-10-13""","Electronics","10482"
"2747","97","""2025-05-01""","Toys","5418"
"2748","112","""2025-04-17""","Grocery","27697"
"2749","866","""2024-11-26""","Grocery","4153"
"2750","295","""2026-04-29""","Mobile Accessories","14600"
"2751","68","""2025-08-09""","Mobile Accessories","23563"
"2752","772","""2025-01-29""","Grocery","1108"
"2753","85","""2026-07-01""","Home & Kitchen","28057"
"2754","637","""2025-12-26""","Beauty","4441"
"2755","477","""2025-12-29""","Beauty","6541"
"2756","267","""2025-08-28""","Sports","4056"
"2757","798","""2025-08-26""","Jewelry","3845"
"2758","149","""2024-12-21""","Books","42876"
"2759","230","""2026-05-22""","Clothing","869"
"2760","759","""2025-05-26""","Books","1241"
"2761","14","""2025-05-01""","Jewelry","47205"
"2762","726","""2025-06-24""","Electronics","2614"
"2763","360","""2026-04-30""","Sports","1297"
"2764","123","""2025-04-20""","Electronics","10874"
"2765","187","""2025-07-13""","Beauty","17472"
"2766","32","""2025-02-10""","Mobile Accessories","19541"
"2767","132","""2025-01-26""","Electronics","23420"
"2768","260","""2024-12-01""","Home & Kitchen","2219"
"2769","245","""2025-05-02""","Electronics","11033"
"2770","416","""2025-04-20""","Books","14925"
"2771","577","""2026-09-12""","Mobile Accessories","2151"
"2772","168","""2024-11-28""","Books","38006"
"2773","917","""2026-07-12""","Books","1739"
"2774","306","""2025-01-01""","Clothing","14577"
"2775","186","""2025-07-18""","Books","2545"
"2776","795","""2026-03-11""","Electronics","2140"
"2777","72","""2025-06-15""","Beauty","48348"
"2778","137","""2026-02-12""","Toys","29989"
"2779","971","""2026-02-23""","Toys","4998"
"2780","474","""2024-12-14""","Sports","14202"
"2781","689","""2025-05-01""","Electronics","310"
"2782","62","""2025-03-15""","Beauty","31223"
"2783","527","""2026-01-10""","Beauty","4149"
"2784","7","""2026-04-06""","Mobile Accessories","24273"
"2785","380","""2026-08-03""","Sports","13520"
"2786","217","""2025-08-13""","Sports","12727"
"2787","25","""2025-12-30""","Clothing","38875"
"2788","105","""2025-07-24""","Home & Kitchen","20934"
"2789","828","""2025-01-03""","Sports","1017"
"2790","367","""2025-10-05""","Mobile Accessories","2542"
"2791","958","""2024-11-06""","Electronics","2831"
"2792","187","""2025-01-25""","Toys","10279"
"2793","75","""2025-06-30""","Sports","43801"
"2794","291","""2026-09-19""","Jewelry","14228"
"2795","825","""2026-02-21""","Grocery","213"
"2796","460","""2025-12-25""","Grocery","13266"
"2797","171","""2025-06-08""","Sports","35521"
"2798","210","""2025-09-05""","Sports","6449"
"2799","599","""2025-01-29""","Grocery","2838"
"2800","48","""2026-07-05""","Beauty","41379"
"2801","626","""2025-07-14""","Grocery","4336"
"2802","67","""2025-04-22""","Electronics","35640"
"2803","729","""2024-11-26""","Sports","1772"
"2804","243","""2026-05-17""","Electronics","4865"
"2805","96","""2025-05-03""","Sports","38531"
"2806","195","""2024-10-13""","Sports","26927"
"2807","109","""2024-11-30""","Jewelry","39484"
"2808","860","""2025-08-14""","Books","1880"
"2809","40","""2025-03-31""","Electronics","18632"
"2810","483","""2025-10-10""","Toys","3776"
"2811","939","""2024-11-08""","Beauty","4285"
"2812","421","""2025-03-11""","Grocery","13235"
"2813","303","""2025-10-29""","Beauty","6129"
"2814","317","""2024-10-11""","Toys","14744"
"2815","478","""2026-06-13""","Mobile Accessories","4062"
"2816","518","""2026-02-17""","Toys","2501"
"2817","174","""2025-05-03""","Clothing","12937"
"2818","12","""2025-03-04""","Beauty","32612"
"2819","170","""2025-05-11""","Sports","41043"
"2820","96","""2026-02-13""","Jewelry","22308"
"2821","306","""2025-10-03""","Electronics","9629"
"2822","499","""2026-07-11""","Sports","2293"
"2823","54","""2025-05-31""","Books","27291"
"2824","992","""2026-02-08""","Grocery","2444"
"2825","829","""2025-10-03""","Home & Kitchen","1573"
"2826","304","""2025-01-29""","Beauty","11605"
"2827","975","""2026-03-01""","Jewelry","4506"
"2828","107","""2025-08-26""","Home & Kitchen","15374"
"2829","275","""2026-02-26""","Toys","1491"
"2830","309","""2024-11-22""","Electronics","13070"
"2831","2","""2026-09-25""","Sports","14035"
"2832","251","""2025-02-21""","Jewelry","11343"
"2833","159","""2024-12-24""","Electronics","13993"
"2834","968","""2026-06-10""","Jewelry","659"
"2835","250","""2026-02-07""","Home & Kitchen","6899"
"2836","18","""2024-10-07""","Jewelry","25143"
"2837","845","""2025-12-18""","Mobile Accessories","4823"
"2838","147","""2024-12-23""","Toys","17132"
"2839","330","""2025-06-08""","Electronics","1042"
"2840","46","""2025-03-03""","Jewelry","42496"
"2841","498","""2025-02-19""","Toys","1307"
"2842","5","""2026-05-08""","Books","40305"
"2843","447","""2025-12-15""","Sports","10147"
"2844","304","""2024-11-11""","Clothing","9296"
"2845","262","""2025-02-19""","Clothing","3723"
"2846","284","""2025-08-13""","Beauty","3815"
"2847","628","""2026-03-30""","Electronics","2950"
"2848","480","""2025-01-17""","Sports","3978"
"2849","784","""2025-03-12""","Books","2501"
"2850","73","""2025-12-08""","Mobile Accessories","16097"
"2851","157","""2026-01-17""","Mobile Accessories","33449"
"2852","8","""2026-08-05""","Home & Kitchen","2843"
"2853","568","""2026-04-14""","Grocery","4625"
"2854","335","""2025-01-06""","Jewelry","14889"
"2855","135","""2025-06-14""","Home & Kitchen","10708"
"2856","121","""2025-08-08""","Home & Kitchen","11387"
"2857","312","""2026-03-17""","Electronics","4168"
"2858","578","""2026-07-29""","Home & Kitchen","1479"
"2859","120","""2026-03-16""","Mobile Accessories","20878"
"2860","48","""2025-07-19""","Mobile Accessories","9009"
"2861","327","""2026-04-08""","Clothing","12018"
"2862","29","""2025-11-08""","Sports","12309"
"2863","183","""2025-06-09""","Mobile Accessories","40860"
"2864","54","""2025-04-03""","Home & Kitchen","21336"
"2865","30","""2024-10-01""","Grocery","47734"
"2866","903","""2024-09-30""","Beauty","4324"
"2867","933","""2026-05-26""","Grocery","1835"
"2868","400","""2024-11-03""","Mobile Accessories","2802"
"2869","54","""2025-01-11""","Beauty","11990"
"2870","783","""2026-02-01""","Sports","1095"
"2871","167","""2026-06-17""","Jewelry","8041"
"2872","49","""2025-01-16""","Toys","41152"
"2873","42","""2025-02-18""","Home & Kitchen","24335"
"2874","459","""2026-07-12""","Electronics","3858"
"2875","923","""2024-10-22""","Books","1450"
"2876","808","""2025-05-05""","Clothing","3637"
"2877","491","""2026-05-25""","Beauty","12543"
"2878","187","""2025-01-17""","Grocery","14392"
"2879","300","""2025-04-22""","Electronics","4146"
"2880","72","""2025-05-30""","Sports","42707"
"2881","822","""2026-04-05""","Grocery","2118"
"2882","798","""2026-01-09""","Mobile Accessories","1295"
"2883","311","""2026-09-11""","Grocery","5581"
"2884","634","""2025-08-28""","Mobile Accessories","917"
"2885","819","""2026-03-23""","Home & Kitchen","3526"
"2886","124","""2024-12-23""","Grocery","30888"
"2887","4","""2026-06-09""","Grocery","2510"
"2888","112","""2025-08-27""","Electronics","2211"
"2889","444","""2025-11-24""","Electronics","1399"
"2890","870","""2025-01-21""","Grocery","2866"
"2891","136","""2025-07-21""","Clothing","17012"
"2892","208","""2026-08-14""","Clothing","11971"
"2893","16","""2025-06-20""","Beauty","48078"
"2894","68","""2026-07-11""","Electronics","17638"
"2895","310","""2025-11-05""","Sports","13414"
"2896","170","""2025-07-31""","Grocery","9871"
"2897","306","""2024-11-06""","Electronics","7715"
"2898","94","""2026-08-10""","Home & Kitchen","12679"
"2899","102","""2025-02-07""","Jewelry","10353"
"2900","162","""2025-02-24""","Mobile Accessories","12483"
"2901","420","""2026-09-14""","Clothing","14707"
"2902","333","""2025-10-20""","Toys","4677"
"2903","568","""2025-12-25""","Grocery","4022"
"2904","416","""2026-09-24""","Sports","10048"
"2905","167","""2025-06-17""","Jewelry","27203"
"2906","169","""2026-02-06""","Grocery","27073"
"2907","858","""2025-05-23""","Electronics","2989"
"2908","391","""2026-08-08""","Grocery","7925"
"2909","132","""2024-11-27""","Electronics","20961"
"2910","522","""2025-08-26""","Mobile Accessories","4267"
"2911","371","""2025-09-27""","Home & Kitchen","14010"
"2912","215","""2026-08-17""","Sports","5148"
"2913","182","""2025-04-28""","Grocery","14106"
"2914","625","""2026-07-22""","Mobile Accessories","4265"
"2915","463","""2025-11-23""","Toys","14390"
"2916","228","""2026-08-17""","Grocery","7029"
"2917","273","""2025-03-25""","Toys","12338"
"2918","82","""2026-01-10""","Grocery","7813"
"2919","324","""2025-06-21""","Clothing","5364"
"2920","480","""2025-11-22""","Home & Kitchen","9535"
"2921","869","""2026-05-05""","Jewelry","3814"
"2922","474","""2026-06-24""","Grocery","12599"
"2923","67","""2026-05-30""","Sports","35650"
"2924","848","""2024-10-27""","Grocery","1429"
"2925","306","""2026-05-18""","Electronics","12555"
"2926","237","""2026-03-06""","Home & Kitchen","5446"
"2927","843","""2024-10-06""","Sports","1254"
"2928","131","""2025-10-07""","Clothing","23513"
"2929","228","""2026-07-31""","Mobile Accessories","8799"
"2930","119","""2025-08-06""","Electronics","6435"
"2931","852","""2026-09-12""","Beauty","4109"
"2932","120","""2025-03-09""","Toys","34652"
"2933","55","""2026-05-06""","Sports","39523"
"2934","162","""2025-12-08""","Electronics","37770"
"2935","796","""2025-07-20""","Electronics","2127"
"2936","112","""2025-03-30""","Jewelry","27086"
"2937","193","""2025-04-28""","Jewelry","22708"
"2938","129","""2024-10-02""","Beauty","26866"
"2939","352","""2025-09-23""","Electronics","2106"
"2940","490","""2025-05-25""","Beauty","5004"
"2941","280","""2024-12-31""","Sports","4098"
"2942","12","""2024-10-28""","Grocery","8032"
"2943","245","""2026-04-24""","Books","14119"
"2944","207","""2026-01-01""","Home & Kitchen","9692"
"2945","231","""2026-07-13""","Books","2677"
"2946","229","""2026-07-22""","Electronics","11245"
"2947","464","""2025-08-24""","Clothing","13211"
"2948","636","""2026-04-11""","Jewelry","2302"
"2949","26","""2025-03-17""","Sports","41402"
"2950","254","""2026-05-05""","Jewelry","4431"
"2951","198","""2026-06-15""","Home & Kitchen","10276"
"2952","344","""2025-06-23""","Clothing","8756"
"2953","189","""2026-04-15""","Mobile Accessories","39415"
"2954","16","""2025-03-22""","Grocery","21737"
"2955","24","""2024-10-04""","Toys","41658"
"2956","522","""2025-06-07""","Clothing","2159"
"2957","3","""2024-10-23""","Home & Kitchen","24166"
"2958","437","""2026-07-18""","Jewelry","6988"
"2959","93","""2024-10-22""","Toys","18510"
"2960","439","""2026-01-29""","Electronics","10727"
"2961","892","""2026-02-19""","Home & Kitchen","4561"
"2962","405","""2025-08-23""","Electronics","1430"
"2963","545","""2026-01-17""","Sports","3564"
"2964","59","""2025-01-05""","Books","27357"
"2965","499","""2025-10-08""","Beauty","3854"
"2966","486","""2025-07-11""","Books","6018"
"2967","327","""2025-09-11""","Clothing","685"
"2968","290","""2025-02-18""","Sports","1040"
"2969","849","""2025-01-30""","Beauty","145"
"2970","210","""2024-11-27""","Books","11202"
"2971","114","""2025-01-08""","Clothing","40921"
"2972","191","""2026-02-12""","Beauty","9499"
"2973","154","""2025-08-10""","Books","12492"
"2974","287","""2024-11-20""","Clothing","7223"
"2975","852","""2026-09-19""","Electronics","1382"
"2976","196","""2024-12-13""","Electronics","20892"
"2977","416","""2026-02-01""","Mobile Accessories","7967"
"2978","132","""2025-04-25""","Beauty","41074"
"2979","250","""2026-02-20""","Mobile Accessories","4797"
"2980","132","""2025-12-06""","Toys","38559"
"2981","178","""2025-12-22""","Beauty","13939"
"2982","844","""2025-02-27""","Jewelry","1489"
"2983","300","""2025-03-01""","Home & Kitchen","12230"
"2984","149","""2026-06-19""","Jewelry","22854"
"2985","727","""2025-12-29""","Jewelry","878"
"2986","490","""2025-11-26""","Clothing","7797"
"2987","246","""2026-09-13""","Sports","11209"
"2988","262","""2025-06-03""","Mobile Accessories","14992"
"2989","177","""2025-10-20""","Sports","13529"
"2990","417","""2026-09-23""","Electronics","1733"
"2991","42","""2025-10-06""","Mobile Accessories","8069"
"2992","296","""2025-05-15""","Jewelry","5341"
"2993","17","""2025-02-23""","Grocery","15576"
"2994","420","""2025-12-10""","Clothing","14883"
"2995","649","""2024-11-09""","Toys","492"
"2996","133","""2025-08-10""","Toys","41949"
"2997","294","""2025-08-02""","Clothing","726"
"2998","16","""2025-03-13""","Jewelry","44248"
"2999","63","""2026-05-30""","Electronics","42538"
"3000","191","""2025-05-15""","Toys","24634"
"3001","23","""2025-07-06""","Toys","3434"
"3002","118","""2025-05-30""","Books","19717"
"3003","971","""2026-03-28""","Sports","2079"
"3004","189","""2025-11-11""","Mobile Accessories","27206"
"3005","464","""2026-07-11""","Electronics","2793"
"3006","266","""2025-12-01""","Jewelry","8737"
"3007","977","""2025-09-09""","Mobile Accessories","2427"
"3008","380","""2026-01-30""","Toys","9251"
"3009","486","""2025-01-30""","Sports","13141"
"3010","24","""2025-08-23""","Home & Kitchen","30265"
"3011","359","""2025-03-02""","Jewelry","9881"
"3012","383","""2025-11-16""","Clothing","10117"
"3013","99","""2026-02-25""","Grocery","40106"
"3014","123","""2024-12-09""","Home & Kitchen","25567"
"3015","251","""2025-11-27""","Home & Kitchen","7744"
"3016","61","""2025-07-08""","Jewelry","17238"
"3017","131","""2026-03-05""","Toys","30063"
"3018","254","""2025-10-22""","Sports","2768"
"3019","281","""2026-09-02""","Electronics","13702"
"3020","912","""2025-07-20""","Mobile Accessories","2200"
"3021","199","""2025-03-27""","Beauty","9395"
"3022","955","""2025-11-12""","Books","4561"
"3023","261","""2026-03-03""","Mobile Accessories","3507"
"3024","860","""2024-12-22""","Sports","625"
"3025","58","""2025-03-30""","Home & Kitchen","48450"
"3026","731","""2024-12-28""","Mobile Accessories","1514"
"3027","173","""2025-11-27""","Books","9408"
"3028","22","""2026-09-18""","Clothing","39746"
"3029","269","""2026-01-18""","Grocery","1587"
"3030","4","""2025-09-03""","Home & Kitchen","39600"
"3031","545","""2025-11-29""","Clothing","2226"
"3032","679","""2026-06-21""","Mobile Accessories","3322"
"3033","141","""2026-01-17""","Clothing","26469"
"3034","150","""2025-09-20""","Books","21649"
"3035","301","""2026-02-27""","Sports","1927"
"3036","468","""2026-01-12""","Toys","11519"
"3037","456","""2025-03-13""","Sports","5059"
"3038","481","""2025-10-18""","Beauty","1782"
"3039","872","""2025-04-01""","Mobile Accessories","2070"
"3040","237","""2024-11-28""","Beauty","10297"
"3041","147","""2024-11-25""","Home & Kitchen","36344"
"3042","377","""2025-05-13""","Grocery","425"
"3043","305","""2026-02-24""","Clothing","3958"
"3044","916","""2025-11-08""","Sports","3094"
"3045","925","""2026-02-07""","Jewelry","3466"
"3046","118","""2026-02-03""","Grocery","32157"
"3047","504","""2026-04-02""","Toys","980"
"3048","581","""2024-10-03""","Electronics","4529"
"3049","930","""2026-09-14""","Books","431"
"3050","145","""2024-11-07""","Jewelry","10658"
"3051","516","""2025-11-16""","Grocery","4444"
"3052","501","""2024-12-06""","Jewelry","190"
"3053","103","""2025-03-02""","Books","22477"
"3054","463","""2024-11-28""","Beauty","14822"
"3055","529","""2025-09-28""","Grocery","3755"
"3056","29","""2026-06-28""","Beauty","35146"
"3057","552","""2025-09-29""","Electronics","3061"
"3058","203","""2026-01-13""","Beauty","11688"
"3059","224","""2026-03-31""","Grocery","6611"
"3060","360","""2025-02-21""","Books","14071"
"3061","948","""2026-06-04""","Clothing","2727"
"3062","156","""2024-11-03""","Toys","27381"
"3063","935","""2024-11-21""","Clothing","3265"
"3064","461","""2026-07-07""","Toys","10209"
"3065","535","""2025-06-30""","Beauty","3593"
"3066","68","""2025-05-04""","Toys","26919"
"3067","341","""2026-04-05""","Clothing","5743"
"3068","745","""2026-09-06""","Beauty","4595"
"3069","430","""2025-09-03""","Grocery","10432"
"3070","266","""2026-03-17""","Toys","3046"
"3071","471","""2026-05-10""","Sports","9206"
"3072","125","""2024-11-21""","Grocery","9913"
"3073","479","""2025-07-10""","Jewelry","4185"
"3074","53","""2026-09-22""","Jewelry","36984"
"3075","131","""2025-08-12""","Toys","40754"
"3076","347","""2025-11-29""","Jewelry","9598"
"3077","97","""2025-01-31""","Beauty","24894"
"3078","506","""2025-07-09""","Mobile Accessories","2503"
"3079","8","""2026-03-24""","Beauty","25495"
"3080","409","""2026-01-01""","Grocery","9594"
"3081","378","""2026-03-24""","Beauty","14878"
"3082","312","""2025-12-23""","Books","13502"
"3083","110","""2026-05-21""","Clothing","2823"
"3084","787","""2026-02-07""","Toys","3298"
"3085","190","""2024-11-23""","Home & Kitchen","14024"
"3086","842","""2026-06-04""","Mobile Accessories","2726"
"3087","728","""2025-07-14""","Electronics","3887"
"3088","853","""2025-07-09""","Toys","547"
"3089","548","""2026-03-05""","Clothing","2435"
"3090","537","""2024-10-28""","Electronics","1007"
"3091","481","""2025-05-01""","Toys","8395"
"3092","301","""2025-09-02""","Grocery","14194"
"3093","119","""2025-04-07""","Jewelry","43215"
"3094","490","""2025-03-27""","Home & Kitchen","14184"
"3095","302","""2026-01-18""","Jewelry","10980"
"3096","366","""2025-02-09""","Toys","8477"
"3097","49","""2026-01-18""","Books","46784"
"3098","32","""2026-09-19""","Jewelry","42118"
"3099","59","""2025-01-26""","Beauty","44639"
"3100","632","""2025-01-09""","Beauty","3222"
"3101","44","""2025-03-11""","Toys","49088"
"3102","445","""2024-10-03""","Toys","8319"
"3103","135","""2025-08-30""","Mobile Accessories","20128"
"3104","724","""2025-09-18""","Clothing","1963"
"3105","323","""2024-12-01""","Toys","10704"
"3106","169","""2025-11-06""","Clothing","43253"
"3107","898","""2025-06-07""","Jewelry","1666"
"3108","40","""2025-11-22""","Home & Kitchen","23558"
"3109","39","""2025-04-20""","Books","38615"
"3110","448","""2024-12-29""","Books","2979"
"3111","990","""2024-11-28""","Sports","1765"
"3112","73","""2026-03-26""","Books","32820"
"3113","26","""2026-01-19""","Sports","39349"
"3114","56","""2026-09-04""","Electronics","5542"
"3115","26","""2025-12-22""","Toys","11106"
"3116","47","""2026-01-09""","Books","29295"
"3117","2","""2026-05-05""","Home & Kitchen","13125"
"3118","30","""2026-07-29""","Books","18150"
"3119","328","""2026-09-01""","Clothing","2078"
"3120","730","""2025-06-01""","Sports","3072"
"3121","145","""2025-07-06""","Jewelry","15493"
"3122","208","""2025-09-07""","Toys","4664"
"3123","243","""2026-03-02""","Mobile Accessories","14911"
"3124","470","""2025-01-22""","Sports","6886"
"3125","54","""2024-10-16""","Books","42974"
"3126","180","""2025-11-15""","Electronics","26865"
"3127","76","""2025-02-01""","Clothing","2330"
"3128","95","""2025-12-10""","Beauty","32345"
"3129","492","""2025-09-27""","Mobile Accessories","13583"
"3130","603","""2026-04-20""","Grocery","436"
"3131","644","""2025-01-15""","Clothing","4228"
"3132","75","""2026-09-24""","Beauty","42104"
"3133","287","""2025-06-17""","Beauty","7207"
"3134","684","""2025-10-03""","Clothing","4965"
"3135","982","""2026-02-17""","Jewelry","3055"
"3136","740","""2025-02-10""","Electronics","4643"
"3137","249","""2024-10-04""","Mobile Accessories","5741"
"3138","877","""2024-11-11""","Books","2060"
"3139","365","""2026-04-16""","Books","12050"
"3140","62","""2026-07-18""","Books","26475"
"3141","541","""2025-05-30""","Electronics","525"
"3142","78","""2026-05-07""","Clothing","32318"
"3143","385","""2025-08-19""","Beauty","8451"
"3144","123","""2025-02-13""","Grocery","6262"
"3145","220","""2025-11-07""","Clothing","1688"
"3146","476","""2024-11-19""","Home & Kitchen","5128"
"3147","84","""2025-05-31""","Home & Kitchen","20820"
"3148","323","""2025-12-17""","Sports","9864"
"3149","855","""2026-04-13""","Sports","1512"
"3150","10","""2026-04-01""","Grocery","41369"
"3151","897","""2026-05-30""","Jewelry","1999"
"3152","383","""2024-09-29""","Electronics","9990"
"3153","361","""2026-04-30""","Clothing","14082"
"3154","463","""2026-07-03""","Beauty","785"
"3155","383","""2026-07-01""","Toys","13350"
"3156","150","""2025-10-15""","Books","20755"
"3157","32","""2024-10-22""","Mobile Accessories","14608"
"3158","327","""2026-06-12""","Toys","4737"
"3159","158","""2024-10-27""","Sports","36716"
"3160","98","""2026-04-06""","Home & Kitchen","11549"
"3161","270","""2026-01-29""","Jewelry","3466"
"3162","411","""2025-07-10""","Clothing","8916"
"3163","140","""2025-08-26""","Mobile Accessories","23539"
"3164","976","""2024-10-28""","Electronics","1673"
"3165","666","""2025-08-28""","Electronics","2292"
"3166","183","""2025-03-16""","Beauty","34795"
"3167","247","""2025-02-28""","Grocery","14135"
"3168","194","""2026-06-01""","Electronics","27357"
"3169","199","""2026-03-04""","Books","9633"
"3170","861","""2025-05-03""","Jewelry","3735"
"3171","806","""2026-04-13""","Home & Kitchen","4353"
"3172","225","""2025-03-13""","Beauty","4019"
"3173","183","""2026-01-24""","Electronics","38896"
"3174","276","""2025-06-28""","Toys","5529"
"3175","447","""2026-03-21""","Home & Kitchen","973"
"3176","376","""2025-02-23""","Toys","3680"
"3177","652","""2026-08-16""","Grocery","3829"
"3178","382","""2026-04-19""","Electronics","10457"
"3179","22","""2025-07-29""","Sports","37819"
"3180","84","""2025-07-20""","Sports","34315"
"3181","445","""2025-06-25""","Grocery","11738"
"3182","309","""2025-03-03""","Sports","10460"
"3183","528","""2025-02-19""","Grocery","420"
"3184","133","""2024-11-23""","Beauty","23727"
"3185","176","""2025-12-02""","Electronics","5826"
"3186","487","""2025-11-30""","Sports","8993"
"3187","597","""2025-09-15""","Sports","4610"
"3188","51","""2026-03-05""","Books","25651"
"3189","410","""2026-04-15""","Jewelry","473"
"3190","27","""2026-05-31""","Toys","21633"
"3191","81","""2024-11-17""","Home & Kitchen","42389"
"3192","158","""2026-04-04""","Home & Kitchen","4666"
"3193","697","""2025-02-07""","Grocery","3742"
"3194","622","""2025-01-24""","Jewelry","3920"
"3195","134","""2025-04-09""","Grocery","16038"
"3196","485","""2025-11-07""","Toys","11269"
"3197","148","""2024-12-28""","Clothing","40778"
"3198","85","""2025-03-20""","Mobile Accessories","36816"
"3199","317","""2025-01-26""","Jewelry","9258"
"3200","68","""2026-02-14""","Beauty","7998"
"3201","161","""2025-06-26""","Electronics","44064"
"3202","838","""2025-10-05""","Clothing","1590"
"3203","285","""2026-06-01""","Books","6352"
"3204","628","""2025-07-20""","Beauty","4495"
"3205","353","""2026-01-29""","Beauty","14043"
"3206","618","""2025-03-18""","Clothing","1203"
"3207","159","""2025-03-07""","Electronics","42614"
"3208","464","""2026-04-06""","Beauty","5779"
"3209","432","""2026-03-07""","Sports","12840"
"3210","113","""2024-11-03""","Jewelry","19217"
"3211","46","""2024-12-10""","Sports","2407"
"3212","292","""2025-08-11""","Electronics","9969"
"3213","391","""2024-10-24""","Electronics","3718"
"3214","58","""2026-08-21""","Grocery","6128"
"3215","95","""2026-07-09""","Mobile Accessories","23785"
"3216","891","""2025-06-17""","Clothing","2406"
"3217","48","""2025-03-16""","Toys","12014"
"3218","439","""2025-12-27""","Mobile Accessories","5453"
"3219","453","""2026-09-10""","Grocery","2274"
"3220","676","""2024-10-14""","Home & Kitchen","4450"
"3221","462","""2025-11-03""","Books","7924"
"3222","181","""2025-10-27""","Toys","6082"
"3223","708","""2025-12-07""","Mobile Accessories","986"
"3224","389","""2025-12-11""","Toys","12500"
"3225","995","""2025-05-18""","Mobile Accessories","381"
"3226","929","""2024-10-16""","Electronics","4765"
"3227","837","""2025-09-04""","Jewelry","4307"
"3228","671","""2025-09-05""","Mobile Accessories","2880"
"3229","471","""2025-05-24""","Sports","6878"
"3230","49","""2026-08-26""","Electronics","28910"
"3231","813","""2025-09-27""","Sports","3307"
"3232","89","""2025-06-03""","Sports","47034"
"3233","640","""2025-11-25""","Clothing","947"
"3234","859","""2025-02-20""","Toys","2913"
"3235","479","""2026-08-21""","Mobile Accessories","7787"
"3236","549","""2026-06-09""","Jewelry","899"
"3237","858","""2026-02-17""","Mobile Accessories","3757"
"3238","842","""2025-07-03""","Home & Kitchen","1880"
"3239","354","""2024-10-11""","Clothing","6651"
"3240","379","""2025-11-10""","Jewelry","6240"
"3241","862","""2025-04-09""","Electronics","2964"
"3242","539","""2026-01-09""","Grocery","2895"
"3243","66","""2026-05-02""","Grocery","7907"
"3244","63","""2025-10-28""","Toys","26223"
"3245","30","""2026-02-09""","Jewelry","18579"
"3246","729","""2026-04-01""","Sports","2361"
"3247","286","""2025-09-21""","Electronics","5015"
"3248","497","""2025-04-04""","Toys","6234"
"3249","495","""2025-02-15""","Mobile Accessories","14555"
"3250","353","""2026-07-30""","Toys","7032"
"3251","822","""2026-08-28""","Beauty","969"
"3252","752","""2025-01-21""","Home & Kitchen","1490"
"3253","202","""2025-03-01""","Mobile Accessories","1479"
"3254","42","""2026-08-24""","Toys","5845"
"3255","556","""2026-05-25""","Toys","1229"
"3256","312","""2026-08-04""","Grocery","14880"
"3257","929","""2025-10-20""","Mobile Accessories","1521"
"3258","123","""2025-04-28""","Grocery","23855"
"3259","119","""2025-03-27""","Clothing","41715"
"3260","335","""2025-04-02""","Mobile Accessories","10060"
"3261","119","""2026-02-15""","Jewelry","40016"
"3262","580","""2025-08-24""","Books","4479"
"3263","137","""2025-12-15""","Electronics","10449"
"3264","182","""2025-03-29""","Toys","29830"
"3265","29","""2026-08-21""","Home & Kitchen","40587"
"3266","859","""2025-11-06""","Jewelry","4298"
"3267","533","""2026-05-27""","Beauty","3476"
"3268","16","""2025-01-17""","Clothing","23531"
"3269","107","""2025-09-05""","Sports","5708"
"3270","589","""2026-02-22""","Jewelry","1734"
"3271","577","""2026-09-06""","Mobile Accessories","4566"
"3272","59","""2026-01-24""","Mobile Accessories","11869"
"3273","129","""2025-09-07""","Books","35626"
"3274","594","""2025-04-20""","Home & Kitchen","2622"
"3275","143","""2026-06-17""","Jewelry","36509"
"3276","978","""2025-01-10""","Books","4026"
"3277","98","""2025-08-22""","Electronics","24734"
"3278","326","""2025-12-13""","Books","9379"
"3279","18","""2026-08-08""","Mobile Accessories","33879"
"3280","985","""2025-12-28""","Electronics","1172"
"3281","99","""2026-01-25""","Home & Kitchen","42275"
"3282","24","""2024-12-10""","Toys","12231"
"3283","920","""2026-01-07""","Jewelry","3997"
"3284","125","""2025-05-18""","Mobile Accessories","18864"
"3285","265","""2026-08-21""","Beauty","13161"
"3286","412","""2024-11-11""","Toys","5688"
"3287","291","""2025-02-28""","Sports","8501"
"3288","17","""2024-12-08""","Electronics","14995"
"3289","822","""2026-06-02""","Clothing","2574"
"3290","813","""2025-12-04""","Sports","310"
"3291","193","""2025-08-22""","Grocery","22179"
"3292","845","""2026-06-19""","Home & Kitchen","1841"
"3293","344","""2026-01-10""","Electronics","8206"
"3294","317","""2025-07-06""","Toys","13987"
"3295","194","""2026-04-16""","Home & Kitchen","8017"
"3296","149","""2026-01-02""","Toys","30691"
"3297","13","""2024-11-28""","Clothing","38136"
"3298","216","""2025-12-19""","Books","13831"
"3299","189","""2024-12-10""","Clothing","35527"
"3300","338","""2025-03-02""","Grocery","12345"
"3301","29","""2024-11-23""","Books","3870"
"3302","95","""2025-05-20""","Sports","15032"
"3303","151","""2025-05-31""","Beauty","18165"
"3304","270","""2025-01-04""","Jewelry","3354"
"3305","167","""2025-07-28""","Electronics","21294"
"3306","937","""2025-01-30""","Toys","4851"
"3307","261","""2026-03-18""","Grocery","6289"
"3308","875","""2026-07-13""","Sports","1632"
"3309","870","""2025-12-22""","Beauty","4041"
"3310","761","""2026-06-26""","Toys","4664"
"3311","484","""2025-06-05""","Home & Kitchen","4947"
"3312","433","""2025-03-05""","Grocery","8752"
"3313","214","""2025-12-05""","Books","13150"
"3314","166","""2025-02-20""","Jewelry","19239"
"3315","160","""2025-06-12""","Beauty","7019"
"3316","478","""2024-11-28""","Beauty","7123"
"3317","900","""2024-12-23""","Jewelry","585"
"3318","395","""2025-08-25""","Beauty","10524"
"3319","77","""2025-11-30""","Books","46301"
"3320","400","""2026-04-24""","Electronics","10222"
"3321","369","""2026-03-15""","Jewelry","3543"
"3322","810","""2025-05-31""","Home & Kitchen","3854"
"3323","251","""2025-01-07""","Home & Kitchen","2350"
"3324","337","""2026-09-11""","Grocery","4136"
"3325","590","""2025-09-14""","Home & Kitchen","495"
"3326","186","""2026-02-23""","Grocery","41668"
"3327","480","""2024-11-29""","Beauty","9630"
"3328","689","""2025-02-19""","Jewelry","3167"
"3329","658","""2026-03-13""","Home & Kitchen","2657"
"3330","373","""2025-01-02""","Sports","900"
"3331","209","""2025-12-07""","Home & Kitchen","1044"
"3332","819","""2025-04-07""","Mobile Accessories","4808"
"3333","296","""2025-06-10""","Grocery","8232"
"3334","196","""2024-10-25""","Home & Kitchen","12440"
"3335","5","""2026-05-08""","Mobile Accessories","16486"
"3336","176","""2025-01-23""","Home & Kitchen","21333"
"3337","51","""2026-02-14""","Jewelry","47090"
"3338","167","""2025-10-09""","Jewelry","42936"
"3339","217","""2025-12-21""","Mobile Accessories","12506"
"3340","407","""2025-09-10""","Mobile Accessories","8059"
"3341","525","""2025-12-31""","Clothing","2010"
"3342","596","""2024-12-16""","Jewelry","3675"
"3343","682","""2026-05-05""","Grocery","4765"
"3344","379","""2025-03-10""","Home & Kitchen","4331"
"3345","119","""2025-02-08""","Electronics","13191"
"3346","21","""2025-01-27""","Clothing","29486"
"3347","348","""2024-12-29""","Toys","5247"
"3348","773","""2026-09-06""","Mobile Accessories","3532"
"3349","391","""2025-07-24""","Grocery","13605"
"3350","23","""2025-03-03""","Mobile Accessories","24226"
"3351","486","""2025-03-25""","Sports","8647"
"3352","330","""2026-04-10""","Books","8074"
"3353","259","""2025-12-10""","Mobile Accessories","3960"
"3354","328","""2026-04-07""","Sports","5798"
"3355","949","""2025-04-16""","Books","4810"
"3356","552","""2025-10-07""","Beauty","825"
"3357","704","""2026-08-21""","Electronics","2962"
"3358","90","""2025-03-13""","Toys","38674"
"3359","794","""2025-05-16""","Toys","1867"
"3360","355","""2024-10-12""","Books","14832"
"3361","412","""2026-09-10""","Electronics","13984"
"3362","676","""2024-10-24""","Sports","1268"
"3363","167","""2025-02-27""","Toys","31176"
"3364","202","""2025-01-22""","Clothing","5350"
"3365","601","""2024-11-10""","Grocery","3356"
"3366","23","""2024-09-26""","Mobile Accessories","28071"
"3367","132","""2026-02-10""","Electronics","10942"
"3368","111","""2025-12-29""","Clothing","7148"
"3369","109","""2026-02-27""","Books","16971"
"3370","779","""2025-01-27""","Home & Kitchen","3937"
"3371","353","""2025-03-21""","Home & Kitchen","4791"
"3372","510","""2024-11-21""","Beauty","820"
"3373","641","""2025-10-15""","Grocery","2790"
"3374","53","""2025-02-04""","Beauty","18893"
"3375","139","""2025-09-11""","Books","39689"
"3376","734","""2026-08-14""","Jewelry","4575"
"3377","330","""2024-12-11""","Clothing","14473"
"3378","391","""2025-01-18""","Mobile Accessories","10531"
"3379","375","""2026-03-16""","Electronics","4851"
"3380","296","""2025-04-18""","Grocery","11413"
"3381","536","""2026-03-11""","Clothing","2522"
"3382","134","""2025-03-08""","Clothing","32312"
"3383","433","""2025-05-12""","Jewelry","11769"
"3384","804","""2025-09-19""","Books","4525"
"3385","427","""2025-11-02""","Mobile Accessories","13712"
"3386","157","""2025-03-09""","Jewelry","4325"
"3387","832","""2025-06-29""","Books","2167"
"3388","192","""2025-01-22""","Home & Kitchen","37524"
"3389","173","""2024-10-06""","Grocery","18782"
"3390","521","""2025-01-08""","Sports","2037"
"3391","129","""2024-11-01""","Jewelry","30257"
"3392","309","""2026-08-23""","Electronics","6978"
"3393","123","""2026-05-06""","Beauty","10201"
"3394","103","""2026-04-07""","Toys","10195"
"3395","191","""2025-10-20""","Clothing","11661"
"3396","213","""2025-01-20""","Mobile Accessories","8760"
"3397","391","""2024-10-19""","Mobile Accessories","12248"
"3398","239","""2025-02-18""","Books","4200"
"3399","129","""2026-01-11""","Mobile Accessories","26609"
"3400","20","""2026-08-02""","Sports","32890"
"3401","480","""2024-11-23""","Sports","2966"
"3402","141","""2025-08-13""","Books","43717"
"3403","85","""2025-08-27""","Clothing","3848"
"3404","17","""2025-06-14""","Jewelry","39281"
"3405","237","""2025-03-17""","Toys","7433"
"3406","244","""2025-05-07""","Clothing","4354"
"3407","320","""2025-09-10""","Toys","8322"
"3408","169","""2024-10-13""","Home & Kitchen","22081"
"3409","695","""2025-03-05""","Sports","4614"
"3410","87","""2026-05-26""","Electronics","2968"
"3411","62","""2025-11-23""","Beauty","29821"
"3412","9","""2026-02-18""","Beauty","32129"
"3413","687","""2026-03-13""","Home & Kitchen","911"
"3414","399","""2026-08-14""","Toys","9714"
"3415","88","""2026-03-25""","Electronics","36028"
"3416","163","""2025-03-19""","Grocery","28089"
"3417","601","""2025-02-13""","Toys","1753"
"3418","183","""2026-03-09""","Jewelry","31852"
"3419","292","""2024-12-04""","Mobile Accessories","12708"
"3420","11","""2024-11-07""","Toys","45580"
"3421","226","""2024-12-19""","Toys","9646"
"3422","172","""2025-12-01""","Mobile Accessories","15318"
"3423","386","""2025-10-02""","Sports","11630"
"3424","36","""2026-09-23""","Home & Kitchen","43193"
"3425","249","""2025-09-22""","Beauty","7586"
"3426","350","""2024-11-30""","Books","8486"
"3427","68","""2025-05-16""","Sports","8977"
"3428","282","""2025-10-15""","Toys","3187"
"3429","300","""2024-12-10""","Jewelry","12655"
"3430","772","""2025-01-27""","Mobile Accessories","3655"
"3431","190","""2026-03-12""","Clothing","24269"
"3432","144","""2025-11-06""","Jewelry","9058"
"3433","346","""2025-10-23""","Clothing","8861"
"3434","894","""2025-04-18""","Jewelry","3988"
"3435","76","""2026-09-02""","Grocery","37630"
"3436","104","""2026-01-07""","Home & Kitchen","5899"
"3437","417","""2025-11-12""","Beauty","11084"
"3438","69","""2026-04-25""","Mobile Accessories","40899"
"3439","428","""2026-07-15""","Electronics","12659"
"3440","375","""2026-07-02""","Grocery","12072"
"3441","346","""2026-08-18""","Clothing","1266"
"3442","317","""2026-01-20""","Toys","6379"
"3443","873","""2025-08-25""","Grocery","1524"
"3444","744","""2025-05-15""","Jewelry","727"
"3445","616","""2025-05-08""","Home & Kitchen","4214"
"3446","2","""2026-06-07""","Sports","7741"
"3447","307","""2025-02-14""","Sports","8395"
"3448","138","""2025-12-17""","Electronics","30489"
"3449","85","""2025-09-14""","Grocery","2960"
"3450","171","""2025-07-17""","Mobile Accessories","24101"
"3451","26","""2025-05-21""","Clothing","37633"
"3452","169","""2026-05-20""","Jewelry","3954"
"3453","594","""2025-12-22""","Books","2304"
"3454","929","""2024-12-18""","Home & Kitchen","2510"
"3455","279","""2025-02-16""","Clothing","8115"
"3456","292","""2024-10-07""","Books","12694"
"3457","845","""2025-06-16""","Mobile Accessories","2149"
"3458","455","""2025-12-24""","Sports","11134"
"3459","375","""2025-01-30""","Clothing","7293"
"3460","359","""2026-06-26""","Mobile Accessories","10811"
"3461","162","""2026-02-13""","Jewelry","7191"
"3462","124","""2026-06-02""","Home & Kitchen","38370"
"3463","323","""2025-04-16""","Sports","6149"
"3464","132","""2025-07-27""","Grocery","40266"
"3465","379","""2025-06-05""","Clothing","13463"
"3466","468","""2024-10-29""","Beauty","8810"
"3467","132","""2025-08-04""","Mobile Accessories","35179"
"3468","617","""2026-05-04""","Home & Kitchen","4435"
"3469","291","""2024-12-23""","Sports","13213"
"3470","698","""2025-12-18""","Grocery","835"
"3471","215","""2026-09-22""","Grocery","330"
"3472","730","""2025-05-25""","Books","3690"
"3473","13","""2025-06-05""","Jewelry","15255"
"3474","16","""2025-08-20""","Home & Kitchen","7046"
"3475","392","""2025-12-08""","Mobile Accessories","14956"
"3476","107","""2026-05-04""","Mobile Accessories","16801"
"3477","50","""2025-10-02""","Toys","34718"
"3478","399","""2025-02-23""","Beauty","10865"
"3479","129","""2026-03-09""","Clothing","28614"
"3480","410","""2025-07-06""","Sports","1848"
"3481","316","""2025-03-01""","Sports","3916"
"3482","444","""2025-07-07""","Clothing","1658"
"3483","181","""2024-09-29""","Jewelry","44795"
"3484","362","""2026-03-14""","Toys","14865"
"3485","55","""2026-09-10""","Sports","42792"
"3486","604","""2025-10-08""","Mobile Accessories","2533"
"3487","426","""2025-03-04""","Beauty","10740"
"3488","324","""2025-07-09""","Mobile Accessories","3127"
"3489","730","""2026-07-20""","Toys","3151"
"3490","495","""2026-06-08""","Jewelry","8144"
"3491","233","""2026-02-16""","Books","7996"
"3492","250","""2025-05-08""","Home & Kitchen","8701"
"3493","57","""2026-03-21""","Jewelry","28357"
"3494","15","""2026-07-04""","Jewelry","17687"
"3495","681","""2025-03-07""","Books","1015"
"3496","493","""2025-05-04""","Home & Kitchen","9118"
"3497","179","""2024-12-18""","Grocery","19586"
"3498","285","""2025-06-08""","Mobile Accessories","11539"
"3499","402","""2024-10-02""","Clothing","1878"
"3500","14","""2026-07-02""","Electronics","5091"
"3501","3","""2025-04-05""","Beauty","33564"
"3502","152","""2025-04-08""","Toys","3222"
"3503","9","""2024-12-28""","Mobile Accessories","14296"
"3504","689","""2025-07-12""","Home & Kitchen","1333"
"3505","38","""2026-01-03""","Clothing","35211"
"3506","265","""2024-11-06""","Clothing","12321"
"3507","146","""2025-11-18""","Grocery","12038"
"3508","687","""2025-07-08""","Jewelry","2944"
"3509","288","""2024-10-29""","Books","11031"
"3510","15","""2025-01-03""","Books","16930"
"3511","31","""2026-03-06""","Jewelry","22243"
"3512","315","""2026-08-22""","Beauty","6484"
"3513","77","""2026-04-16""","Mobile Accessories","43413"
"3514","220","""2026-01-24""","Beauty","14316"
"3515","610","""2025-08-30""","Grocery","769"
"3516","248","""2025-07-17""","Electronics","6766"
"3517","486","""2025-08-14""","Toys","9125"
"3518","164","""2025-03-30""","Sports","20889"
"3519","210","""2026-06-17""","Mobile Accessories","933"
"3520","75","""2024-11-12""","Toys","40933"
"3521","711","""2025-02-28""","Jewelry","766"
"3522","419","""2024-10-09""","Books","5251"
"3523","377","""2025-08-20""","Toys","11229"
"3524","279","""2025-10-08""","Clothing","10657"
"3525","105","""2026-01-29""","Jewelry","44390"
"3526","15","""2026-05-16""","Jewelry","24303"
"3527","332","""2026-07-04""","Beauty","538"
"3528","90","""2026-01-13""","Jewelry","17127"
"3529","145","""2026-03-24""","Beauty","11701"
"3530","176","""2026-06-11""","Clothing","31158"
"3531","52","""2026-05-02""","Beauty","14931"
"3532","8","""2025-07-15""","Toys","4960"
"3533","487","""2026-06-01""","Mobile Accessories","4553"
"3534","495","""2026-06-13""","Jewelry","6594"
"3535","189","""2025-03-11""","Grocery","31490"
"3536","938","""2026-08-07""","Mobile Accessories","3477"
"3537","512","""2026-05-16""","Electronics","2137"
"3538","98","""2026-09-07""","Beauty","19973"
"3539","520","""2025-07-28""","Grocery","4053"
"3540","9","""2026-09-07""","Books","21916"
"3541","295","""2025-12-05""","Clothing","794"
"3542","223","""2025-04-02""","Beauty","12868"
"3543","95","""2026-03-24""","Home & Kitchen","20406"
"3544","165","""2026-01-12""","Home & Kitchen","36131"
"3545","169","""2025-03-11""","Sports","29143"
"3546","173","""2026-03-07""","Grocery","5513"
"3547","945","""2026-05-31""","Jewelry","3092"
"3548","374","""2024-10-12""","Sports","14081"
"3549","986","""2025-07-15""","Books","4454"
"3550","172","""2024-12-22""","Clothing","6980"
"3551","655","""2025-02-13""","Mobile Accessories","1880"
"3552","669","""2026-08-02""","Electronics","2713"
"3553","147","""2025-07-30""","Home & Kitchen","28701"
"3554","410","""2025-05-20""","Toys","3352"
"3555","114","""2025-09-24""","Jewelry","16688"
"3556","308","""2026-02-16""","Jewelry","9367"
"3557","152","""2025-06-08""","Clothing","25989"
"3558","3","""2025-02-14""","Beauty","30892"
"3559","447","""2025-06-10""","Clothing","13825"
"3560","711","""2025-12-13""","Electronics","4066"
"3561","61","""2025-05-08""","Electronics","25945"
"3562","268","""2025-07-11""","Electronics","599"
"3563","418","""2025-04-09""","Beauty","9413"
"3564","12","""2026-09-19""","Home & Kitchen","26032"
"3565","174","""2024-11-07""","Books","7868"
"3566","105","""2026-04-30""","Toys","19472"
"3567","169","""2025-02-06""","Electronics","9374"
"3568","495","""2025-08-17""","Clothing","6440"
"3569","321","""2025-10-09""","Sports","8459"
"3570","137","""2024-11-09""","Books","16486"
"3571","223","""2025-10-10""","Mobile Accessories","13560"
"3572","218","""2026-04-14""","Books","13934"
"3573","925","""2025-05-01""","Toys","3012"
"3574","870","""2025-09-19""","Sports","4882"
"3575","46","""2025-08-26""","Books","44369"
"3576","491","""2026-01-02""","Sports","8837"
"3577","373","""2025-08-02""","Electronics","2311"
"3578","691","""2025-08-31""","Clothing","3722"
"3579","14","""2024-11-24""","Clothing","10063"
"3580","39","""2025-07-30""","Toys","30061"
"3581","660","""2025-04-20""","Mobile Accessories","3254"
"3582","777","""2026-02-17""","Electronics","4460"
"3583","113","""2026-03-17""","Mobile Accessories","22909"
"3584","790","""2025-07-01""","Mobile Accessories","2224"
"3585","110","""2026-05-12""","Sports","32810"
"3586","502","""2024-09-25""","Grocery","1822"
"3587","198","""2025-08-10""","Jewelry","21872"
"3588","2","""2024-10-12""","Toys","39246"
"3589","6","""2025-12-30""","Electronics","32537"
"3590","110","""2024-12-13""","Toys","41316"
"3591","659","""2025-09-01""","Grocery","430"
"3592","239","""2025-06-19""","Mobile Accessories","9246"
"3593","478","""2025-03-14""","Beauty","3061"
"3594","996","""2025-03-12""","Electronics","4364"
"3595","121","""2026-06-25""","Sports","36062"
"3596","865","""2026-05-16""","Clothing","4027"
"3597","197","""2026-02-16""","Sports","25900"
"3598","6","""2025-08-23""","Sports","33534"
"3599","983","""2024-12-03""","Beauty","3554"
"3600","128","""2025-09-23""","Clothing","17382"
"3601","176","""2025-12-23""","Jewelry","15633"
"3602","664","""2026-05-26""","Grocery","4552"
"3603","482","""2026-05-27""","Sports","8980"
"3604","141","""2025-09-13""","Books","37900"
"3605","73","""2025-11-07""","Clothing","37396"
"3606","200","""2025-11-19""","Beauty","35901"
"3607","198","""2025-10-22""","Electronics","16028"
"3608","433","""2025-02-09""","Sports","4500"
"3609","567","""2025-03-05""","Sports","3051"
"3610","144","""2025-03-15""","Home & Kitchen","6403"
"3611","624","""2025-03-10""","Toys","3918"
"3612","274","""2026-03-05""","Grocery","7580"
"3613","381","""2025-08-03""","Electronics","921"
"3614","211","""2024-10-30""","Jewelry","503"
"3615","243","""2025-03-22""","Mobile Accessories","9182"
"3616","25","""2026-08-09""","Books","33888"
"3617","136","""2025-11-23""","Books","43272"
"3618","274","""2024-12-08""","Grocery","441"
"3619","419","""2026-03-28""","Mobile Accessories","12463"
"3620","82","""2026-09-01""","Home & Kitchen","12397"
"3621","237","""2025-09-10""","Sports","10279"
"3622","183","""2025-11-23""","Mobile Accessories","18932"
"3623","392","""2026-03-31""","Sports","851"
"3624","55","""2025-03-19""","Home & Kitchen","26004"
"3625","441","""2026-01-10""","Jewelry","6169"
"3626","111","""2026-06-04""","Electronics","12387"
"3627","913","""2025-07-06""","Toys","4893"
"3628","224","""2026-04-26""","Clothing","11190"
"3629","20","""2025-12-06""","Beauty","35628"
"3630","126","""2026-06-08""","Mobile Accessories","23495"
"3631","365","""2025-08-31""","Jewelry","3400"
"3632","422","""2025-01-28""","Electronics","457"
"3633","323","""2025-12-04""","Electronics","8740"
"3634","220","""2025-05-18""","Grocery","14162"
"3635","127","""2026-05-14""","Jewelry","19803"
"3636","477","""2026-07-01""","Beauty","2446"
"3637","934","""2026-08-28""","Grocery","4468"
"3638","419","""2026-04-29""","Toys","13951"
"3639","717","""2025-12-14""","Toys","4176"
"3640","936","""2025-02-09""","Sports","4174"
"3641","223","""2026-03-20""","Beauty","10184"
"3642","550","""2024-11-03""","Beauty","2953"
"3643","332","""2025-08-22""","Beauty","8454"
"3644","541","""2025-04-21""","Grocery","1841"
"3645","226","""2025-05-13""","Clothing","12366"
"3646","252","""2025-02-08""","Clothing","6645"
"3647","27","""2025-07-31""","Jewelry","33221"
"3648","853","""2025-07-07""","Toys","733"
"3649","659","""2024-11-11""","Sports","3400"
"3650","661","""2026-06-06""","Books","3492"
"3651","84","""2026-08-09""","Beauty","21639"
"3652","793","""2025-09-10""","Toys","4472"
"3653","405","""2025-01-19""","Jewelry","11197"
"3654","328","""2026-01-14""","Clothing","12912"
"3655","464","""2026-01-08""","Jewelry","8241"
"3656","8","""2025-05-01""","Sports","45760"
"3657","407","""2024-10-11""","Mobile Accessories","6638"
"3658","490","""2025-09-13""","Home & Kitchen","4382"
"3659","198","""2025-05-26""","Grocery","10802"
"3660","753","""2025-09-08""","Electronics","354"
"3661","448","""2026-05-08""","Mobile Accessories","7093"
"3662","112","""2025-12-19""","Grocery","2438"
"3663","167","""2026-04-29""","Mobile Accessories","26049"
"3664","133","""2025-07-03""","Mobile Accessories","14546"
"3665","118","""2025-09-14""","Jewelry","40799"
"3666","355","""2026-01-26""","Electronics","11567"
"3667","767","""2026-03-14""","Jewelry","2839"
"3668","532","""2025-05-07""","Sports","2385"
"3669","163","""2025-05-07""","Jewelry","21954"
"3670","47","""2026-01-22""","Books","40314"
"3671","433","""2025-07-06""","Sports","8630"
"3672","58","""2025-12-27""","Beauty","11786"
"3673","104","""2024-12-30""","Home & Kitchen","37451"
"3674","957","""2026-07-20""","Grocery","228"
"3675","529","""2025-07-31""","Mobile Accessories","4517"
"3676","38","""2026-04-12""","Grocery","40796"
"3677","497","""2026-01-18""","Sports","12479"
"3678","198","""2026-03-04""","Beauty","36900"
"3679","832","""2026-09-16""","Sports","2494"
"3680","63","""2025-01-24""","Books","4692"
"3681","86","""2026-04-01""","Home & Kitchen","29989"
"3682","153","""2025-03-17""","Toys","37965"
"3683","67","""2025-09-01""","Clothing","46714"
"3684","211","""2026-03-08""","Home & Kitchen","4246"
"3685","37","""2026-05-11""","Books","45727"
"3686","344","""2026-08-24""","Beauty","1177"
"3687","162","""2026-02-23""","Beauty","29645"
"3688","129","""2025-12-17""","Mobile Accessories","14739"
"3689","559","""2025-10-23""","Beauty","1929"
"3690","349","""2025-01-03""","Home & Kitchen","8781"
"3691","19","""2026-05-30""","Home & Kitchen","48789"
"3692","395","""2025-10-27""","Mobile Accessories","10594"
"3693","392","""2025-09-23""","Jewelry","2190"
"3694","607","""2025-12-09""","Electronics","1766"
"3695","715","""2026-01-15""","Sports","209"
"3696","321","""2025-08-02""","Books","4395"
"3697","344","""2026-06-02""","Mobile Accessories","14870"
"3698","333","""2026-02-27""","Mobile Accessories","9715"
"3699","511","""2026-01-23""","Sports","1633"
"3700","67","""2026-09-19""","Beauty","29803"
"3701","412","""2025-12-18""","Jewelry","8139"
"3702","220","""2025-07-13""","Books","2872"
"3703","401","""2026-04-05""","Electronics","11457"
"3704","12","""2025-07-26""","Home & Kitchen","7975"
"3705","163","""2025-07-29""","Electronics","15193"
"3706","968","""2024-09-30""","Beauty","304"
"3707","360","""2025-05-23""","Clothing","12415"
"3708","407","""2025-07-04""","Jewelry","4342"
"3709","257","""2026-06-03""","Clothing","12448"
"3710","92","""2026-01-13""","Mobile Accessories","33158"
"3711","310","""2024-11-14""","Books","12046"
"3712","729","""2025-12-21""","Clothing","4952"
"3713","433","""2025-06-21""","Clothing","2457"
"3714","136","""2026-01-22""","Grocery","14160"
"3715","90","""2024-12-12""","Mobile Accessories","17709"
"3716","987","""2025-11-16""","Clothing","2928"
"3717","179","""2026-04-07""","Clothing","25488"
"3718","109","""2025-10-11""","Clothing","3135"
"3719","188","""2024-12-15""","Jewelry","39644"
"3720","3","""2025-09-02""","Mobile Accessories","8955"
"3721","37","""2026-04-29""","Grocery","32293"
"3722","151","""2025-07-21""","Toys","7229"
"3723","438","""2025-09-21""","Electronics","3524"
"3724","594","""2025-04-03""","Sports","4054"
"3725","200","""2024-10-27""","Sports","38281"
"3726","150","""2025-03-21""","Jewelry","28242"
"3727","757","""2024-10-29""","Grocery","4510"
"3728","462","""2025-01-14""","Sports","2650"
"3729","613","""2025-11-24""","Jewelry","181"
"3730","153","""2025-05-31""","Electronics","34233"
"3731","572","""2025-06-12""","Grocery","1309"
"3732","95","""2026-06-24""","Grocery","17033"
"3733","858","""2025-04-08""","Clothing","2355"
"3734","395","""2025-11-13""","Grocery","533"
"3735","375","""2026-03-01""","Beauty","8168"
"3736","163","""2025-11-06""","Books","17067"
"3737","84","""2024-11-11""","Mobile Accessories","18344"
"3738","238","""2026-07-10""","Beauty","12416"
"3739","400","""2026-03-03""","Books","6052"
"3740","20","""2025-07-07""","Jewelry","49537"
"3741","165","""2026-05-14""","Grocery","24175"
"3742","760","""2025-05-30""","Home & Kitchen","3338"
"3743","949","""2026-07-09""","Grocery","4355"
"3744","76","""2025-06-19""","Grocery","46137"
"3745","124","""2025-02-25""","Mobile Accessories","5878"
"3746","64","""2026-09-11""","Electronics","29240"
"3747","178","""2026-01-21""","Books","20733"
"3748","479","""2024-09-28""","Jewelry","892"
"3749","11","""2025-10-04""","Jewelry","5414"
"3750","773","""2024-10-19""","Grocery","1394"
"3751","857","""2025-06-15""","Sports","4567"
"3752","345","""2026-04-10""","Books","6901"
"3753","909","""2026-01-08""","Books","3178"
"3754","417","""2026-06-17""","Home & Kitchen","12538"
"3755","939","""2025-08-24""","Beauty","314"
"3756","217","""2026-04-21""","Clothing","4605"
"3757","100","""2024-10-27""","Home & Kitchen","31836"
"3758","157","""2026-05-30""","Books","13625"
"3759","488","""2025-07-17""","Grocery","8085"
"3760","124","""2026-05-09""","Grocery","3898"
"3761","134","""2026-05-31""","Grocery","43263"
"3762","54","""2026-01-17""","Clothing","47960"
"3763","378","""2024-09-28""","Sports","8820"
"3764","489","""2025-02-25""","Books","7953"
"3765","369","""2026-01-20""","Toys","9235"
"3766","963","""2026-06-25""","Grocery","4936"
"3767","362","""2025-10-05""","Mobile Accessories","5345"
"3768","127","""2024-10-22""","Clothing","29898"
"3769","249","""2025-04-05""","Mobile Accessories","10216"
"3770","280","""2025-12-06""","Mobile Accessories","12666"
"3771","911","""2026-07-07""","Toys","4854"
"3772","657","""2025-08-15""","Home & Kitchen","4967"
"3773","253","""2026-02-05""","Books","3178"
"3774","788","""2026-06-18""","Home & Kitchen","4524"
"3775","329","""2026-01-11""","Jewelry","9530"
"3776","700","""2024-12-20""","Clothing","709"
"3777","749","""2026-01-31""","Toys","1416"
"3778","236","""2025-03-27""","Books","7062"
"3779","131","""2025-09-14""","Grocery","21963"
"3780","689","""2024-09-30""","Grocery","445"
"3781","7","""2025-06-15""","Toys","13750"
"3782","375","""2026-06-19""","Electronics","9253"
"3783","146","""2026-05-18""","Home & Kitchen","15464"
"3784","20","""2026-02-19""","Grocery","13543"
"3785","101","""2025-05-29""","Electronics","40266"
"3786","159","""2025-04-09""","Jewelry","3386"
"3787","319","""2026-09-12""","Grocery","12913"
"3788","78","""2025-02-08""","Beauty","26604"
"3789","63","""2026-01-03""","Mobile Accessories","7991"
"3790","353","""2025-03-19""","Grocery","10473"
"3791","496","""2024-12-27""","Jewelry","9005"
"3792","666","""2025-11-03""","Mobile Accessories","1110"
"3793","74","""2025-04-25""","Home & Kitchen","6590"
"3794","639","""2025-04-16""","Clothing","289"
"3795","127","""2024-11-06""","Grocery","14704"
"3796","228","""2025-08-21""","Sports","3678"
"3797","133","""2025-10-15""","Electronics","38929"
"3798","605","""2026-02-07""","Jewelry","940"
"3799","915","""2026-08-03""","Electronics","4721"
"3800","124","""2024-11-12""","Jewelry","35398"
"3801","124","""2025-03-06""","Sports","5045"
"3802","929","""2024-09-30""","Sports","3020"
"3803","941","""2025-02-03""","Electronics","859"
"3804","362","""2026-06-10""","Sports","7031"
"3805","282","""2026-04-03""","Books","9842"
"3806","843","""2024-11-07""","Jewelry","4998"
"3807","896","""2025-02-19""","Books","2510"
"3808","197","""2025-11-25""","Sports","9085"
"3809","404","""2026-05-31""","Grocery","4894"
"3810","58","""2026-04-13""","Jewelry","34736"
"3811","252","""2026-03-28""","Clothing","1944"
"3812","457","""2026-02-19""","Electronics","14493"
"3813","359","""2025-03-24""","Electronics","4271"
"3814","441","""2025-08-18""","Jewelry","12671"
"3815","61","""2025-04-04""","Grocery","3065"
"3816","75","""2025-01-12""","Home & Kitchen","44445"
"3817","994","""2026-05-03""","Grocery","469"
"3818","383","""2025-11-02""","Home & Kitchen","12772"
"3819","40","""2026-05-19""","Electronics","33884"
"3820","23","""2026-09-10""","Toys","11466"
"3821","166","""2025-07-09""","Sports","43177"
"3822","121","""2025-01-19""","Grocery","42916"
"3823","831","""2026-01-20""","Books","2990"
"3824","192","""2025-01-16""","Grocery","23857"
"3825","165","""2025-03-06""","Toys","15154"
"3826","340","""2026-06-16""","Toys","2501"
"3827","928","""2026-07-06""","Home & Kitchen","525"
"3828","185","""2025-12-08""","Mobile Accessories","11373"
"3829","32","""2026-05-23""","Electronics","5425"
"3830","42","""2024-10-19""","Mobile Accessories","22444"
"3831","647","""2025-10-26""","Books","2123"
"3832","149","""2025-04-09""","Jewelry","6518"
"3833","485","""2024-11-05""","Beauty","12370"
"3834","188","""2025-09-12""","Electronics","22437"
"3835","294","""2026-08-14""","Electronics","13134"
"3836","170","""2025-08-12""","Grocery","34847"
"3837","261","""2025-01-15""","Electronics","12055"
"3838","398","""2026-09-16""","Sports","14927"
"3839","477","""2026-08-20""","Beauty","12308"
"3840","91","""2025-04-22""","Electronics","2108"
"3841","206","""2026-03-21""","Jewelry","5465"
"3842","857","""2025-11-20""","Toys","1937"
"3843","498","""2026-01-19""","Grocery","1771"
"3844","383","""2026-03-15""","Grocery","1312"
"3845","21","""2026-03-28""","Sports","7701"
"3846","231","""2025-01-21""","Jewelry","6162"
"3847","441","""2025-09-17""","Toys","12932"
"3848","128","""2025-05-23""","Jewelry","24961"
"3849","2","""2025-09-07""","Mobile Accessories","24898"
"3850","464","""2025-12-22""","Home & Kitchen","7121"
"3851","154","""2026-04-24""","Home & Kitchen","6090"
"3852","712","""2026-06-04""","Toys","1248"
"3853","297","""2025-07-16""","Beauty","1710"
"3854","61","""2026-08-18""","Mobile Accessories","3300"
"3855","212","""2025-04-25""","Sports","11773"
"3856","441","""2025-06-15""","Toys","9448"
"3857","423","""2025-12-17""","Toys","6157"
"3858","154","""2025-12-10""","Sports","40212"
"3859","395","""2026-07-06""","Clothing","6850"
"3860","504","""2026-07-15""","Toys","920"
"3861","58","""2025-02-02""","Mobile Accessories","34610"
"3862","370","""2026-02-16""","Clothing","6858"
"3863","881","""2024-11-29""","Mobile Accessories","3455"
"3864","15","""2026-06-22""","Mobile Accessories","27494"
"3865","274","""2024-11-11""","Beauty","6757"
"3866","372","""2026-06-12""","Books","12500"
"3867","456","""2026-02-24""","Books","329"
"3868","196","""2025-06-14""","Mobile Accessories","34265"
"3869","31","""2025-08-13""","Beauty","7393"
"3870","119","""2025-05-02""","Books","31824"
"3871","701","""2026-05-17""","Sports","4251"
"3872","491","""2025-08-09""","Home & Kitchen","7525"
"3873","228","""2025-09-11""","Clothing","5343"
"3874","346","""2024-11-08""","Electronics","14582"
"3875","221","""2025-12-05""","Grocery","837"
"3876","211","""2025-08-01""","Home & Kitchen","5005"
"3877","172","""2026-02-05""","Beauty","35597"
"3878","198","""2024-12-03""","Grocery","38722"
"3879","660","""2025-08-15""","Mobile Accessories","2573"
"3880","30","""2024-11-04""","Books","6450"
"3881","290","""2025-07-02""","Beauty","9575"
"3882","430","""2025-01-24""","Electronics","10628"
"3883","42","""2025-05-01""","Beauty","22410"
"3884","68","""2026-07-21""","Home & Kitchen","29684"
"3885","472","""2024-11-13""","Beauty","7606"
"3886","374","""2025-06-20""","Books","11648"
"3887","123","""2025-01-31""","Clothing","26077"
"3888","34","""2025-09-27""","Grocery","20441"
"3889","156","""2026-02-03""","Clothing","15289"
"3890","173","""2025-01-21""","Electronics","18941"
"3891","859","""2024-12-31""","Clothing","4481"
"3892","446","""2025-01-13""","Books","1706"
"3893","344","""2025-02-16""","Clothing","5614"
"3894","522","""2025-12-30""","Grocery","3360"
"3895","917","""2026-09-17""","Books","1583"
"3896","710","""2025-01-09""","Beauty","175"
"3897","78","""2026-07-29""","Toys","37507"
"3898","958","""2025-04-26""","Beauty","1695"
"3899","413","""2026-05-30""","Toys","11114"
"3900","30","""2025-05-14""","Toys","24080"
"3901","669","""2025-01-20""","Toys","334"
"3902","72","""2025-06-19""","Books","10790"
"3903","464","""2025-12-04""","Beauty","2079"
"3904","179","""2025-04-26""","Home & Kitchen","22237"
"3905","823","""2024-11-05""","Beauty","2989"
"3906","167","""2024-10-24""","Grocery","20882"
"3907","167","""2026-06-24""","Beauty","16125"
"3908","242","""2025-07-01""","Toys","1030"
"3909","422","""2025-06-21""","Books","4098"
"3910","623","""2026-09-10""","Clothing","2237"
"3911","1","""2024-10-29""","Beauty","14937"
"3912","241","""2024-11-23""","Clothing","9740"
"3913","644","""2026-03-05""","Grocery","167"
"3914","719","""2025-08-05""","Toys","4401"
"3915","110","""2026-05-26""","Electronics","2507"
"3916","107","""2024-11-14""","Books","24187"
"3917","133","""2025-01-27""","Jewelry","29391"
"3918","486","""2025-09-14""","Home & Kitchen","3529"
"3919","37","""2025-08-12""","Books","33883"
"3920","285","""2025-07-16""","Grocery","2254"
"3921","136","""2025-04-04""","Jewelry","20296"
"3922","523","""2025-07-05""","Books","133"
"3923","138","""2026-05-16""","Books","14525"
"3924","475","""2024-10-28""","Books","6136"
"3925","512","""2026-06-17""","Toys","1359"
"3926","24","""2025-10-02""","Toys","27323"
"3927","407","""2026-04-04""","Clothing","13028"
"3928","76","""2026-02-13""","Clothing","21753"
"3929","173","""2025-12-02""","Home & Kitchen","3182"
"3930","131","""2025-05-22""","Sports","21532"
"3931","644","""2026-04-10""","Electronics","4430"
"3932","128","""2025-03-07""","Grocery","4971"
"3933","28","""2025-08-23""","Books","38510"
"3934","276","""2025-04-03""","Mobile Accessories","3323"
"3935","414","""2026-09-10""","Electronics","6633"
"3936","110","""2026-01-05""","Beauty","30394"
"3937","233","""2024-11-02""","Mobile Accessories","13676"
"3938","155","""2025-08-05""","Toys","3919"
"3939","11","""2026-03-20""","Books","14573"
"3940","560","""2025-02-21""","Grocery","3645"
"3941","16","""2026-04-18""","Toys","44562"
"3942","158","""2025-12-29""","Books","9157"
"3943","165","""2025-04-28""","Mobile Accessories","16564"
"3944","275","""2026-03-13""","Books","5789"
"3945","798","""2026-04-29""","Jewelry","3424"
"3946","17","""2025-09-04""","Clothing","36759"
"3947","106","""2025-04-20""","Sports","15403"
"3948","741","""2026-09-17""","Electronics","2275"
"3949","115","""2025-06-11""","Toys","5197"
"3950","636","""2026-03-25""","Toys","1137"
"3951","147","""2026-02-17""","Beauty","12051"
"3952","341","""2025-08-31""","Grocery","2990"
"3953","604","""2026-02-27""","Sports","1258"
"3954","10","""2026-01-05""","Toys","47772"
"3955","18","""2024-11-10""","Home & Kitchen","13742"
"3956","71","""2026-06-29""","Beauty","14638"
"3957","191","""2026-03-01""","Beauty","36033"
"3958","935","""2024-11-19""","Books","2960"
"3959","448","""2026-06-22""","Electronics","5411"
"3960","446","""2026-03-12""","Electronics","10746"
"3961","522","""2025-10-19""","Electronics","962"
"3962","419","""2026-08-28""","Toys","14161"
"3963","350","""2025-08-09""","Books","9353"
"3964","894","""2025-04-03""","Sports","3143"
"3965","178","""2025-02-28""","Grocery","32527"
"3966","760","""2024-10-07""","Beauty","4866"
"3967","476","""2025-07-30""","Clothing","12192"
"3968","210","""2026-03-09""","Jewelry","12859"
"3969","772","""2025-11-15""","Home & Kitchen","4575"
"3970","310","""2026-08-31""","Books","14085"
"3971","458","""2025-03-09""","Grocery","8015"
"3972","57","""2025-04-03""","Electronics","49773"
"3973","398","""2025-03-02""","Books","6764"
"3974","170","""2026-06-16""","Jewelry","3038"
"3975","574","""2025-12-08""","Sports","3135"
"3976","121","""2025-06-05""","Electronics","29260"
"3977","947","""2025-10-05""","Clothing","2716"
"3978","421","""2024-10-12""","Books","11546"
"3979","154","""2025-10-25""","Books","3410"
"3980","905","""2025-11-23""","Sports","943"
"3981","429","""2026-05-19""","Clothing","3695"
"3982","850","""2025-06-18""","Jewelry","1781"
"3983","22","""2024-11-30""","Toys","39856"
"3984","787","""2024-12-20""","Clothing","2109"
"3985","636","""2025-11-19""","Books","1778"
"3986","335","""2026-07-10""","Toys","4888"
"3987","186","""2025-12-25""","Mobile Accessories","13724"
"3988","169","""2025-12-05""","Jewelry","42647"
"3989","510","""2025-05-08""","Grocery","3939"
"3990","35","""2026-01-24""","Sports","46009"
"3991","113","""2025-09-08""","Clothing","32403"
"3992","224","""2026-01-02""","Jewelry","1842"
"3993","672","""2025-05-14""","Electronics","1717"
"3994","16","""2026-01-24""","Home & Kitchen","12062"
"3995","862","""2026-08-19""","Sports","3055"
"3996","94","""2025-03-31""","Mobile Accessories","41385"
"3997","184","""2025-07-14""","Mobile Accessories","8488"
"3998","483","""2025-10-06""","Beauty","13090"
"3999","616","""2025-11-21""","Mobile Accessories","2960"
"4000","974","""2026-09-07""","Clothing","2631"
"4001","502","""2025-12-07""","Beauty","460"
"4002","496","""2025-12-09""","Clothing","6840"
"4003","386","""2025-10-22""","Home & Kitchen","13855"
"4004","248","""2026-08-15""","Electronics","1729"
"4005","403","""2025-08-15""","Jewelry","14973"
"4006","8","""2025-03-04""","Clothing","25403"
"4007","664","""2024-10-24""","Toys","2796"
"4008","705","""2026-04-13""","Sports","1147"
"4009","615","""2025-05-20""","Sports","3493"
"4010","146","""2026-06-12""","Toys","23477"
"4011","803","""2026-08-13""","Grocery","1533"
"4012","706","""2025-07-16""","Grocery","464"
"4013","613","""2025-05-17""","Sports","4656"
"4014","605","""2025-06-27""","Electronics","3036"
"4015","354","""2026-09-07""","Sports","6471"
"4016","238","""2026-03-27""","Home & Kitchen","13772"
"4017","75","""2026-02-06""","Sports","31132"
"4018","236","""2026-06-17""","Electronics","1679"
"4019","150","""2026-04-07""","Electronics","27602"
"4020","323","""2026-04-15""","Grocery","10628"
"4021","234","""2025-12-23""","Toys","9298"
"4022","62","""2026-01-27""","Toys","4360"
"4023","809","""2026-04-18""","Books","1557"
"4024","177","""2026-05-09""","Beauty","11109"
"4025","174","""2025-05-03""","Clothing","15712"
"4026","318","""2025-04-28""","Sports","14527"
"4027","71","""2024-09-30""","Clothing","14537"
"4028","443","""2026-06-03""","Clothing","13459"
"4029","128","""2026-03-30""","Mobile Accessories","4975"
"4030","460","""2026-09-15""","Electronics","1871"
"4031","231","""2024-12-18""","Sports","9916"
"4032","73","""2025-04-14""","Toys","48783"
"4033","240","""2026-03-02""","Grocery","3053"
"4034","628","""2026-03-28""","Books","2409"
"4035","10","""2026-03-13""","Sports","10789"
"4036","904","""2024-11-29""","Clothing","3694"
"4037","949","""2024-11-26""","Home & Kitchen","3095"
"4038","176","""2025-01-11""","Sports","15987"
"4039","548","""2026-03-28""","Toys","949"
"4040","630","""2026-07-24""","Mobile Accessories","4324"
"4041","111","""2025-02-05""","Electronics","3830"
"4042","56","""2025-09-27""","Electronics","37936"
"4043","981","""2026-07-11""","Grocery","4913"
"4044","165","""2025-05-30""","Mobile Accessories","28461"
"4045","116","""2025-01-08""","Jewelry","8769"
"4046","656","""2026-07-24""","Sports","2084"
"4047","149","""2025-08-10""","Books","14651"
"4048","933","""2025-06-01""","Books","4430"
"4049","332","""2025-05-11""","Clothing","2591"
"4050","694","""2026-04-03""","Jewelry","1186"
"4051","112","""2025-02-07""","Home & Kitchen","8305"
"4052","840","""2026-09-07""","Sports","4052"
"4053","485","""2026-09-24""","Jewelry","6334"
"4054","423","""2025-07-31""","Clothing","7631"
"4055","234","""2025-07-28""","Books","3398"
"4056","682","""2025-03-07""","Books","4104"
"4057","59","""2025-11-16""","Home & Kitchen","34770"
"4058","25","""2025-10-26""","Home & Kitchen","46627"
"4059","399","""2024-10-29""","Jewelry","9063"
"4060","884","""2024-10-14""","Home & Kitchen","3441"
"4061","500","""2026-07-23""","Books","12876"
"4062","408","""2024-10-17""","Sports","6749"
"4063","227","""2026-01-19""","Sports","7972"
"4064","184","""2024-11-16""","Jewelry","34052"
"4065","185","""2025-03-21""","Jewelry","4109"
"4066","246","""2026-05-31""","Toys","3993"
"4067","45","""2025-07-06""","Toys","24326"
"4068","832","""2025-02-21""","Home & Kitchen","2858"
"4069","697","""2024-11-30""","Mobile Accessories","2629"
"4070","12","""2026-01-15""","Clothing","42253"
"4071","576","""2026-08-01""","Electronics","157"
"4072","185","""2026-04-09""","Clothing","29867"
"4073","557","""2025-07-16""","Sports","1304"
"4074","77","""2026-06-14""","Grocery","40211"
"4075","501","""2025-08-12""","Jewelry","626"
"4076","487","""2025-10-19""","Sports","14933"
"4077","728","""2025-12-27""","Electronics","3516"
"4078","818","""2026-08-24""","Jewelry","1696"
"4079","327","""2025-09-06""","Books","7083"
"4080","414","""2026-01-31""","Home & Kitchen","9395"
"4081","148","""2026-01-15""","Home & Kitchen","21017"
"4082","27","""2025-11-07""","Mobile Accessories","15704"
"4083","887","""2026-01-25""","Home & Kitchen","865"
"4084","154","""2025-02-03""","Books","3286"
"4085","161","""2025-07-26""","Clothing","39053"
"4086","39","""2024-11-30""","Books","5095"
"4087","732","""2026-06-17""","Grocery","1952"
"4088","282","""2025-07-11""","Electronics","9274"
"4089","341","""2024-11-21""","Beauty","7616"
"4090","434","""2024-11-15""","Books","13860"
"4091","252","""2025-07-05""","Books","13438"
"4092","205","""2024-10-14""","Electronics","12744"
"4093","882","""2026-07-20""","Beauty","1228"
"4094","66","""2026-04-05""","Clothing","43425"
"4095","389","""2026-01-11""","Beauty","3103"
"4096","129","""2025-02-13""","Beauty","25831"
"4097","943","""2025-11-06""","Electronics","2254"
"4098","857","""2024-12-05""","Books","1097"
"4099","63","""2025-08-28""","Toys","34802"
"4100","14","""2026-03-02""","Toys","12633"
"4101","386","""2026-05-24""","Jewelry","4119"
"4102","36","""2025-10-30""","Mobile Accessories","7951"
"4103","345","""2025-12-16""","Beauty","11650"
"4104","451","""2026-07-30""","Electronics","515"
"4105","241","""2026-01-21""","Jewelry","14383"
"4106","692","""2025-07-21""","Mobile Accessories","4819"
"4107","420","""2026-07-01""","Books","13007"
"4108","196","""2024-12-29""","Grocery","4682"
"4109","40","""2025-04-20""","Home & Kitchen","14107"
"4110","493","""2026-07-13""","Beauty","4974"
"4111","71","""2026-06-11""","Beauty","19276"
"4112","267","""2025-05-17""","Books","1681"
"4113","443","""2025-04-12""","Beauty","7377"
"4114","928","""2024-12-30""","Books","4473"
"4115","792","""2025-01-27""","Clothing","781"
"4116","240","""2025-04-05""","Mobile Accessories","3834"
"4117","693","""2024-09-27""","Books","1883"
"4118","219","""2026-08-26""","Sports","5451"
"4119","177","""2025-10-18""","Books","25794"
"4120","119","""2024-11-03""","Grocery","42080"
"4121","629","""2025-03-17""","Clothing","2814"
"4122","7","""2024-09-25""","Home & Kitchen","48410"
"4123","857","""2025-09-20""","Books","1824"
"4124","331","""2025-03-16""","Toys","1629"
"4125","607","""2026-08-13""","Mobile Accessories","2676"
"4126","66","""2025-05-21""","Clothing","47725"
"4127","98","""2026-04-09""","Electronics","40581"
"4128","48","""2025-02-07""","Grocery","19798"
"4129","463","""2025-11-02""","Mobile Accessories","2701"
"4130","842","""2024-10-18""","Mobile Accessories","3248"
"4131","476","""2025-06-06""","Toys","7550"
"4132","190","""2025-11-09""","Books","31452"
"4133","386","""2025-08-11""","Sports","8965"
"4134","316","""2025-01-10""","Toys","12797"
"4135","690","""2025-05-20""","Home & Kitchen","4903"
"4136","456","""2025-04-26""","Grocery","1070"
"4137","764","""2026-04-13""","Grocery","1057"
"4138","277","""2024-11-05""","Beauty","7738"
"4139","230","""2025-03-14""","Toys","11790"
"4140","18","""2026-08-22""","Mobile Accessories","20270"
"4141","311","""2025-01-02""","Electronics","10642"
"4142","308","""2024-10-10""","Sports","11082"
"4143","364","""2026-07-15""","Electronics","3289"
"4144","779","""2026-09-17""","Sports","3909"
"4145","7","""2025-11-21""","Grocery","17517"
"4146","426","""2026-07-29""","Grocery","5416"
"4147","195","""2024-10-11""","Electronics","3902"
"4148","453","""2026-05-29""","Grocery","9576"
"4149","141","""2026-04-22""","Grocery","6037"
"4150","248","""2026-06-10""","Clothing","12010"
"4151","127","""2025-09-23""","Mobile Accessories","24584"
"4152","154","""2025-11-06""","Clothing","20269"
"4153","127","""2024-12-13""","Beauty","12981"
"4154","2","""2025-04-09""","Jewelry","45660"
"4155","180","""2026-01-03""","Mobile Accessories","13595"
"4156","412","""2025-12-05""","Home & Kitchen","9452"
"4157","975","""2025-09-19""","Clothing","620"
"4158","551","""2026-01-03""","Books","1576"
"4159","849","""2024-11-25""","Beauty","2470"
"4160","819","""2026-09-20""","Mobile Accessories","1240"
"4161","841","""2024-09-27""","Toys","1676"
"4162","185","""2025-09-10""","Books","6035"
"4163","1000","""2025-06-07""","Books","3575"
"4164","102","""2024-12-14""","Home & Kitchen","6647"
"4165","6","""2026-06-18""","Mobile Accessories","3867"
"4166","407","""2026-08-28""","Jewelry","6591"
"4167","235","""2025-05-11""","Books","12466"
"4168","288","""2025-05-25""","Home & Kitchen","3117"
"4169","29","""2025-05-06""","Grocery","49010"
"4170","494","""2026-08-18""","Grocery","14934"
"4171","451","""2025-03-17""","Mobile Accessories","6897"
"4172","48","""2026-07-11""","Home & Kitchen","5145"
"4173","170","""2026-04-15""","Sports","26815"
"4174","477","""2025-03-19""","Mobile Accessories","357"
"4175","627","""2026-09-09""","Mobile Accessories","754"
"4176","396","""2026-03-24""","Toys","5841"
"4177","762","""2024-12-22""","Mobile Accessories","4921"
"4178","336","""2026-08-02""","Books","1899"
"4179","178","""2026-06-01""","Clothing","15321"
"4180","322","""2025-12-01""","Mobile Accessories","7760"
"4181","115","""2025-09-04""","Home & Kitchen","6403"
"4182","195","""2025-07-07""","Mobile Accessories","9820"
"4183","139","""2025-01-11""","Beauty","42238"
"4184","4","""2025-08-13""","Jewelry","21784"
"4185","17","""2025-10-15""","Beauty","28977"
"4186","353","""2025-02-18""","Mobile Accessories","12341"
"4187","225","""2026-01-21""","Sports","3444"
"4188","19","""2024-11-25""","Electronics","32376"
"4189","351","""2025-11-03""","Grocery","4793"
"4190","48","""2026-07-10""","Toys","21219"
"4191","334","""2026-03-20""","Books","3353"
"4192","376","""2025-07-12""","Books","3229"
"4193","65","""2025-09-07""","Beauty","21241"
"4194","142","""2025-12-09""","Grocery","40418"
"4195","412","""2025-08-26""","Toys","5188"
"4196","568","""2026-07-05""","Clothing","2099"
"4197","499","""2025-04-01""","Grocery","12495"
"4198","20","""2024-10-29""","Jewelry","36443"
"4199","544","""2026-03-13""","Beauty","4732"
"4200","265","""2025-06-12""","Toys","14003"
"4201","328","""2025-03-10""","Beauty","9069"
"4202","493","""2025-07-27""","Home & Kitchen","4780"
"4203","594","""2026-06-17""","Beauty","3396"
"4204","253","""2025-05-19""","Sports","5987"
"4205","82","""2026-07-01""","Home & Kitchen","49833"
"4206","496","""2025-04-30""","Clothing","697"
"4207","376","""2025-07-10""","Beauty","2132"
"4208","482","""2026-01-31""","Books","12098"
"4209","97","""2025-03-06""","Beauty","42882"
"4210","348","""2025-06-12""","Clothing","733"
"4211","79","""2025-04-27""","Books","5518"
"4212","288","""2025-03-06""","Mobile Accessories","2462"
"4213","9","""2025-12-20""","Toys","8484"
"4214","48","""2024-12-01""","Clothing","6588"
"4215","616","""2025-11-09""","Jewelry","2562"
"4216","123","""2026-03-25""","Beauty","3838"
"4217","179","""2025-09-14""","Clothing","7448"
"4218","90","""2026-03-23""","Mobile Accessories","11944"
"4219","174","""2025-10-02""","Mobile Accessories","8777"
"4220","480","""2026-09-06""","Electronics","7228"
"4221","594","""2026-04-16""","Grocery","498"
"4222","750","""2025-06-24""","Home & Kitchen","186"
"4223","402","""2025-02-24""","Mobile Accessories","8785"
"4224","277","""2025-03-02""","Clothing","12265"
"4225","58","""2025-12-09""","Sports","29353"
"4226","943","""2026-04-25""","Books","452"
"4227","319","""2024-10-22""","Clothing","7479"
"4228","84","""2025-11-07""","Sports","20978"
"4229","940","""2025-01-03""","Jewelry","2103"
"4230","60","""2025-11-21""","Beauty","48833"
"4231","59","""2026-09-18""","Clothing","21416"
"4232","149","""2026-02-25""","Clothing","3185"
"4233","480","""2026-06-07""","Grocery","9105"
"4234","370","""2026-02-18""","Sports","9970"
"4235","866","""2026-05-15""","Clothing","1424"
"4236","168","""2025-03-02""","Mobile Accessories","23027"
"4237","353","""2026-06-13""","Books","4410"
"4238","67","""2025-11-20""","Grocery","21958"
"4239","177","""2025-04-18""","Electronics","8492"
"4240","16","""2026-06-02""","Toys","23207"
"4241","283","""2024-12-12""","Grocery","7336"
"4242","105","""2025-11-21""","Beauty","9673"
"4243","131","""2025-09-10""","Mobile Accessories","20708"
"4244","349","""2024-11-12""","Clothing","7669"
"4245","296","""2024-12-19""","Electronics","5026"
"4246","934","""2025-12-20""","Toys","4005"
"4247","467","""2026-01-14""","Toys","13989"
"4248","658","""2025-04-23""","Sports","234"
"4249","493","""2026-02-20""","Home & Kitchen","7835"
"4250","735","""2025-09-08""","Jewelry","2743"
"4251","197","""2026-02-10""","Beauty","42993"
"4252","351","""2026-04-26""","Grocery","6083"
"4253","265","""2025-05-04""","Electronics","11763"
"4254","479","""2026-04-20""","Electronics","2606"
"4255","67","""2025-12-16""","Electronics","17758"
"4256","459","""2026-05-31""","Home & Kitchen","10992"
"4257","340","""2026-07-13""","Toys","14122"
"4258","454","""2024-10-10""","Clothing","3175"
"4259","980","""2024-12-24""","Sports","3983"
"4260","855","""2026-09-01""","Electronics","1344"
"4261","342","""2026-01-12""","Sports","13319"
"4262","602","""2025-05-09""","Sports","3133"
"4263","651","""2025-01-14""","Clothing","4420"
"4264","674","""2024-11-03""","Mobile Accessories","2084"
"4265","114","""2025-08-30""","Toys","34760"
"4266","30","""2025-06-16""","Grocery","28629"
"4267","141","""2025-02-12""","Mobile Accessories","2062"
"4268","625","""2025-08-03""","Sports","606"
"4269","257","""2025-10-22""","Beauty","3394"
"4270","33","""2024-10-07""","Home & Kitchen","26839"
"4271","133","""2025-11-14""","Clothing","10808"
"4272","23","""2026-01-19""","Books","18753"
"4273","82","""2026-04-23""","Grocery","16490"
"4274","526","""2026-07-05""","Sports","1852"
"4275","90","""2025-11-06""","Toys","41065"
"4276","25","""2026-08-14""","Mobile Accessories","48541"
"4277","933","""2026-05-26""","Mobile Accessories","2305"
"4278","771","""2024-11-27""","Jewelry","893"
"4279","390","""2024-10-14""","Home & Kitchen","13586"
"4280","330","""2026-01-12""","Clothing","13859"
"4281","83","""2025-05-21""","Sports","10587"
"4282","119","""2026-02-04""","Home & Kitchen","20088"
"4283","342","""2025-03-09""","Mobile Accessories","10596"
"4284","248","""2026-08-17""","Mobile Accessories","4562"
"4285","362","""2025-07-23""","Jewelry","11443"
"4286","632","""2025-01-16""","Grocery","4024"
"4287","184","""2026-05-24""","Books","39810"
"4288","896","""2025-04-01""","Beauty","2166"
"4289","156","""2025-05-14""","Sports","44763"
"4290","937","""2025-11-13""","Sports","3618"
"4291","459","""2025-10-02""","Sports","6936"
"4292","451","""2025-05-12""","Toys","11614"
"4293","34","""2026-09-16""","Beauty","40593"
"4294","193","""2025-08-09""","Sports","14744"
"4295","684","""2025-01-15""","Home & Kitchen","1811"
"4296","773","""2025-08-24""","Toys","1985"
"4297","330","""2025-03-19""","Electronics","13350"
"4298","125","""2025-08-16""","Books","38201"
"4299","146","""2024-12-26""","Beauty","15616"
"4300","573","""2025-02-10""","Clothing","2149"
"4301","338","""2025-01-13""","Toys","4378"
"4302","675","""2025-09-08""","Clothing","485"
"4303","391","""2026-09-14""","Clothing","5978"
"4304","720","""2026-05-06""","Mobile Accessories","489"
"4305","838","""2025-09-16""","Grocery","605"
"4306","13","""2026-09-22""","Toys","34879"
"4307","112","""2026-01-31""","Beauty","40503"
"4308","861","""2026-08-06""","Electronics","3923"
"4309","53","""2025-06-12""","Beauty","8325"
"4310","344","""2025-11-20""","Home & Kitchen","4884"
"4311","42","""2025-11-09""","Toys","11515"
"4312","673","""2026-09-16""","Mobile Accessories","1059"
"4313","115","""2025-12-15""","Sports","27991"
"4314","945","""2024-11-27""","Toys","773"
"4315","28","""2026-04-29""","Clothing","9861"
"4316","83","""2025-09-07""","Home & Kitchen","27929"
"4317","635","""2025-10-22""","Jewelry","696"
"4318","445","""2025-07-21""","Home & Kitchen","2976"
"4319","111","""2025-08-13""","Electronics","34052"
"4320","300","""2026-09-14""","Grocery","7648"
"4321","151","""2025-11-08""","Clothing","30369"
"4322","452","""2024-11-05""","Jewelry","10138"
"4323","102","""2026-04-09""","Toys","16275"
"4324","297","""2026-03-23""","Books","9942"
"4325","338","""2025-03-15""","Sports","3803"
"4326","877","""2026-08-04""","Mobile Accessories","2899"
"4327","132","""2025-03-16""","Toys","34700"
"4328","163","""2024-10-09""","Toys","9313"
"4329","350","""2025-06-26""","Grocery","8952"
"4330","423","""2026-08-06""","Clothing","14426"
"4331","117","""2026-03-25""","Home & Kitchen","3007"
"4332","2","""2025-03-27""","Electronics","18653"
"4333","267","""2025-11-27""","Grocery","13672"
"4334","515","""2025-11-20""","Jewelry","4581"
"4335","425","""2025-02-06""","Grocery","14022"
"4336","848","""2026-07-01""","Grocery","1602"
"4337","194","""2025-12-18""","Mobile Accessories","16853"
"4338","454","""2025-09-23""","Beauty","8224"
"4339","375","""2025-03-02""","Mobile Accessories","10653"
"4340","162","""2026-04-28""","Grocery","17591"
"4341","274","""2024-10-21""","Jewelry","418"
"4342","8","""2026-09-14""","Mobile Accessories","46058"
"4343","294","""2026-08-25""","Sports","4448"
"4344","11","""2025-06-22""","Clothing","12014"
"4345","401","""2026-03-08""","Sports","10657"
"4346","191","""2025-03-31""","Grocery","9550"
"4347","103","""2026-02-05""","Jewelry","26584"
"4348","42","""2025-01-08""","Home & Kitchen","27398"
"4349","129","""2024-12-11""","Toys","23645"
"4350","7","""2025-07-17""","Electronics","27409"
"4351","993","""2026-03-18""","Toys","1013"
"4352","64","""2025-05-15""","Toys","8603"
"4353","414","""2026-03-22""","Sports","13547"
"4354","363","""2026-01-29""","Jewelry","9180"
"4355","420","""2026-07-31""","Books","10707"
"4356","263","""2026-04-05""","Home & Kitchen","14159"
"4357","299","""2025-01-08""","Sports","11766"
"4358","391","""2026-09-19""","Jewelry","11054"
"4359","799","""2026-05-13""","Electronics","3568"
"4360","397","""2025-03-05""","Jewelry","10014"
"4361","79","""2026-02-08""","Clothing","48219"
"4362","787","""2026-08-27""","Jewelry","3301"
"4363","254","""2025-01-12""","Beauty","5889"
"4364","267","""2025-12-10""","Books","6509"
"4365","16","""2025-05-26""","Grocery","13425"
"4366","56","""2026-05-31""","Books","46813"
"4367","811","""2025-11-13""","Sports","3941"
"4368","196","""2026-02-09""","Jewelry","34976"
"4369","958","""2026-03-11""","Grocery","2287"
"4370","4","""2026-08-09""","Beauty","22102"
"4371","12","""2025-08-28""","Home & Kitchen","16955"
"4372","21","""2025-07-18""","Home & Kitchen","5579"
"4373","74","""2025-11-15""","Electronics","34812"
"4374","317","""2025-05-12""","Sports","6009"
"4375","177","""2025-08-31""","Mobile Accessories","29918"
"4376","419","""2025-03-04""","Grocery","3289"
"4377","356","""2025-12-20""","Jewelry","8953"
"4378","274","""2025-10-14""","Toys","11139"
"4379","78","""2026-01-19""","Electronics","8212"
"4380","832","""2025-05-02""","Jewelry","1171"
"4381","106","""2026-01-30""","Jewelry","30036"
"4382","201","""2024-10-18""","Jewelry","8337"
"4383","160","""2025-05-14""","Jewelry","29897"
"4384","151","""2025-03-21""","Jewelry","21454"
"4385","319","""2024-11-22""","Mobile Accessories","13459"
"4386","59","""2025-12-30""","Books","2776"
"4387","147","""2025-11-19""","Beauty","28525"
"4388","356","""2024-10-05""","Sports","12380"
"4389","626","""2026-03-11""","Beauty","2947"
"4390","533","""2026-08-22""","Beauty","3382"
"4391","483","""2024-11-03""","Grocery","379"
"4392","396","""2025-06-26""","Clothing","13745"
"4393","71","""2025-05-19""","Home & Kitchen","4697"
"4394","60","""2025-10-27""","Jewelry","20498"
"4395","385","""2024-11-28""","Mobile Accessories","9588"
"4396","434","""2026-01-21""","Beauty","13974"
"4397","466","""2025-05-30""","Jewelry","14727"
"4398","357","""2026-03-21""","Electronics","10054"
"4399","382","""2025-12-26""","Toys","6763"
"4400","221","""2024-11-20""","Books","10394"
"4401","956","""2024-11-25""","Mobile Accessories","3322"
"4402","471","""2026-08-14""","Mobile Accessories","10181"
"4403","499","""2026-07-14""","Jewelry","14534"
"4404","493","""2025-04-26""","Clothing","9810"
"4405","570","""2025-03-12""","Beauty","4841"
"4406","267","""2025-07-12""","Jewelry","10084"
"4407","3","""2025-04-16""","Jewelry","39114"
"4408","11","""2025-06-03""","Clothing","25840"
"4409","128","""2024-11-26""","Grocery","44094"
"4410","100","""2026-02-28""","Grocery","37301"
"4411","380","""2025-10-10""","Jewelry","1130"
"4412","98","""2026-04-09""","Jewelry","7521"
"4413","805","""2024-11-03""","Electronics","2770"
"4414","405","""2026-05-31""","Clothing","12545"
"4415","49","""2026-04-21""","Electronics","17206"
"4416","182","""2025-03-26""","Sports","34356"
"4417","343","""2026-06-08""","Toys","9334"
"4418","193","""2024-10-26""","Jewelry","2405"
"4419","511","""2024-12-25""","Home & Kitchen","150"
"4420","249","""2025-11-13""","Sports","5600"
"4421","243","""2025-10-22""","Grocery","7349"
"4422","182","""2025-05-13""","Grocery","24553"
"4423","10","""2024-12-26""","Toys","49122"
"4424","789","""2025-01-30""","Sports","1442"
"4425","996","""2025-09-26""","Jewelry","3379"
"4426","858","""2026-02-07""","Jewelry","981"
"4427","448","""2025-12-23""","Jewelry","7294"
"4428","82","""2025-12-16""","Books","4865"
"4429","135","""2025-04-02""","Sports","11485"
"4430","28","""2026-08-21""","Grocery","33071"
"4431","411","""2025-09-20""","Sports","11808"
"4432","216","""2025-08-06""","Mobile Accessories","6220"
"4433","368","""2024-10-24""","Sports","12612"
"4434","706","""2026-04-12""","Sports","1106"
"4435","83","""2024-12-21""","Home & Kitchen","30366"
"4436","438","""2025-05-28""","Home & Kitchen","11285"
"4437","479","""2025-01-04""","Home & Kitchen","1818"
"4438","427","""2025-06-15""","Sports","6081"
"4439","465","""2025-08-19""","Beauty","1411"
"4440","468","""2025-06-07""","Home & Kitchen","8667"
"4441","230","""2025-07-14""","Sports","5645"
"4442","509","""2026-06-02""","Beauty","1051"
"4443","863","""2026-08-13""","Jewelry","1218"
"4444","108","""2025-02-13""","Sports","34902"
"4445","613","""2024-10-03""","Books","1085"
"4446","934","""2025-07-31""","Jewelry","4040"
"4447","77","""2025-05-28""","Electronics","47748"
"4448","194","""2025-03-08""","Grocery","38610"
"4449","491","""2026-01-24""","Home & Kitchen","11762"
"4450","714","""2025-07-17""","Toys","958"
"4451","20","""2025-02-16""","Grocery","46637"
"4452","871","""2025-07-16""","Books","3349"
"4453","168","""2024-11-08""","Toys","42866"
"4454","487","""2025-12-28""","Electronics","6114"
"4455","312","""2025-05-03""","Jewelry","5391"
"4456","895","""2025-06-09""","Electronics","1622"
"4457","80","""2025-10-19""","Beauty","2748"
"4458","362","""2026-03-14""","Clothing","4017"
"4459","467","""2026-02-25""","Home & Kitchen","11351"
"4460","555","""2025-08-01""","Jewelry","1228"
"4461","407","""2026-05-02""","Grocery","2149"
"4462","75","""2026-04-24""","Home & Kitchen","28661"
"4463","79","""2025-04-20""","Electronics","33255"
"4464","444","""2026-09-20""","Grocery","6518"
"4465","623","""2025-12-08""","Home & Kitchen","3908"
"4466","15","""2026-06-20""","Clothing","19416"
"4467","383","""2025-05-03""","Jewelry","13122"
"4468","867","""2025-02-20""","Sports","4144"
"4469","270","""2026-04-07""","Sports","3499"
"4470","121","""2025-10-01""","Electronics","34492"
"4471","432","""2026-07-16""","Books","6520"
"4472","442","""2025-03-17""","Clothing","1269"
"4473","59","""2025-08-24""","Home & Kitchen","39470"
"4474","257","""2025-05-27""","Electronics","6054"
"4475","439","""2025-12-04""","Clothing","12188"
"4476","315","""2026-04-18""","Clothing","5210"
"4477","136","""2024-11-20""","Toys","33301"
"4478","400","""2026-05-15""","Clothing","10509"
"4479","576","""2026-03-15""","Beauty","2517"
"4480","5","""2025-09-15""","Grocery","10400"
"4481","223","""2026-03-02""","Grocery","11347"
"4482","9","""2026-03-07""","Grocery","40638"
"4483","725","""2025-04-12""","Home & Kitchen","3967"
"4484","495","""2026-03-11""","Sports","2777"
"4485","595","""2026-08-10""","Home & Kitchen","3393"
"4486","566","""2025-07-01""","Clothing","4382"
"4487","87","""2025-02-12""","Beauty","31420"
"4488","128","""2026-06-22""","Sports","31717"
"4489","403","""2026-09-17""","Beauty","418"
"4490","960","""2026-01-30""","Jewelry","2041"
"4491","824","""2025-09-05""","Jewelry","4375"
"4492","856","""2025-03-22""","Electronics","4179"
"4493","880","""2025-05-03""","Grocery","3134"
"4494","285","""2026-08-29""","Grocery","3300"
"4495","88","""2025-12-20""","Beauty","10581"
"4496","696","""2026-02-05""","Home & Kitchen","3439"
"4497","91","""2024-12-30""","Electronics","29559"
"4498","990","""2025-05-12""","Electronics","3882"
"4499","474","""2025-09-15""","Jewelry","13009"
"4500","328","""2026-05-19""","Mobile Accessories","6175"
"4501","34","""2025-06-11""","Beauty","24815"
"4502","559","""2025-10-27""","Jewelry","4588"
"4503","138","""2025-05-31""","Books","44867"
"4504","342","""2025-02-28""","Grocery","12631"
"4505","36","""2025-11-03""","Jewelry","16175"
"4506","415","""2026-05-04""","Sports","6367"
"4507","354","""2025-05-11""","Mobile Accessories","6681"
"4508","66","""2025-05-09""","Jewelry","12632"
"4509","421","""2026-02-24""","Jewelry","8740"
"4510","106","""2025-08-28""","Toys","28576"
"4511","21","""2025-11-18""","Sports","6614"
"4512","54","""2025-05-15""","Grocery","45888"
"4513","991","""2026-06-19""","Grocery","2484"
"4514","13","""2026-03-29""","Electronics","41868"
"4515","110","""2025-08-15""","Grocery","33955"
"4516","122","""2025-03-02""","Home & Kitchen","39936"
"4517","380","""2026-07-21""","Clothing","10724"
"4518","643","""2025-06-01""","Mobile Accessories","3689"
"4519","5","""2026-08-22""","Electronics","31516"
"4520","7","""2025-03-16""","Sports","19849"
"4521","737","""2025-09-07""","Home & Kitchen","2213"
"4522","42","""2026-04-22""","Sports","37328"
"4523","314","""2026-01-25""","Beauty","11818"
"4524","731","""2026-03-12""","Jewelry","1782"
"4525","702","""2025-10-23""","Clothing","4007"
"4526","157","""2025-01-25""","Clothing","22902"
"4527","74","""2026-01-29""","Jewelry","12594"
"4528","868","""2024-10-06""","Mobile Accessories","1132"
"4529","392","""2026-09-07""","Jewelry","8923"
"4530","571","""2024-11-17""","Beauty","286"
"4531","580","""2025-07-05""","Books","1934"
"4532","102","""2025-09-09""","Toys","8697"
"4533","60","""2026-04-12""","Beauty","18148"
"4534","419","""2025-12-20""","Mobile Accessories","1015"
"4535","84","""2025-05-31""","Toys","48756"
"4536","367","""2026-06-07""","Mobile Accessories","13069"
"4537","6","""2026-06-25""","Jewelry","24481"
"4538","56","""2026-03-20""","Electronics","7156"
"4539","76","""2025-02-18""","Toys","29786"
"4540","200","""2026-01-27""","Mobile Accessories","30652"
"4541","101","""2026-02-24""","Mobile Accessories","29466"
"4542","35","""2025-01-19""","Grocery","20023"
"4543","118","""2025-04-28""","Jewelry","33710"
"4544","58","""2025-04-04""","Home & Kitchen","37793"
"4545","704","""2025-04-08""","Toys","1218"
"4546","65","""2026-07-23""","Beauty","47198"
"4547","160","""2026-04-30""","Grocery","16453"
"4548","49","""2026-06-22""","Electronics","48717"
"4549","676","""2025-07-28""","Toys","1833"
"4550","628","""2024-11-10""","Grocery","3656"
"4551","578","""2026-08-09""","Books","2046"
"4552","505","""2024-12-02""","Grocery","3487"
"4553","950","""2025-02-08""","Beauty","3467"
"4554","94","""2024-11-03""","Mobile Accessories","10500"
"4555","249","""2024-10-08""","Books","7303"
"4556","281","""2026-01-10""","Home & Kitchen","4243"
"4557","94","""2024-12-20""","Beauty","30128"
"4558","46","""2026-07-03""","Beauty","6655"
"4559","248","""2026-01-29""","Grocery","8873"
"4560","63","""2025-01-27""","Home & Kitchen","20789"
"4561","260","""2025-10-03""","Books","9820"
"4562","237","""2026-03-03""","Home & Kitchen","13239"
"4563","301","""2025-09-29""","Jewelry","12526"
"4564","14","""2025-08-31""","Electronics","42260"
"4565","277","""2024-12-18""","Jewelry","1934"
"4566","60","""2026-05-24""","Toys","42549"
"4567","510","""2025-02-19""","Mobile Accessories","1465"
"4568","2","""2025-10-02""","Books","5760"
"4569","82","""2024-11-25""","Beauty","23619"
"4570","113","""2024-09-30""","Jewelry","10975"
"4571","838","""2024-11-25""","Jewelry","4090"
"4572","271","""2024-10-09""","Electronics","12564"
"4573","638","""2025-08-25""","Jewelry","1355"
"4574","75","""2025-05-29""","Electronics","41613"
"4575","121","""2025-11-03""","Jewelry","8946"
"4576","177","""2024-10-26""","Books","31176"
"4577","39","""2026-03-02""","Home & Kitchen","41961"
"4578","64","""2024-10-04""","Toys","26474"
"4579","378","""2025-03-26""","Mobile Accessories","13458"
"4580","411","""2025-04-15""","Sports","5973"
"4581","330","""2026-09-03""","Toys","1402"
"4582","117","""2026-01-22""","Home & Kitchen","41685"
"4583","90","""2025-10-18""","Jewelry","37341"
"4584","324","""2025-11-09""","Mobile Accessories","607"
"4585","603","""2025-04-30""","Toys","2390"
"4586","926","""2025-12-21""","Beauty","1892"
"4587","422","""2025-10-18""","Toys","3586"
"4588","292","""2026-01-02""","Beauty","3073"
"4589","312","""2024-11-15""","Toys","9833"
"4590","86","""2026-03-25""","Sports","25968"
"4591","796","""2026-01-30""","Toys","4850"
"4592","448","""2026-03-14""","Home & Kitchen","5758"
"4593","746","""2025-01-10""","Clothing","1975"
"4594","134","""2025-12-03""","Electronics","25040"
"4595","769","""2025-03-24""","Grocery","4171"
"4596","937","""2025-03-14""","Sports","658"
"4597","982","""2025-12-19""","Books","4480"
"4598","274","""2026-04-14""","Toys","1714"
"4599","194","""2025-09-07""","Jewelry","14951"
"4600","184","""2024-12-18""","Grocery","7588"
"4601","957","""2026-04-25""","Beauty","3931"
"4602","119","""2026-02-18""","Mobile Accessories","42151"
"4603","855","""2025-08-30""","Toys","3994"
"4604","136","""2025-06-18""","Beauty","26589"
"4605","323","""2026-08-13""","Books","3335"
"4606","46","""2025-06-04""","Jewelry","30528"
"4607","925","""2024-10-27""","Beauty","4917"
"4608","29","""2025-06-25""","Mobile Accessories","46930"
"4609","417","""2026-06-20""","Home & Kitchen","14636"
"4610","208","""2025-04-11""","Toys","5514"
"4611","139","""2025-04-07""","Clothing","34138"
"4612","72","""2026-07-24""","Clothing","22051"
"4613","425","""2026-04-30""","Toys","5591"
"4614","372","""2024-12-04""","Books","2318"
"4615","247","""2025-04-07""","Grocery","6320"
"4616","656","""2025-03-25""","Jewelry","795"
"4617","310","""2026-09-21""","Clothing","651"
"4618","114","""2025-09-07""","Sports","7662"
"4619","204","""2025-09-13""","Beauty","1552"
"4620","182","""2025-03-12""","Grocery","29721"
"4621","290","""2026-05-14""","Grocery","6291"
"4622","693","""2026-07-21""","Books","1061"
"4623","453","""2024-11-15""","Toys","13956"
"4624","907","""2026-02-17""","Toys","3682"
"4625","259","""2025-09-23""","Toys","11938"
"4626","339","""2025-08-21""","Electronics","10700"
"4627","924","""2024-11-30""","Home & Kitchen","2372"
"4628","692","""2025-03-01""","Books","2072"
"4629","441","""2025-03-26""","Home & Kitchen","13445"
"4630","95","""2025-06-15""","Clothing","20944"
"4631","496","""2025-01-27""","Beauty","7255"
"4632","417","""2026-08-15""","Sports","5879"
"4633","386","""2026-07-20""","Beauty","12792"
"4634","196","""2025-01-14""","Beauty","13404"
"4635","428","""2026-08-28""","Mobile Accessories","8469"
"4636","263","""2025-02-09""","Home & Kitchen","2142"
"4637","68","""2025-09-01""","Sports","17001"
"4638","107","""2025-10-16""","Grocery","21859"
"4639","183","""2026-04-24""","Toys","32860"
"4640","527","""2026-05-26""","Toys","3763"
"4641","178","""2026-04-21""","Mobile Accessories","25344"
"4642","616","""2024-12-27""","Books","3130"
"4643","461","""2024-11-21""","Electronics","14765"
"4644","142","""2025-09-28""","Toys","33668"
"4645","198","""2026-06-13""","Toys","23352"
"4646","40","""2026-03-10""","Sports","21001"
"4647","570","""2024-09-29""","Beauty","3771"
"4648","78","""2025-05-30""","Beauty","16316"
"4649","242","""2026-07-01""","Home & Kitchen","1118"
"4650","109","""2024-12-28""","Grocery","6138"
"4651","845","""2026-01-28""","Books","1732"
"4652","60","""2025-04-16""","Home & Kitchen","44141"
"4653","172","""2025-11-17""","Books","7812"
"4654","264","""2025-11-23""","Grocery","5395"
"4655","423","""2026-07-09""","Mobile Accessories","2954"
"4656","58","""2025-06-04""","Jewelry","18601"
"4657","415","""2025-07-08""","Home & Kitchen","8546"
"4658","43","""2024-11-23""","Grocery","13825"
"4659","749","""2025-01-18""","Jewelry","1520"
"4660","42","""2025-11-28""","Electronics","30709"
"4661","359","""2025-05-24""","Grocery","7256"
"4662","50","""2026-06-11""","Jewelry","34836"
"4663","342","""2025-03-07""","Toys","1944"
"4664","268","""2026-03-30""","Jewelry","466"
"4665","215","""2026-06-26""","Beauty","369"
"4666","80","""2024-10-27""","Beauty","10195"
"4667","812","""2026-08-02""","Mobile Accessories","4488"
"4668","159","""2025-01-01""","Sports","41070"
"4669","833","""2025-12-18""","Electronics","1736"
"4670","452","""2026-09-02""","Jewelry","11728"
"4671","67","""2026-03-06""","Jewelry","23095"
"4672","562","""2024-11-03""","Electronics","4019"
"4673","500","""2026-08-18""","Home & Kitchen","6742"
"4674","336","""2026-09-18""","Mobile Accessories","14241"
"4675","930","""2026-02-04""","Books","4792"
"4676","534","""2025-09-12""","Grocery","3983"
"4677","85","""2025-12-23""","Clothing","26353"
"4678","84","""2025-04-07""","Books","2110"
"4679","216","""2026-08-07""","Home & Kitchen","2085"
"4680","183","""2026-03-11""","Clothing","16078"
"4681","37","""2025-08-26""","Home & Kitchen","48599"
"4682","290","""2025-06-17""","Electronics","10777"
"4683","132","""2025-05-31""","Electronics","44246"
"4684","459","""2024-11-12""","Beauty","7521"
"4685","80","""2025-03-07""","Electronics","11247"
"4686","50","""2024-12-08""","Mobile Accessories","35787"
"4687","10","""2025-11-01""","Clothing","37975"
"4688","895","""2026-06-21""","Mobile Accessories","1578"
"4689","97","""2025-09-14""","Toys","4921"
"4690","78","""2025-08-11""","Grocery","11456"
"4691","170","""2024-10-01""","Home & Kitchen","2332"
"4692","494","""2026-01-11""","Clothing","11734"
"4693","137","""2025-02-25""","Jewelry","35149"
"4694","605","""2024-11-04""","Jewelry","2574"
"4695","979","""2024-10-10""","Beauty","3807"
"4696","458","""2026-05-01""","Mobile Accessories","7918"
"4697","142","""2025-11-12""","Electronics","9422"
"4698","393","""2025-04-18""","Home & Kitchen","5683"
"4699","469","""2026-07-15""","Toys","2616"
"4700","470","""2026-06-25""","Grocery","12578"
"4701","440","""2026-03-06""","Sports","4548"
"4702","57","""2026-01-19""","Clothing","22858"
"4703","319","""2024-10-24""","Grocery","11297"
"4704","184","""2025-09-15""","Home & Kitchen","10418"
"4705","475","""2026-08-18""","Mobile Accessories","12345"
"4706","362","""2024-12-15""","Books","10764"
"4707","333","""2026-07-11""","Grocery","6749"
"4708","846","""2026-03-20""","Clothing","618"
"4709","833","""2026-04-13""","Home & Kitchen","3982"
"4710","562","""2025-01-04""","Home & Kitchen","3503"
"4711","473","""2025-10-17""","Grocery","361"
"4712","744","""2025-10-14""","Sports","4867"
"4713","162","""2024-11-08""","Clothing","3916"
"4714","241","""2026-01-11""","Mobile Accessories","4526"
"4715","124","""2025-09-03""","Mobile Accessories","26040"
"4716","27","""2026-07-13""","Books","6376"
"4717","918","""2026-07-31""","Books","968"
"4718","382","""2026-05-19""","Toys","9554"
"4719","468","""2025-10-26""","Toys","11923"
"4720","973","""2025-02-12""","Grocery","2720"
"4721","257","""2025-06-25""","Beauty","10388"
"4722","526","""2025-11-25""","Toys","2494"
"4723","319","""2026-05-20""","Clothing","7193"
"4724","36","""2024-11-11""","Clothing","48319"
"4725","144","""2025-12-19""","Electronics","23823"
"4726","195","""2025-10-11""","Toys","35619"
"4727","154","""2026-01-13""","Electronics","18244"
"4728","448","""2026-02-25""","Beauty","8720"
"4729","925","""2025-08-23""","Home & Kitchen","3776"
"4730","832","""2026-01-27""","Mobile Accessories","3437"
"4731","159","""2024-11-27""","Sports","39137"
"4732","101","""2025-06-11""","Electronics","34965"
"4733","60","""2024-11-24""","Electronics","16007"
"4734","29","""2024-09-27""","Electronics","37179"
"4735","233","""2025-07-06""","Books","12326"
"4736","372","""2026-04-13""","Home & Kitchen","2487"
"4737","517","""2026-02-10""","Books","313"
"4738","37","""2025-04-18""","Electronics","39806"
"4739","75","""2025-11-30""","Electronics","27280"
"4740","321","""2024-11-24""","Clothing","2137"
"4741","32","""2024-10-08""","Beauty","36628"
"4742","208","""2026-05-05""","Sports","1365"
"4743","603","""2025-07-21""","Grocery","3542"
"4744","263","""2025-02-19""","Clothing","13545"
"4745","414","""2025-04-15""","Books","3623"
"4746","731","""2026-02-28""","Sports","4414"
"4747","55","""2025-06-03""","Clothing","41645"
"4748","686","""2025-05-08""","Grocery","2670"
"4749","87","""2024-11-14""","Mobile Accessories","43230"
"4750","241","""2025-02-24""","Jewelry","1962"
"4751","153","""2026-02-15""","Home & Kitchen","21174"
"4752","660","""2026-01-17""","Books","466"
"4753","195","""2025-01-06""","Mobile Accessories","38299"
"4754","479","""2025-01-30""","Grocery","10445"
"4755","726","""2026-09-23""","Home & Kitchen","4084"
"4756","51","""2026-08-14""","Mobile Accessories","22936"
"4757","486","""2026-08-24""","Toys","10176"
"4758","272","""2025-11-21""","Books","9499"
"4759","17","""2025-03-18""","Electronics","47725"
"4760","70","""2025-02-22""","Jewelry","14709"
"4761","199","""2025-09-02""","Mobile Accessories","34175"
"4762","312","""2025-11-04""","Books","3862"
"4763","192","""2025-06-21""","Electronics","4634"
"4764","494","""2026-01-17""","Sports","8197"
"4765","731","""2026-03-05""","Electronics","2396"
"4766","386","""2026-02-23""","Sports","5365"
"4767","328","""2026-02-22""","Sports","5559"
"4768","235","""2025-05-02""","Mobile Accessories","8740"
"4769","188","""2026-06-20""","Beauty","44515"
"4770","230","""2025-06-01""","Home & Kitchen","2683"
"4771","477","""2025-07-11""","Clothing","6471"
"4772","139","""2026-05-07""","Books","12281"
"4773","519","""2026-02-23""","Beauty","1598"
"4774","99","""2025-01-19""","Jewelry","43855"
"4775","427","""2025-06-24""","Home & Kitchen","13570"
"4776","413","""2024-10-07""","Books","13401"
"4777","324","""2026-06-23""","Mobile Accessories","12597"
"4778","310","""2025-05-14""","Books","5738"
"4779","186","""2026-02-07""","Jewelry","2886"
"4780","585","""2025-05-22""","Mobile Accessories","4560"
"4781","497","""2025-02-14""","Sports","10557"
"4782","731","""2026-06-01""","Home & Kitchen","3911"
"4783","181","""2026-04-02""","Toys","34600"
"4784","321","""2025-03-09""","Books","8723"
"4785","350","""2026-04-15""","Clothing","13917"
"4786","123","""2025-02-04""","Beauty","3542"
"4787","102","""2026-04-20""","Toys","31912"
"4788","283","""2026-03-29""","Grocery","7450"
"4789","456","""2025-04-08""","Grocery","10054"
"4790","512","""2024-12-26""","Grocery","2275"
"4791","133","""2025-06-28""","Beauty","30505"
"4792","225","""2025-05-16""","Toys","14024"
"4793","481","""2025-05-08""","Toys","4422"
"4794","985","""2025-04-28""","Books","2728"
"4795","53","""2026-01-20""","Mobile Accessories","16246"
"4796","337","""2025-09-28""","Grocery","3829"
"4797","167","""2025-04-26""","Grocery","22984"
"4798","501","""2026-08-16""","Toys","3003"
"4799","277","""2025-03-09""","Mobile Accessories","3262"
"4800","101","""2025-12-12""","Grocery","38382"
"4801","396","""2026-06-18""","Books","2726"
"4802","51","""2025-01-05""","Toys","44755"
"4803","263","""2026-04-20""","Beauty","971"
"4804","824","""2026-09-08""","Electronics","2523"
"4805","186","""2025-04-09""","Clothing","10095"
"4806","3","""2026-02-08""","Home & Kitchen","48688"
"4807","859","""2025-06-21""","Jewelry","1299"
"4808","148","""2025-12-05""","Clothing","12286"
"4809","165","""2026-04-12""","Electronics","5388"
"4810","422","""2026-06-18""","Home & Kitchen","2897"
"4811","398","""2025-11-14""","Home & Kitchen","8597"
"4812","246","""2026-05-14""","Clothing","6094"
"4813","903","""2025-08-22""","Home & Kitchen","4769"
"4814","552","""2025-11-30""","Mobile Accessories","3505"
"4815","229","""2026-05-14""","Sports","6411"
"4816","377","""2025-05-29""","Books","2344"
"4817","331","""2025-07-12""","Sports","2376"
"4818","219","""2025-06-23""","Sports","1596"
"4819","751","""2025-06-25""","Home & Kitchen","2605"
"4820","240","""2025-05-28""","Sports","13061"
"4821","126","""2026-06-19""","Books","29248"
"4822","713","""2024-10-08""","Grocery","2104"
"4823","815","""2024-10-06""","Toys","1671"
"4824","190","""2026-06-14""","Grocery","39832"
"4825","584","""2026-07-26""","Grocery","4413"
"4826","483","""2026-03-11""","Beauty","13399"
"4827","320","""2025-05-09""","Clothing","9534"
"4828","69","""2026-06-18""","Toys","3288"
"4829","966","""2026-08-26""","Mobile Accessories","4220"
"4830","474","""2025-08-26""","Jewelry","12846"
"4831","154","""2026-06-06""","Mobile Accessories","34242"
"4832","228","""2025-05-29""","Mobile Accessories","331"
"4833","912","""2025-03-20""","Sports","1137"
"4834","458","""2026-01-18""","Beauty","940"
"4835","96","""2026-08-02""","Mobile Accessories","11860"
"4836","668","""2025-10-20""","Books","1884"
"4837","436","""2025-01-28""","Home & Kitchen","1103"
"4838","413","""2024-11-29""","Beauty","9362"
"4839","148","""2025-09-16""","Grocery","36730"
"4840","41","""2025-07-13""","Beauty","40394"
"4841","266","""2025-03-26""","Beauty","12146"
"4842","928","""2025-09-09""","Beauty","222"
"4843","60","""2025-03-20""","Clothing","2050"
"4844","542","""2024-10-05""","Jewelry","2706"
"4845","347","""2026-03-31""","Grocery","4130"
"4846","395","""2025-04-21""","Home & Kitchen","8707"
"4847","500","""2025-05-01""","Sports","11046"
"4848","181","""2025-08-19""","Jewelry","12117"
"4849","18","""2026-08-03""","Toys","49732"
"4850","486","""2024-10-09""","Home & Kitchen","1942"
"4851","113","""2024-12-31""","Jewelry","11885"
"4852","86","""2026-03-02""","Electronics","22173"
"4853","707","""2026-08-03""","Beauty","3064"
"4854","778","""2026-09-16""","Electronics","834"
"4855","224","""2025-10-15""","Grocery","3723"
"4856","482","""2025-10-20""","Sports","12997"
"4857","202","""2025-02-25""","Jewelry","6253"
"4858","560","""2025-04-04""","Jewelry","2179"
"4859","196","""2025-10-15""","Beauty","32193"
"4860","446","""2024-12-22""","Books","1558"
"4861","156","""2025-05-07""","Jewelry","29656"
"4862","611","""2026-06-17""","Grocery","2048"
"4863","748","""2024-09-25""","Sports","1317"
"4864","93","""2025-01-26""","Grocery","36101"
"4865","714","""2026-07-02""","Home & Kitchen","3950"
"4866","235","""2026-04-30""","Electronics","9906"
"4867","33","""2025-09-08""","Jewelry","32060"
"4868","54","""2026-09-15""","Beauty","46785"
"4869","100","""2025-03-18""","Mobile Accessories","49708"
"4870","990","""2026-04-21""","Beauty","3608"
"4871","497","""2025-02-05""","Mobile Accessories","5360"
"4872","4","""2025-02-18""","Mobile Accessories","11083"
"4873","727","""2026-02-17""","Home & Kitchen","2732"
"4874","891","""2026-08-11""","Sports","441"
"4875","468","""2025-08-27""","Mobile Accessories","1632"
"4876","285","""2026-08-28""","Jewelry","1357"
"4877","884","""2025-01-22""","Beauty","4407"
"4878","655","""2024-10-20""","Beauty","3741"
"4879","978","""2025-11-24""","Home & Kitchen","2900"
"4880","45","""2026-08-26""","Electronics","24228"
"4881","65","""2025-06-08""","Toys","12692"
"4882","251","""2025-10-11""","Beauty","1502"
"4883","145","""2025-10-29""","Grocery","29787"
"4884","444","""2025-03-21""","Grocery","8804"
"4885","200","""2025-10-22""","Clothing","22441"
"4886","391","""2024-12-04""","Electronics","10360"
"4887","272","""2025-06-02""","Electronics","13162"
"4888","168","""2025-12-20""","Books","17188"
"4889","110","""2025-10-06""","Mobile Accessories","2687"
"4890","61","""2026-02-27""","Sports","31723"
"4891","192","""2025-05-26""","Toys","9692"
"4892","169","""2026-01-15""","Home & Kitchen","31705"
"4893","243","""2025-02-13""","Mobile Accessories","3863"
"4894","688","""2025-10-13""","Grocery","2449"
"4895","443","""2025-10-07""","Books","14025"
"4896","817","""2026-08-01""","Beauty","143"
"4897","253","""2026-07-05""","Sports","3085"
"4898","483","""2025-11-23""","Grocery","11650"
"4899","163","""2025-03-13""","Clothing","11209"
"4900","270","""2024-10-20""","Grocery","5378"
"4901","414","""2024-12-03""","Toys","2369"
"4902","71","""2026-07-26""","Beauty","20223"
"4903","399","""2026-03-21""","Books","14866"
"4904","32","""2024-09-27""","Home & Kitchen","4180"
"4905","273","""2024-10-02""","Jewelry","12308"
"4906","147","""2025-08-06""","Sports","19966"
"4907","258","""2024-12-15""","Mobile Accessories","5622"
"4908","550","""2025-07-22""","Mobile Accessories","2583"
"4909","6","""2025-10-08""","Grocery","9910"
"4910","885","""2025-10-29""","Clothing","751"
"4911","29","""2026-07-09""","Grocery","48402"
"4912","147","""2025-11-27""","Clothing","3605"
"4913","481","""2025-07-06""","Grocery","10395"
"4914","20","""2025-10-13""","Sports","31089"
"4915","142","""2025-08-09""","Home & Kitchen","26529"
"4916","204","""2024-10-18""","Clothing","2192"
"4917","265","""2026-06-05""","Electronics","5184"
"4918","415","""2024-10-26""","Toys","5861"
"4919","234","""2026-07-26""","Clothing","8060"
"4920","771","""2024-12-15""","Toys","3090"
"4921","67","""2026-02-26""","Electronics","31535"
"4922","953","""2025-10-21""","Grocery","4977"
"4923","272","""2026-08-02""","Home & Kitchen","6885"
"4924","923","""2025-01-21""","Jewelry","285"
"4925","28","""2025-10-25""","Mobile Accessories","8561"
"4926","266","""2025-11-15""","Electronics","11766"
"4927","403","""2025-06-02""","Books","6268"
"4928","126","""2026-05-24""","Home & Kitchen","4993"
"4929","326","""2026-06-20""","Clothing","10160"
"4930","161","""2026-05-24""","Sports","23293"
"4931","668","""2025-07-15""","Home & Kitchen","2326"
"4932","82","""2026-04-01""","Mobile Accessories","14455"
"4933","562","""2025-12-26""","Clothing","4022"
"4934","124","""2025-09-23""","Home & Kitchen","43132"
"4935","336","""2025-06-06""","Toys","10229"
"4936","895","""2025-02-24""","Electronics","670"
"4937","834","""2024-12-13""","Toys","4983"
"4938","245","""2026-08-29""","Toys","10611"
"4939","309","""2025-11-19""","Mobile Accessories","3595"
"4940","409","""2025-12-04""","Electronics","13231"
"4941","183","""2024-12-14""","Toys","29319"
"4942","781","""2026-03-28""","Clothing","2953"
"4943","156","""2025-11-13""","Beauty","44473"
"4944","357","""2026-01-24""","Beauty","3540"
"4945","782","""2026-08-29""","Toys","1094"
"4946","922","""2025-12-02""","Books","4997"
"4947","499","""2026-08-24""","Grocery","5059"
"4948","265","""2026-01-15""","Mobile Accessories","2951"
"4949","358","""2025-07-29""","Books","3372"
"4950","965","""2024-12-13""","Beauty","1325"
"4951","457","""2026-03-17""","Sports","14162"
"4952","265","""2025-08-28""","Home & Kitchen","9747"
"4953","495","""2024-11-10""","Mobile Accessories","12057"
"4954","127","""2025-08-21""","Mobile Accessories","5982"
"4955","117","""2025-05-04""","Mobile Accessories","5576"
"4956","686","""2025-04-19""","Mobile Accessories","3305"
"4957","87","""2025-11-29""","Jewelry","13003"
"4958","281","""2024-10-31""","Sports","1278"
"4959","395","""2026-05-17""","Mobile Accessories","5178"
"4960","933","""2026-05-21""","Jewelry","4021"
"4961","59","""2026-04-23""","Sports","21372"
"4962","60","""2024-11-25""","Books","24117"
"4963","389","""2025-08-17""","Electronics","8887"
"4964","204","""2025-02-23""","Grocery","9647"
"4965","287","""2025-01-13""","Mobile Accessories","14712"
"4966","235","""2025-01-16""","Electronics","9718"
"4967","871","""2024-11-01""","Toys","3269"
"4968","50","""2025-04-10""","Toys","11699"
"4969","235","""2026-07-15""","Beauty","6306"
"4970","195","""2025-04-21""","Electronics","29273"
"4971","34","""2024-10-05""","Mobile Accessories","40670"
"4972","484","""2024-11-21""","Sports","14006"
"4973","246","""2025-05-27""","Grocery","11899"
"4974","133","""2026-04-24""","Grocery","24497"
"4975","595","""2025-02-25""","Grocery","1812"
"4976","188","""2026-03-09""","Sports","15359"
"4977","152","""2024-10-28""","Home & Kitchen","4217"
"4978","110","""2025-08-31""","Beauty","44950"
"4979","348","""2025-10-16""","Toys","13050"
"4980","362","""2025-09-30""","Mobile Accessories","3718"
"4981","287","""2026-04-30""","Home & Kitchen","6836"
"4982","732","""2026-08-25""","Electronics","1727"
"4983","36","""2026-03-22""","Electronics","5352"
"4984","48","""2025-02-04""","Toys","5774"
"4985","458","""2026-07-21""","Clothing","7246"
"4986","607","""2026-05-19""","Mobile Accessories","3737"
"4987","798","""2025-04-27""","Toys","1940"
"4988","985","""2025-11-05""","Jewelry","3300"
"4989","96","""2025-10-24""","Sports","4483"
"4990","274","""2025-01-10""","Clothing","8926"
"4991","3","""2026-07-14""","Clothing","8101"
"4992","726","""2026-08-28""","Toys","2047"
"4993","239","""2025-07-12""","Books","10230"
"4994","266","""2025-03-01""","Mobile Accessories","11583"
"4995","131","""2026-03-08""","Home & Kitchen","25010"
"4996","74","""2025-05-26""","Toys","48422"
"4997","33","""2026-07-27""","Sports","34557"
"4998","497","""2026-06-21""","Beauty","3920"
"4999","192","""2024-11-27""","Home & Kitchen","12602"
"5000","427","""2026-06-04""","Beauty","6363"
"5001","55","""2026-09-13""","Books","21504"
"5002","115","""2026-04-18""","Toys","6923"
"5003","866","""2026-03-09""","Grocery","2609"
"5004","254","""2025-08-28""","Beauty","2205"
"5005","173","""2026-01-14""","Beauty","8541"
"5006","386","""2025-08-18""","Electronics","7751"
"5007","81","""2026-06-15""","Mobile Accessories","44223"
"5008","457","""2026-02-14""","Electronics","14178"
"5009","477","""2024-09-28""","Clothing","10246"
"5010","530","""2025-07-23""","Electronics","849"
"5011","231","""2025-05-09""","Home & Kitchen","9331"
"5012","342","""2025-06-03""","Books","1208"
"5013","173","""2024-12-15""","Clothing","25184"
"5014","249","""2026-02-10""","Jewelry","11056"
"5015","40","""2025-07-22""","Jewelry","47248"
"5016","831","""2025-08-31""","Home & Kitchen","3239"
"5017","300","""2026-01-14""","Toys","3385"
"5018","21","""2025-08-30""","Sports","22696"
"5019","44","""2026-03-14""","Toys","40168"
"5020","282","""2025-06-21""","Jewelry","948"
"5021","371","""2024-12-01""","Electronics","12175"
"5022","278","""2026-07-10""","Books","6030"
"5023","9","""2025-12-03""","Clothing","40815"
"5024","405","""2024-12-10""","Toys","6235"
"5025","408","""2026-05-24""","Grocery","8417"
"5026","13","""2025-01-09""","Home & Kitchen","36490"
"5027","428","""2026-04-28""","Toys","8844"
"5028","200","""2025-04-23""","Home & Kitchen","38653"
"5029","889","""2025-06-29""","Jewelry","3061"
"5030","959","""2026-04-20""","Clothing","3683"
"5031","157","""2025-09-22""","Home & Kitchen","28444"
"5032","919","""2025-06-12""","Electronics","2150"
"5033","189","""2025-12-16""","Books","14799"
"5034","271","""2025-09-05""","Electronics","2218"
"5035","415","""2024-12-16""","Sports","2076"
"5036","303","""2025-03-25""","Clothing","3235"
"5037","299","""2025-08-28""","Toys","10762"
"5038","16","""2026-08-10""","Grocery","16835"
"5039","483","""2026-03-04""","Jewelry","10108"
"5040","339","""2026-05-21""","Books","2575"
"5041","486","""2025-04-06""","Electronics","11521"
"5042","980","""2026-02-09""","Electronics","3402"
"5043","56","""2025-02-03""","Beauty","49267"
"5044","450","""2026-03-18""","Clothing","6638"
"5045","21","""2025-06-06""","Jewelry","31548"
"5046","906","""2024-10-18""","Clothing","4156"
"5047","47","""2024-12-17""","Mobile Accessories","10327"
"5048","236","""2024-12-24""","Sports","14899"
"5049","846","""2025-07-04""","Electronics","3627"
"5050","318","""2025-01-03""","Toys","14578"
"5051","858","""2026-01-18""","Jewelry","2555"
"5052","8","""2025-07-26""","Clothing","41115"
"5053","52","""2025-06-05""","Home & Kitchen","37308"
"5054","38","""2025-12-23""","Toys","46186"
"5055","296","""2026-05-24""","Sports","8782"
"5056","973","""2025-07-28""","Books","1089"
"5057","65","""2025-02-06""","Electronics","45336"
"5058","473","""2025-09-02""","Beauty","2540"
"5059","504","""2025-06-29""","Beauty","2137"
"5060","247","""2026-08-09""","Home & Kitchen","10654"
"5061","15","""2026-09-09""","Beauty","48339"
"5062","358","""2026-04-02""","Grocery","2639"
"5063","109","""2026-03-30""","Grocery","8582"
"5064","839","""2024-11-29""","Mobile Accessories","4929"
"5065","463","""2025-01-28""","Beauty","3341"
"5066","499","""2026-06-21""","Jewelry","1778"
"5067","397","""2025-11-30""","Sports","1626"
"5068","702","""2025-08-16""","Grocery","4366"
"5069","918","""2026-04-01""","Grocery","1541"
"5070","941","""2025-03-02""","Sports","1685"
"5071","926","""2025-09-29""","Books","4943"
"5072","47","""2026-05-13""","Toys","5605"
"5073","631","""2026-07-10""","Sports","1817"
"5074","145","""2025-06-23""","Beauty","26834"
"5075","36","""2026-08-09""","Sports","43994"
"5076","182","""2025-02-04""","Clothing","42861"
"5077","31","""2024-11-20""","Grocery","37871"
"5078","33","""2025-12-03""","Sports","27049"
"5079","258","""2026-04-18""","Grocery","838"
"5080","193","""2026-06-11""","Books","26700"
"5081","222","""2025-12-03""","Jewelry","2521"
"5082","223","""2025-11-13""","Electronics","815"
"5083","861","""2025-04-14""","Books","2926"
"5084","307","""2024-10-20""","Beauty","7097"
"5085","581","""2026-03-26""","Sports","3598"
"5086","505","""2025-08-24""","Mobile Accessories","3089"
"5087","34","""2024-12-29""","Books","5826"
"5088","261","""2026-05-15""","Mobile Accessories","13901"
"5089","543","""2026-08-20""","Grocery","1249"
"5090","118","""2025-06-07""","Grocery","5193"
"5091","502","""2025-03-10""","Mobile Accessories","3535"
"5092","353","""2025-09-25""","Electronics","4285"
"5093","182","""2025-05-15""","Sports","25775"
"5094","79","""2026-04-01""","Electronics","9201"
"5095","218","""2026-01-20""","Beauty","10725"
"5096","461","""2024-10-21""","Sports","14593"
"5097","248","""2025-05-02""","Home & Kitchen","9451"
"5098","962","""2025-11-18""","Jewelry","3886"
"5099","21","""2026-02-05""","Toys","20533"
"5100","578","""2026-03-04""","Electronics","3441"
"5101","22","""2026-01-28""","Mobile Accessories","14333"
"5102","164","""2025-09-14""","Clothing","27635"
"5103","513","""2026-03-03""","Mobile Accessories","456"
"5104","213","""2026-09-09""","Sports","2706"
"5105","100","""2026-02-20""","Grocery","11138"
"5106","142","""2025-06-17""","Grocery","36078"
"5107","20","""2025-07-05""","Beauty","38811"
"5108","7","""2026-03-17""","Beauty","37269"
"5109","369","""2025-12-13""","Home & Kitchen","3628"
"5110","116","""2024-11-16""","Grocery","21139"
"5111","35","""2025-11-26""","Beauty","18831"
"5112","694","""2025-12-20""","Books","401"
"5113","150","""2024-10-22""","Sports","16273"
"5114","114","""2025-03-22""","Beauty","6433"
"5115","797","""2024-10-13""","Sports","1068"
"5116","171","""2025-10-13""","Clothing","28582"
"5117","145","""2026-04-25""","Jewelry","13258"
"5118","39","""2025-10-29""","Books","17263"
"5119","279","""2026-07-30""","Electronics","11317"
"5120","139","""2025-10-10""","Grocery","42057"
"5121","648","""2024-11-30""","Books","3321"
"5122","21","""2026-08-08""","Sports","48386"
"5123","629","""2024-12-31""","Sports","1672"
"5124","65","""2026-06-26""","Sports","4582"
"5125","392","""2025-07-28""","Jewelry","14261"
"5126","308","""2025-08-18""","Clothing","10636"
"5127","295","""2025-03-31""","Clothing","10418"
"5128","433","""2024-10-24""","Home & Kitchen","11634"
"5129","73","""2025-08-02""","Electronics","18301"
"5130","241","""2026-05-18""","Home & Kitchen","5707"
"5131","589","""2025-09-30""","Mobile Accessories","643"
"5132","215","""2025-11-06""","Jewelry","1052"
"5133","807","""2025-10-20""","Home & Kitchen","4217"
"5134","599","""2025-04-19""","Jewelry","2166"
"5135","387","""2025-10-07""","Sports","755"
"5136","583","""2026-03-19""","Home & Kitchen","1110"
"5137","26","""2025-11-13""","Beauty","36489"
"5138","145","""2026-01-28""","Beauty","16389"
"5139","102","""2026-05-09""","Jewelry","32153"
"5140","365","""2026-02-06""","Grocery","6077"
"5141","288","""2026-08-04""","Grocery","7387"
"5142","32","""2024-12-31""","Sports","23572"
"5143","364","""2025-11-20""","Jewelry","2285"
"5144","294","""2025-10-02""","Mobile Accessories","9954"
"5145","219","""2026-05-18""","Mobile Accessories","8948"
"5146","573","""2026-06-09""","Beauty","1774"
"5147","134","""2026-04-26""","Electronics","40438"
"5148","487","""2026-03-31""","Clothing","13203"
"5149","194","""2025-12-26""","Clothing","4206"
"5150","479","""2025-05-03""","Sports","2014"
"5151","460","""2025-09-30""","Home & Kitchen","11327"
"5152","478","""2026-03-22""","Clothing","11703"
"5153","195","""2025-12-28""","Beauty","37691"
"5154","394","""2025-06-26""","Books","11402"
"5155","245","""2026-07-16""","Books","4751"
"5156","156","""2026-05-27""","Clothing","25538"
"5157","401","""2025-02-18""","Jewelry","3584"
"5158","192","""2025-07-14""","Electronics","18603"
"5159","288","""2025-08-29""","Electronics","3837"
"5160","101","""2026-05-21""","Toys","43541"
"5161","89","""2024-10-09""","Electronics","9627"
"5162","224","""2025-06-28""","Toys","3762"
"5163","422","""2025-09-24""","Jewelry","12399"
"5164","431","""2025-09-17""","Books","12846"
"5165","208","""2025-11-09""","Electronics","7148"
"5166","733","""2025-11-18""","Grocery","4164"
"5167","158","""2025-06-11""","Grocery","6007"
"5168","200","""2025-02-20""","Jewelry","35541"
"5169","642","""2026-05-20""","Sports","3057"
"5170","752","""2024-12-30""","Toys","4120"
"5171","437","""2025-01-12""","Mobile Accessories","9317"
"5172","386","""2024-10-29""","Mobile Accessories","14666"
"5173","828","""2026-03-21""","Mobile Accessories","3300"
"5174","81","""2026-04-30""","Mobile Accessories","12252"
"5175","675","""2025-02-22""","Sports","265"
"5176","234","""2025-12-31""","Sports","11192"
"5177","442","""2026-07-18""","Mobile Accessories","10213"
"5178","208","""2025-06-07""","Books","5260"
"5179","775","""2026-03-19""","Electronics","4162"
"5180","867","""2025-07-17""","Home & Kitchen","4929"
"5181","158","""2025-07-26""","Grocery","22646"
"5182","835","""2026-02-27""","Home & Kitchen","2944"
"5183","121","""2025-12-31""","Home & Kitchen","14043"
"5184","810","""2025-04-22""","Toys","4294"
"5185","618","""2026-07-17""","Books","3714"
"5186","101","""2025-08-20""","Beauty","26421"
"5187","144","""2024-10-16""","Jewelry","34049"
"5188","170","""2024-11-23""","Electronics","21994"
"5189","44","""2026-03-13""","Toys","41181"
"5190","10","""2026-02-01""","Home & Kitchen","35956"
"5191","4","""2025-11-16""","Books","39693"
"5192","273","""2025-09-25""","Mobile Accessories","3371"
"5193","96","""2026-01-20""","Mobile Accessories","24797"
"5194","564","""2026-02-07""","Jewelry","2487"
"5195","405","""2025-11-02""","Mobile Accessories","927"
"5196","101","""2024-12-01""","Grocery","27294"
"5197","450","""2025-04-26""","Toys","11131"
"5198","302","""2026-05-05""","Electronics","6233"
"5199","188","""2025-03-16""","Mobile Accessories","20866"
"5200","72","""2025-06-09""","Toys","21566"
"5201","178","""2025-12-17""","Grocery","34606"
"5202","78","""2025-02-02""","Beauty","32164"
"5203","334","""2025-01-07""","Home & Kitchen","1436"
"5204","377","""2025-02-17""","Books","5146"
"5205","176","""2025-04-13""","Toys","12352"
"5206","979","""2024-12-26""","Mobile Accessories","3282"
"5207","179","""2025-06-13""","Mobile Accessories","34676"
"5208","227","""2026-05-19""","Grocery","1093"
"5209","210","""2026-05-23""","Beauty","940"
"5210","696","""2025-02-08""","Beauty","2146"
"5211","4","""2025-04-16""","Mobile Accessories","3502"
"5212","491","""2025-03-01""","Home & Kitchen","5893"
"5213","418","""2025-01-26""","Sports","11962"
"5214","438","""2024-12-25""","Toys","13195"
"5215","159","""2025-06-08""","Clothing","36732"
"5216","96","""2025-08-15""","Grocery","20005"
"5217","457","""2025-10-01""","Clothing","14341"
"5218","961","""2024-10-01""","Toys","197"
"5219","164","""2026-01-10""","Grocery","36214"
"5220","512","""2025-07-08""","Clothing","3489"
"5221","119","""2025-05-21""","Electronics","15527"
"5222","127","""2026-06-05""","Books","14454"
"5223","356","""2024-12-07""","Mobile Accessories","8644"
"5224","202","""2026-05-21""","Mobile Accessories","3359"
"5225","30","""2025-09-08""","Toys","43399"
"5226","380","""2026-01-21""","Mobile Accessories","4078"
"5227","404","""2025-06-29""","Sports","13388"
"5228","195","""2025-09-26""","Toys","21609"
"5229","1000","""2025-01-28""","Jewelry","1885"
"5230","722","""2025-01-24""","Jewelry","2144"
"5231","586","""2025-03-16""","Sports","3061"
"5232","443","""2024-10-05""","Home & Kitchen","7195"
"5233","357","""2025-11-02""","Toys","7523"
"5234","214","""2026-05-27""","Beauty","3294"
"5235","302","""2025-05-17""","Home & Kitchen","856"
"5236","458","""2025-03-30""","Mobile Accessories","9027"
"5237","243","""2026-04-24""","Clothing","4609"
"5238","190","""2025-05-09""","Electronics","15188"
"5239","388","""2025-02-10""","Home & Kitchen","12607"
"5240","593","""2026-06-04""","Mobile Accessories","2947"
"5241","123","""2026-05-04""","Jewelry","3142"
"5242","19","""2025-01-18""","Clothing","41220"
"5243","99","""2026-01-12""","Jewelry","42237"
"5244","75","""2024-12-21""","Mobile Accessories","18868"
"5245","941","""2026-04-19""","Beauty","3042"
"5246","239","""2026-07-12""","Sports","9047"
"5247","455","""2025-10-21""","Mobile Accessories","11912"
"5248","372","""2026-05-17""","Toys","5819"
"5249","28","""2025-07-10""","Jewelry","28428"
"5250","324","""2025-11-03""","Clothing","2165"
"5251","166","""2026-03-12""","Beauty","15140"
"5252","183","""2025-07-18""","Beauty","36996"
"5253","32","""2025-09-21""","Home & Kitchen","46071"
"5254","288","""2026-04-28""","Grocery","9596"
"5255","257","""2025-10-18""","Electronics","6593"
"5256","349","""2025-10-29""","Grocery","10648"
"5257","154","""2025-05-02""","Sports","2113"
"5258","77","""2024-11-07""","Books","13559"
"5259","2","""2026-04-30""","Jewelry","12596"
"5260","19","""2025-06-01""","Home & Kitchen","10374"
"5261","482","""2025-11-09""","Mobile Accessories","5416"
"5262","152","""2025-07-13""","Clothing","8617"
"5263","195","""2025-04-08""","Jewelry","5678"
"5264","752","""2026-09-07""","Clothing","2279"
"5265","370","""2025-05-22""","Jewelry","10683"
"5266","604","""2026-02-04""","Electronics","702"
"5267","495","""2026-07-22""","Clothing","9453"
"5268","695","""2025-07-08""","Beauty","4204"
"5269","185","""2025-05-23""","Sports","28509"
"5270","441","""2024-12-27""","Sports","4625"
"5271","935","""2026-04-10""","Mobile Accessories","1030"
"5272","852","""2026-01-12""","Clothing","4745"
"5273","183","""2025-07-14""","Mobile Accessories","5393"
"5274","21","""2026-04-30""","Mobile Accessories","38982"
"5275","232","""2026-01-29""","Mobile Accessories","1193"
"5276","710","""2025-02-10""","Clothing","2424"
"5277","437","""2025-08-23""","Clothing","486"
"5278","975","""2025-04-19""","Mobile Accessories","1764"
"5279","765","""2026-08-03""","Sports","2018"
"5280","158","""2026-06-01""","Home & Kitchen","34491"
"5281","324","""2025-11-06""","Toys","5256"
"5282","141","""2025-01-06""","Books","36683"
"5283","486","""2026-06-22""","Sports","11492"
"5284","49","""2026-04-18""","Clothing","49141"
"5285","156","""2025-01-02""","Beauty","40137"
"5286","185","""2026-03-31""","Mobile Accessories","25502"
"5287","295","""2025-04-28""","Books","2282"
"5288","182","""2026-04-04""","Sports","38276"
"5289","644","""2024-11-12""","Grocery","1953"
"5290","701","""2026-08-08""","Books","4160"
"5291","429","""2024-12-02""","Clothing","10112"
"5292","186","""2025-10-11""","Home & Kitchen","6818"
"5293","264","""2026-03-05""","Beauty","11888"
"5294","58","""2025-06-03""","Home & Kitchen","17721"
"5295","83","""2026-04-19""","Home & Kitchen","40547"
"5296","419","""2025-11-14""","Beauty","11926"
"5297","434","""2024-12-08""","Mobile Accessories","1487"
"5298","62","""2024-10-31""","Beauty","25857"
"5299","335","""2025-04-06""","Grocery","10881"
"5300","1","""2025-09-17""","Grocery","19258"
"5301","153","""2025-11-26""","Sports","8928"
"5302","708","""2026-05-25""","Grocery","4183"
"5303","518","""2024-11-06""","Toys","4583"
"5304","9","""2026-01-28""","Clothing","20642"
"5305","178","""2025-02-16""","Beauty","11318"
"5306","110","""2025-05-09""","Sports","38736"
"5307","80","""2026-07-01""","Clothing","39832"
"5308","137","""2025-02-17""","Beauty","2023"
"5309","170","""2025-11-30""","Grocery","44136"
"5310","310","""2026-01-12""","Home & Kitchen","8226"
"5311","361","""2025-06-23""","Sports","9094"
"5312","79","""2025-02-07""","Toys","34389"
"5313","322","""2024-12-04""","Beauty","2820"
"5314","53","""2026-04-05""","Books","11160"
"5315","170","""2025-04-22""","Toys","13943"
"5316","787","""2025-10-17""","Grocery","3161"
"5317","340","""2025-03-27""","Toys","10163"
"5318","451","""2025-01-03""","Books","3304"
"5319","741","""2024-10-09""","Jewelry","4232"
"5320","317","""2026-01-11""","Electronics","12846"
"5321","865","""2025-05-02""","Toys","554"
"5322","795","""2025-04-13""","Jewelry","2672"
"5323","414","""2026-05-03""","Books","5707"
"5324","950","""2026-05-29""","Jewelry","1077"
"5325","409","""2026-07-16""","Toys","11796"
"5326","576","""2026-09-12""","Home & Kitchen","4871"
"5327","136","""2024-10-06""","Electronics","19234"
"5328","54","""2026-09-04""","Beauty","16877"
"5329","448","""2026-01-04""","Beauty","8727"
"5330","68","""2025-04-15""","Toys","33377"
"5331","278","""2025-10-01""","Beauty","13164"
"5332","660","""2026-02-09""","Mobile Accessories","3772"
"5333","141","""2025-10-16""","Grocery","14324"
"5334","280","""2025-10-14""","Grocery","7809"
"5335","530","""2024-12-06""","Electronics","2856"
"5336","258","""2025-08-26""","Jewelry","4517"
"5337","886","""2026-01-20""","Sports","805"
"5338","342","""2025-05-02""","Electronics","4389"
"5339","76","""2024-12-29""","Sports","9151"
"5340","444","""2025-08-13""","Grocery","3571"
"5341","147","""2024-12-10""","Home & Kitchen","10529"
"5342","536","""2025-08-23""","Books","4730"
"5343","757","""2025-06-21""","Clothing","113"
"5344","979","""2025-06-16""","Mobile Accessories","705"
"5345","477","""2025-12-07""","Books","14837"
"5346","244","""2025-02-06""","Beauty","4126"
"5347","42","""2026-08-15""","Toys","9027"
"5348","611","""2025-05-20""","Sports","2613"
"5349","78","""2025-01-16""","Books","36009"
"5350","267","""2024-10-27""","Beauty","8587"
"5351","456","""2025-04-13""","Books","13730"
"5352","101","""2025-10-10""","Books","40012"
"5353","752","""2024-12-04""","Mobile Accessories","2176"
"5354","841","""2026-06-22""","Beauty","3468"
"5355","269","""2026-06-06""","Home & Kitchen","14671"
"5356","271","""2026-06-05""","Mobile Accessories","7060"
"5357","277","""2025-01-21""","Mobile Accessories","2535"
"5358","464","""2025-07-03""","Books","12091"
"5359","172","""2024-10-17""","Clothing","12058"
"5360","257","""2025-01-27""","Toys","3643"
"5361","66","""2025-11-07""","Mobile Accessories","2352"
"5362","161","""2026-03-07""","Books","2243"
"5363","169","""2025-08-27""","Books","36541"
"5364","981","""2025-07-09""","Clothing","2937"
"5365","92","""2025-07-20""","Clothing","45161"
"5366","17","""2026-02-02""","Electronics","20446"
"5367","364","""2025-01-28""","Beauty","2882"
"5368","65","""2026-02-15""","Jewelry","31422"
"5369","181","""2025-01-10""","Mobile Accessories","25077"
"5370","21","""2025-12-13""","Clothing","37144"
"5371","474","""2025-06-27""","Electronics","9123"
"5372","304","""2025-09-04""","Grocery","5499"
"5373","189","""2026-04-25""","Electronics","36210"
"5374","227","""2024-12-04""","Toys","1120"
"5375","288","""2026-03-11""","Electronics","12757"
"5376","670","""2026-08-25""","Beauty","836"
"5377","151","""2025-08-15""","Mobile Accessories","7020"
"5378","212","""2025-06-30""","Toys","13832"
"5379","740","""2024-12-03""","Clothing","4861"
"5380","457","""2024-12-01""","Books","9197"
"5381","105","""2025-07-03""","Toys","36569"
"5382","103","""2025-04-06""","Mobile Accessories","3501"
"5383","668","""2025-08-29""","Electronics","1817"
"5384","874","""2024-10-02""","Home & Kitchen","4705"
"5385","332","""2025-10-07""","Toys","4036"
"5386","5","""2024-11-11""","Grocery","4674"
"5387","822","""2024-11-01""","Beauty","3516"
"5388","497","""2025-04-22""","Grocery","931"
"5389","14","""2025-08-27""","Home & Kitchen","44059"
"5390","535","""2026-04-21""","Sports","4816"
"5391","86","""2025-12-08""","Toys","23764"
"5392","1","""2025-11-28""","Grocery","33703"
"5393","177","""2025-06-03""","Beauty","4910"
"5394","95","""2026-06-18""","Electronics","17917"
"5395","469","""2025-01-30""","Jewelry","2198"
"5396","494","""2025-06-26""","Sports","907"
"5397","576","""2026-03-03""","Jewelry","2368"
"5398","990","""2025-04-19""","Electronics","1301"
"5399","60","""2025-05-18""","Grocery","23191"
"5400","308","""2024-12-09""","Toys","2131"
"5401","392","""2024-10-21""","Electronics","3335"
"5402","120","""2025-04-03""","Grocery","8770"
"5403","692","""2025-07-04""","Beauty","3654"
"5404","28","""2025-01-10""","Grocery","11778"
"5405","438","""2025-12-07""","Electronics","2442"
"5406","94","""2025-08-09""","Mobile Accessories","33109"
"5407","119","""2026-01-22""","Home & Kitchen","26992"
"5408","89","""2026-06-09""","Jewelry","45887"
"5409","129","""2025-05-12""","Grocery","25412"
"5410","48","""2024-10-24""","Mobile Accessories","15899"
"5411","392","""2025-04-19""","Sports","14484"
"5412","15","""2026-09-15""","Clothing","45002"
"5413","112","""2026-04-02""","Electronics","42512"
"5414","317","""2025-03-27""","Electronics","4011"
"5415","466","""2025-09-01""","Home & Kitchen","9157"
"5416","144","""2025-10-17""","Toys","18144"
"5417","156","""2025-05-14""","Beauty","6459"
"5418","669","""2024-12-06""","Books","4183"
"5419","353","""2026-02-05""","Mobile Accessories","2900"
"5420","207","""2025-04-18""","Books","2825"
"5421","58","""2025-11-03""","Toys","25430"
"5422","35","""2025-01-03""","Books","2041"
"5423","469","""2024-12-06""","Jewelry","5294"
"5424","974","""2025-08-18""","Home & Kitchen","2442"
"5425","760","""2026-03-20""","Jewelry","3652"
"5426","191","""2025-05-23""","Toys","7607"
"5427","442","""2025-12-07""","Toys","3732"
"5428","467","""2024-10-13""","Mobile Accessories","10526"
"5429","643","""2024-10-12""","Grocery","1365"
"5430","500","""2025-03-10""","Electronics","1740"
"5431","942","""2025-09-03""","Home & Kitchen","3019"
"5432","131","""2026-03-19""","Beauty","28930"
"5433","14","""2025-12-18""","Electronics","45016"
"5434","196","""2025-03-26""","Grocery","18372"
"5435","586","""2025-08-01""","Sports","3436"
"5436","10","""2024-11-25""","Beauty","46501"
"5437","485","""2025-12-02""","Clothing","13879"
"5438","567","""2025-01-20""","Sports","3120"
"5439","314","""2024-10-06""","Books","12889"
"5440","94","""2025-03-20""","Electronics","24996"
"5441","520","""2026-01-06""","Home & Kitchen","4057"
"5442","839","""2026-07-31""","Sports","738"
"5443","108","""2024-11-16""","Sports","7421"
"5444","22","""2026-08-03""","Grocery","26286"
"5445","544","""2025-01-28""","Home & Kitchen","4237"
"5446","30","""2026-08-20""","Electronics","5898"
"5447","350","""2026-09-20""","Clothing","10110"
"5448","440","""2025-12-19""","Clothing","7132"
"5449","84","""2025-08-03""","Grocery","41448"
"5450","158","""2025-09-21""","Toys","44186"
"5451","917","""2026-06-18""","Books","439"
"5452","427","""2024-11-14""","Mobile Accessories","10821"
"5453","370","""2025-11-19""","Beauty","7473"
"5454","110","""2026-02-12""","Books","33307"
"5455","375","""2025-02-08""","Home & Kitchen","3009"
"5456","70","""2025-01-13""","Books","39382"
"5457","203","""2025-09-20""","Jewelry","5746"
"5458","990","""2024-10-05""","Jewelry","1030"
"5459","240","""2026-04-05""","Beauty","14744"
"5460","44","""2026-05-08""","Beauty","7903"
"5461","641","""2025-02-05""","Books","607"
"5462","443","""2024-10-19""","Grocery","11129"
"5463","202","""2026-07-03""","Home & Kitchen","10634"
"5464","243","""2025-11-26""","Grocery","307"
"5465","188","""2024-10-13""","Mobile Accessories","27204"
"5466","44","""2025-03-21""","Electronics","17851"
"5467","209","""2025-09-16""","Mobile Accessories","2122"
"5468","936","""2026-06-27""","Books","4383"
"5469","874","""2025-04-06""","Beauty","2523"
"5470","471","""2026-04-01""","Beauty","1657"
"5471","130","""2025-04-08""","Sports","26245"
"5472","123","""2025-04-15""","Sports","33563"
"5473","407","""2025-11-27""","Clothing","6891"
"5474","635","""2024-12-22""","Toys","2112"
"5475","185","""2025-01-22""","Toys","12533"
"5476","108","""2025-04-17""","Sports","30756"
"5477","297","""2025-01-23""","Electronics","12491"
"5478","859","""2025-06-06""","Mobile Accessories","1355"
"5479","699","""2025-12-04""","Toys","1508"
"5480","127","""2024-12-19""","Books","17619"
"5481","388","""2024-11-11""","Toys","10650"
"5482","85","""2024-12-09""","Clothing","48980"
"5483","555","""2025-03-05""","Sports","1929"
"5484","61","""2025-07-05""","Toys","16774"
"5485","7","""2025-11-02""","Electronics","7502"
"5486","93","""2025-11-14""","Mobile Accessories","20298"
"5487","429","""2025-03-15""","Toys","14863"
"5488","1","""2024-12-18""","Mobile Accessories","14763"
"5489","586","""2025-09-30""","Jewelry","3117"
"5490","23","""2025-02-15""","Sports","23817"
"5491","305","""2025-12-16""","Home & Kitchen","11634"
"5492","227","""2026-06-05""","Beauty","5747"
"5493","916","""2025-09-23""","Mobile Accessories","654"
"5494","79","""2025-07-04""","Electronics","46213"
"5495","123","""2025-07-21""","Clothing","19795"
"5496","957","""2024-11-23""","Books","2780"
"5497","937","""2025-03-03""","Jewelry","2260"
"5498","157","""2026-05-26""","Beauty","42254"
"5499","8","""2025-09-29""","Grocery","22681"
"5500","442","""2026-09-12""","Books","3036"
"5501","259","""2025-06-01""","Grocery","4618"
"5502","700","""2025-07-05""","Beauty","4398"
"5503","72","""2025-11-11""","Grocery","32376"
"5504","8","""2025-07-08""","Clothing","44380"
"5505","194","""2025-03-04""","Jewelry","43044"
"5506","127","""2025-02-03""","Jewelry","36119"
"5507","391","""2024-11-16""","Clothing","13364"
"5508","896","""2024-11-27""","Grocery","2929"
"5509","894","""2025-04-21""","Clothing","3360"
"5510","54","""2025-11-25""","Sports","43449"
"5511","182","""2025-03-21""","Beauty","14233"
"5512","431","""2025-11-18""","Mobile Accessories","2400"
"5513","1000","""2025-03-07""","Beauty","3595"
"5514","207","""2025-10-08""","Sports","365"
"5515","163","""2025-04-21""","Books","4913"
"5516","101","""2025-08-25""","Clothing","6783"
"5517","91","""2026-01-05""","Books","27767"
"5518","152","""2026-01-08""","Clothing","8276"
"5519","453","""2025-09-18""","Home & Kitchen","11516"
"5520","71","""2026-08-02""","Electronics","9550"
"5521","86","""2025-10-12""","Home & Kitchen","13884"
"5522","63","""2026-03-15""","Sports","40934"
"5523","360","""2026-07-24""","Books","8096"
"5524","291","""2025-02-05""","Electronics","2233"
"5525","114","""2025-03-12""","Home & Kitchen","3578"
"5526","767","""2026-02-26""","Beauty","2433"
"5527","260","""2026-03-01""","Beauty","4947"
"5528","499","""2025-01-07""","Home & Kitchen","6997"
"5529","961","""2026-05-02""","Toys","852"
"5530","151","""2026-03-24""","Sports","42997"
"5531","700","""2025-10-15""","Toys","1961"
"5532","354","""2024-12-04""","Beauty","8917"
"5533","69","""2026-09-19""","Home & Kitchen","42453"
"5534","251","""2025-01-04""","Beauty","12105"
"5535","384","""2024-12-08""","Jewelry","9590"
"5536","193","""2025-07-15""","Grocery","11824"
"5537","557","""2025-02-23""","Beauty","4997"
"5538","496","""2025-04-11""","Beauty","9523"
"5539","984","""2025-10-26""","Toys","2097"
"5540","5","""2026-05-12""","Clothing","39483"
"5541","175","""2025-08-23""","Jewelry","37076"
"5542","44","""2025-04-18""","Books","25736"
"5543","154","""2025-03-07""","Sports","37481"
"5544","773","""2026-06-19""","Beauty","565"
"5545","79","""2026-07-17""","Clothing","25352"
"5546","777","""2026-01-13""","Toys","3791"
"5547","5","""2026-02-09""","Grocery","23402"
"5548","195","""2025-11-10""","Toys","8743"
"5549","242","""2025-08-16""","Electronics","3384"
"5550","367","""2025-01-06""","Books","2750"
"5551","639","""2025-04-27""","Grocery","1120"
"5552","269","""2026-01-26""","Toys","2374"
"5553","158","""2026-02-19""","Jewelry","37682"
"5554","888","""2025-03-17""","Clothing","3585"
"5555","141","""2025-07-08""","Jewelry","42462"
"5556","10","""2026-08-04""","Jewelry","29194"
"5557","965","""2026-07-30""","Sports","2265"
"5558","524","""2026-01-02""","Electronics","3822"
"5559","822","""2025-03-04""","Clothing","1325"
"5560","401","""2024-11-07""","Beauty","2603"
"5561","22","""2026-07-08""","Toys","41614"
"5562","63","""2025-01-06""","Clothing","23079"
"5563","520","""2025-03-24""","Mobile Accessories","173"
"5564","669","""2025-03-08""","Toys","2904"
"5565","515","""2025-12-06""","Sports","725"
"5566","180","""2026-02-09""","Home & Kitchen","32892"
"5567","608","""2024-10-25""","Electronics","4816"
"5568","222","""2026-09-16""","Home & Kitchen","4349"
"5569","95","""2025-10-21""","Home & Kitchen","30976"
"5570","831","""2025-02-06""","Toys","4327"
"5571","124","""2024-12-16""","Toys","13306"
"5572","770","""2025-06-14""","Home & Kitchen","723"
"5573","385","""2024-10-15""","Electronics","8542"
"5574","393","""2025-08-07""","Toys","10696"
"5575","223","""2026-07-16""","Sports","1512"
"5576","670","""2026-08-10""","Jewelry","4343"
"5577","274","""2026-01-30""","Beauty","6367"
"5578","490","""2025-06-29""","Jewelry","14730"
"5579","483","""2026-02-15""","Books","9771"
"5580","428","""2025-03-07""","Clothing","6696"
"5581","196","""2026-03-15""","Jewelry","6971"
"5582","100","""2025-03-22""","Mobile Accessories","21127"
"5583","586","""2026-04-23""","Jewelry","2679"
"5584","505","""2025-09-08""","Mobile Accessories","1683"
"5585","128","""2026-06-14""","Grocery","36182"
"5586","90","""2025-05-01""","Jewelry","46435"
"5587","924","""2025-03-30""","Clothing","2994"
"5588","608","""2026-06-02""","Mobile Accessories","3982"
"5589","227","""2026-01-25""","Grocery","2454"
"5590","315","""2025-02-20""","Beauty","1148"
"5591","991","""2026-08-13""","Sports","3757"
"5592","234","""2025-04-27""","Beauty","395"
"5593","588","""2024-10-05""","Mobile Accessories","3876"
"5594","249","""2024-12-19""","Home & Kitchen","5309"
"5595","139","""2025-05-08""","Sports","15606"
"5596","395","""2025-04-12""","Grocery","2295"
"5597","834","""2026-02-08""","Clothing","387"
"5598","158","""2026-03-17""","Beauty","18547"
"5599","29","""2026-06-30""","Home & Kitchen","29873"
"5600","567","""2024-11-23""","Beauty","243"
"5601","771","""2024-11-14""","Grocery","836"
"5602","695","""2024-11-07""","Home & Kitchen","3874"
"5603","147","""2024-11-05""","Toys","11967"
"5604","437","""2026-01-10""","Clothing","14086"
"5605","438","""2026-05-18""","Electronics","12035"
"5606","87","""2026-08-03""","Toys","2410"
"5607","499","""2026-06-07""","Toys","11383"
"5608","243","""2026-07-04""","Beauty","5571"
"5609","779","""2024-12-22""","Sports","3204"
"5610","290","""2024-10-12""","Grocery","13004"
"5611","621","""2025-12-05""","Books","429"
"5612","32","""2025-08-25""","Clothing","13251"
"5613","431","""2025-03-27""","Beauty","6066"
"5614","984","""2026-05-18""","Home & Kitchen","4575"
"5615","33","""2025-09-28""","Sports","7347"
"5616","626","""2025-11-20""","Books","4301"
"5617","734","""2025-06-15""","Beauty","2130"
"5618","320","""2025-04-22""","Grocery","3745"
"5619","95","""2025-01-27""","Sports","12960"
"5620","116","""2025-06-05""","Grocery","26548"
"5621","494","""2025-09-10""","Clothing","9892"
"5622","455","""2026-07-15""","Jewelry","2429"
"5623","274","""2026-06-25""","Beauty","6427"
"5624","779","""2026-08-25""","Jewelry","2661"
"5625","489","""2025-07-31""","Toys","5056"
"5626","75","""2025-07-06""","Electronics","2952"
"5627","897","""2026-01-22""","Jewelry","414"
"5628","186","""2024-12-18""","Clothing","33251"
"5629","832","""2025-05-12""","Clothing","3146"
"5630","939","""2026-04-18""","Clothing","4959"
"5631","139","""2026-01-18""","Home & Kitchen","21937"
"5632","867","""2026-08-03""","Mobile Accessories","3930"
"5633","981","""2026-02-04""","Beauty","4532"
"5634","442","""2025-03-20""","Mobile Accessories","10459"
"5635","101","""2025-01-01""","Grocery","26795"
"5636","163","""2026-04-24""","Grocery","28894"
"5637","72","""2026-02-26""","Electronics","29802"
"5638","11","""2025-10-22""","Mobile Accessories","28707"
"5639","25","""2025-09-14""","Mobile Accessories","20768"
"5640","20","""2025-06-02""","Mobile Accessories","37171"
"5641","453","""2026-04-14""","Home & Kitchen","2555"
"5642","897","""2025-07-23""","Sports","4457"
"5643","307","""2026-09-17""","Electronics","3968"
"5644","191","""2026-01-09""","Jewelry","5077"
"5645","795","""2026-08-18""","Toys","2519"
"5646","875","""2026-08-06""","Beauty","3863"
"5647","486","""2025-02-18""","Mobile Accessories","9032"
"5648","949","""2025-07-19""","Electronics","1676"
"5649","343","""2026-04-05""","Electronics","4810"
"5650","60","""2025-05-04""","Jewelry","31943"
"5651","32","""2026-05-06""","Books","45878"
"5652","443","""2026-05-16""","Jewelry","5428"
"5653","119","""2025-12-13""","Toys","21099"
"5654","890","""2025-11-28""","Grocery","1266"
"5655","627","""2025-04-01""","Sports","1525"
"5656","806","""2025-08-03""","Books","3766"
"5657","177","""2025-05-29""","Electronics","23952"
"5658","664","""2026-08-02""","Grocery","2682"
"5659","306","""2026-01-04""","Mobile Accessories","2672"
"5660","39","""2026-07-21""","Grocery","42080"
"5661","164","""2025-05-31""","Mobile Accessories","6271"
"5662","765","""2025-02-08""","Home & Kitchen","430"
"5663","407","""2026-08-16""","Books","7256"
"5664","323","""2025-04-01""","Electronics","4344"
"5665","952","""2024-10-09""","Home & Kitchen","2398"
"5666","221","""2026-03-24""","Books","10215"
"5667","352","""2025-12-14""","Books","404"
"5668","113","""2025-06-04""","Toys","23220"
"5669","18","""2026-08-23""","Toys","49027"
"5670","965","""2025-05-16""","Mobile Accessories","4781"
"5671","119","""2024-10-06""","Electronics","3272"
"5672","174","""2025-05-03""","Electronics","11133"
"5673","312","""2025-12-19""","Toys","7995"
"5674","180","""2025-09-26""","Jewelry","18022"
"5675","125","""2026-01-23""","Sports","19654"
"5676","451","""2025-01-15""","Toys","1537"
"5677","552","""2025-12-27""","Toys","3750"
"5678","64","""2026-03-01""","Beauty","39147"
"5679","912","""2025-04-28""","Books","4739"
"5680","775","""2026-07-17""","Beauty","2998"
"5681","868","""2025-08-03""","Mobile Accessories","3345"
"5682","816","""2026-02-19""","Beauty","4981"
"5683","174","""2026-02-16""","Toys","15531"
"5684","676","""2025-11-03""","Sports","1051"
"5685","419","""2025-04-25""","Jewelry","8930"
"5686","152","""2026-04-10""","Beauty","38456"
"5687","36","""2026-05-25""","Mobile Accessories","35685"
"5688","374","""2026-05-10""","Sports","570"
"5689","48","""2026-04-02""","Toys","34853"
"5690","875","""2025-04-09""","Home & Kitchen","4334"
"5691","316","""2026-05-26""","Books","3521"
"5692","941","""2025-08-10""","Jewelry","3863"
"5693","591","""2025-12-18""","Mobile Accessories","2270"
"5694","648","""2025-06-01""","Sports","1560"
"5695","386","""2025-04-10""","Electronics","10127"
"5696","377","""2026-01-02""","Electronics","14085"
"5697","345","""2024-12-12""","Electronics","3151"
"5698","551","""2025-04-24""","Electronics","3215"
"5699","310","""2025-10-23""","Home & Kitchen","10810"
"5700","66","""2026-05-12""","Beauty","19278"
"5701","426","""2026-09-23""","Jewelry","8326"
"5702","75","""2025-04-14""","Jewelry","11872"
"5703","255","""2026-01-15""","Electronics","2376"
"5704","193","""2026-06-04""","Toys","20827"
"5705","219","""2026-06-24""","Electronics","13524"
"5706","9","""2025-11-16""","Home & Kitchen","22363"
"5707","561","""2025-10-23""","Home & Kitchen","3634"
"5708","393","""2025-05-02""","Toys","2777"
"5709","280","""2024-10-02""","Grocery","10286"
"5710","136","""2025-05-29""","Books","24586"
"5711","867","""2025-12-15""","Beauty","3268"
"5712","221","""2025-02-01""","Grocery","9918"
"5713","330","""2025-05-03""","Grocery","11163"
"5714","160","""2025-04-21""","Beauty","17599"
"5715","353","""2025-11-14""","Jewelry","7735"
"5716","122","""2026-03-30""","Toys","32826"
"5717","222","""2025-12-06""","Beauty","11564"
"5718","126","""2024-11-29""","Mobile Accessories","29754"
"5719","136","""2025-10-23""","Beauty","26439"
"5720","64","""2025-08-24""","Home & Kitchen","20578"
"5721","927","""2025-06-15""","Electronics","2691"
"5722","83","""2024-12-07""","Sports","8603"
"5723","932","""2026-08-20""","Toys","4317"
"5724","458","""2025-06-10""","Grocery","4885"
"5725","316","""2025-04-20""","Toys","13744"
"5726","98","""2026-05-15""","Mobile Accessories","36262"
"5727","203","""2025-04-11""","Electronics","6998"
"5728","616","""2025-03-07""","Mobile Accessories","832"
"5729","125","""2025-09-24""","Books","43967"
"5730","360","""2024-10-13""","Sports","2344"
"5731","154","""2025-03-18""","Beauty","16579"
"5732","735","""2025-06-10""","Jewelry","1661"
"5733","474","""2025-10-26""","Jewelry","2276"
"5734","395","""2025-06-03""","Beauty","641"
"5735","50","""2024-10-19""","Toys","4597"
"5736","89","""2026-07-22""","Beauty","16039"
"5737","59","""2024-11-21""","Beauty","23716"
"5738","192","""2025-02-14""","Home & Kitchen","4425"
"5739","19","""2025-04-10""","Toys","28172"
"5740","43","""2024-10-23""","Home & Kitchen","14414"
"5741","176","""2026-06-07""","Electronics","35780"
"5742","223","""2025-10-04""","Sports","7958"
"5743","109","""2025-12-10""","Books","39099"
"5744","578","""2025-10-19""","Mobile Accessories","1327"
"5745","108","""2025-12-09""","Beauty","42532"
"5746","956","""2026-08-30""","Beauty","4124"
"5747","306","""2025-10-07""","Grocery","7690"
"5748","135","""2026-05-01""","Toys","10780"
"5749","102","""2026-05-17""","Toys","29368"
"5750","783","""2026-03-17""","Jewelry","1311"
"5751","977","""2025-09-19""","Beauty","3096"
"5752","479","""2025-12-15""","Clothing","2217"
"5753","169","""2026-04-29""","Electronics","9577"
"5754","694","""2025-03-30""","Toys","4114"
"5755","444","""2026-01-20""","Clothing","14308"
"5756","483","""2025-09-16""","Grocery","6188"
"5757","140","""2024-12-01""","Electronics","21866"
"5758","66","""2026-04-21""","Mobile Accessories","23631"
"5759","421","""2025-04-04""","Toys","1141"
"5760","436","""2025-08-22""","Sports","6044"
"5761","410","""2025-02-14""","Sports","2972"
"5762","411","""2026-06-18""","Jewelry","9015"
"5763","98","""2026-02-07""","Beauty","26791"
"5764","775","""2025-02-13""","Electronics","727"
"5765","364","""2024-10-17""","Home & Kitchen","14728"
"5766","90","""2025-08-31""","Clothing","40548"
"5767","826","""2024-11-27""","Sports","4508"
"5768","601","""2025-04-12""","Mobile Accessories","1174"
"5769","370","""2026-05-16""","Beauty","6457"
"5770","134","""2026-03-29""","Home & Kitchen","16832"
"5771","883","""2025-06-11""","Sports","1790"
"5772","488","""2025-01-06""","Home & Kitchen","2139"
"5773","323","""2025-05-14""","Home & Kitchen","11971"
"5774","329","""2025-01-28""","Clothing","13682"
"5775","33","""2026-01-21""","Toys","4724"
"5776","133","""2025-05-30""","Sports","42529"
"5777","409","""2025-03-16""","Books","10695"
"5778","298","""2025-08-27""","Sports","8547"
"5779","107","""2025-02-13""","Home & Kitchen","35707"
"5780","135","""2025-10-04""","Toys","5487"
"5781","11","""2025-02-09""","Clothing","5806"
"5782","426","""2025-01-17""","Mobile Accessories","11785"
"5783","646","""2026-01-16""","Grocery","1368"
"5784","676","""2025-08-05""","Grocery","2933"
"5785","990","""2025-09-30""","Electronics","3732"
"5786","9","""2024-12-21""","Books","4090"
"5787","638","""2026-01-19""","Toys","1564"
"5788","128","""2025-05-06""","Sports","28268"
"5789","332","""2025-01-13""","Electronics","7580"
"5790","163","""2026-05-07""","Clothing","4588"
"5791","434","""2025-10-07""","Clothing","11105"
"5792","92","""2025-01-16""","Clothing","3920"
"5793","318","""2025-08-07""","Mobile Accessories","1821"
"5794","491","""2025-02-04""","Beauty","4763"
"5795","64","""2025-06-10""","Clothing","2553"
"5796","101","""2025-06-07""","Beauty","43074"
"5797","396","""2026-07-05""","Clothing","11420"
"5798","545","""2026-09-01""","Beauty","4526"
"5799","179","""2026-04-27""","Grocery","25232"
"5800","59","""2025-12-26""","Jewelry","8777"
"5801","775","""2026-09-13""","Toys","3893"
"5802","654","""2026-07-31""","Mobile Accessories","1942"
"5803","929","""2024-12-27""","Electronics","4286"
"5804","322","""2025-08-19""","Home & Kitchen","11018"
"5805","638","""2025-11-14""","Sports","671"
"5806","171","""2026-03-25""","Mobile Accessories","15310"
"5807","989","""2026-08-07""","Clothing","173"
"5808","271","""2026-06-05""","Beauty","9479"
"5809","182","""2025-11-26""","Clothing","34883"
"5810","130","""2025-07-11""","Grocery","9159"
"5811","45","""2026-09-06""","Grocery","7441"
"5812","100","""2024-10-09""","Toys","37503"
"5813","151","""2025-04-16""","Clothing","23008"
"5814","360","""2025-03-29""","Books","6908"
"5815","224","""2025-09-08""","Sports","413"
"5816","410","""2025-05-07""","Beauty","13411"
"5817","736","""2025-02-21""","Books","622"
"5818","715","""2026-01-16""","Home & Kitchen","1835"
"5819","172","""2026-04-11""","Books","36515"
"5820","139","""2025-12-01""","Mobile Accessories","16889"
"5821","775","""2026-08-31""","Clothing","174"
"5822","147","""2025-05-07""","Clothing","34159"
"5823","574","""2025-10-12""","Mobile Accessories","4927"
"5824","133","""2025-11-22""","Home & Kitchen","4821"
"5825","501","""2025-01-17""","Grocery","3738"
"5826","144","""2026-05-25""","Grocery","14924"
"5827","441","""2026-08-31""","Toys","6172"
"5828","105","""2024-11-23""","Beauty","38077"
"5829","985","""2026-02-15""","Mobile Accessories","4120"
"5830","791","""2025-05-16""","Sports","1144"
"5831","829","""2025-07-16""","Electronics","2047"
"5832","842","""2025-01-19""","Books","3434"
"5833","166","""2025-07-01""","Electronics","44009"
"5834","114","""2026-04-26""","Books","26767"
"5835","1000","""2026-07-07""","Sports","292"
"5836","662","""2025-08-29""","Clothing","2143"
"5837","53","""2024-10-23""","Electronics","48124"
"5838","583","""2026-09-18""","Toys","3092"
"5839","602","""2025-03-23""","Toys","4035"
"5840","271","""2025-06-08""","Books","14385"
"5841","273","""2025-09-28""","Beauty","5147"
"5842","76","""2026-04-28""","Electronics","38205"
"5843","882","""2025-06-23""","Beauty","1040"
"5844","58","""2026-04-13""","Home & Kitchen","24781"
"5845","170","""2025-11-20""","Mobile Accessories","15991"
"5846","102","""2025-08-11""","Sports","28888"
"5847","377","""2025-08-24""","Clothing","10625"
"5848","693","""2026-02-18""","Electronics","3888"
"5849","184","""2026-03-06""","Jewelry","41190"
"5850","9","""2025-07-12""","Mobile Accessories","43455"
"5851","125","""2025-11-03""","Beauty","25164"
"5852","681","""2026-09-12""","Toys","4078"
"5853","443","""2024-10-07""","Books","704"
"5854","326","""2026-08-10""","Books","13057"
"5855","498","""2026-04-03""","Grocery","3450"
"5856","813","""2026-05-19""","Books","345"
"5857","681","""2025-04-18""","Electronics","4772"
"5858","113","""2025-11-13""","Clothing","13831"
"5859","138","""2025-05-15""","Sports","21158"
"5860","60","""2025-04-01""","Home & Kitchen","14274"
"5861","37","""2025-11-29""","Grocery","48784"
"5862","161","""2025-11-04""","Home & Kitchen","28995"
"5863","721","""2026-03-27""","Toys","3164"
"5864","457","""2026-04-19""","Toys","2046"
"5865","892","""2026-03-19""","Electronics","3594"
"5866","201","""2024-11-27""","Grocery","1327"
"5867","300","""2024-10-22""","Electronics","2812"
"5868","109","""2025-09-22""","Jewelry","29570"
"5869","938","""2026-08-07""","Toys","3831"
"5870","748","""2025-12-16""","Home & Kitchen","1563"
"5871","78","""2025-06-04""","Grocery","5329"
"5872","757","""2026-08-08""","Grocery","3359"
"5873","810","""2024-09-29""","Grocery","1240"
"5874","733","""2025-09-02""","Toys","1800"
"5875","433","""2025-03-07""","Clothing","14224"
"5876","370","""2025-12-13""","Toys","10511"
"5877","54","""2025-11-22""","Clothing","26826"
"5878","205","""2025-09-02""","Grocery","14724"
"5879","492","""2025-03-18""","Grocery","1754"
"5880","89","""2025-07-18""","Home & Kitchen","49032"
"5881","477","""2026-04-22""","Toys","14595"
"5882","697","""2025-01-15""","Home & Kitchen","4629"
"5883","817","""2025-03-24""","Sports","3900"
"5884","563","""2025-05-31""","Sports","2210"
"5885","199","""2025-11-29""","Beauty","29202"
"5886","64","""2026-04-30""","Clothing","8205"
"5887","132","""2025-04-05""","Books","37022"
"5888","415","""2026-08-15""","Electronics","6772"
"5889","9","""2024-12-13""","Jewelry","21985"
"5890","695","""2025-05-24""","Electronics","2220"
"5891","141","""2024-12-18""","Clothing","38754"
"5892","100","""2024-11-08""","Beauty","41738"
"5893","168","""2025-01-07""","Electronics","13715"
"5894","537","""2025-08-23""","Toys","4951"
"5895","124","""2024-11-02""","Home & Kitchen","16985"
"5896","641","""2024-12-05""","Electronics","3169"
"5897","70","""2024-12-18""","Mobile Accessories","18506"
"5898","18","""2025-02-25""","Books","10425"
"5899","96","""2025-09-24""","Sports","15112"
"5900","100","""2025-08-09""","Jewelry","19368"
"5901","227","""2025-03-25""","Grocery","3519"
"5902","510","""2024-10-22""","Jewelry","3158"
"5903","493","""2026-08-17""","Beauty","10630"
"5904","237","""2025-08-10""","Clothing","11034"
"5905","337","""2025-05-31""","Jewelry","11172"
"5906","881","""2026-05-12""","Grocery","3160"
"5907","258","""2025-02-10""","Jewelry","10715"
"5908","590","""2025-03-27""","Jewelry","3693"
"5909","670","""2025-09-28""","Books","4633"
"5910","126","""2025-09-01""","Electronics","2990"
"5911","456","""2026-01-20""","Clothing","10512"
"5912","28","""2026-07-28""","Toys","12320"
"5913","151","""2025-12-20""","Books","10305"
"5914","704","""2025-08-08""","Jewelry","2897"
"5915","21","""2025-06-18""","Grocery","4799"
"5916","68","""2026-02-19""","Clothing","4895"
"5917","876","""2026-03-30""","Mobile Accessories","841"
"5918","1","""2025-08-10""","Jewelry","46300"
"5919","457","""2026-03-06""","Mobile Accessories","452"
"5920","514","""2026-04-01""","Sports","1337"
"5921","471","""2026-05-10""","Home & Kitchen","2365"
"5922","58","""2025-05-25""","Electronics","37128"
"5923","318","""2024-11-27""","Mobile Accessories","2412"
"5924","511","""2025-07-19""","Electronics","735"
"5925","241","""2024-12-18""","Electronics","6287"
"5926","32","""2026-02-07""","Beauty","45038"
"5927","97","""2026-01-10""","Beauty","4389"
"5928","826","""2025-07-12""","Toys","4564"
"5929","537","""2026-06-16""","Grocery","3602"
"5930","574","""2025-03-17""","Books","4216"
"5931","665","""2026-08-04""","Toys","3082"
"5932","434","""2025-12-20""","Grocery","4506"
"5933","942","""2025-04-20""","Home & Kitchen","377"
"5934","104","""2025-11-30""","Electronics","12335"
"5935","98","""2026-02-09""","Beauty","36255"
"5936","166","""2024-11-21""","Electronics","3606"
"5937","93","""2026-07-25""","Home & Kitchen","6380"
"5938","21","""2026-04-09""","Sports","34314"
"5939","280","""2025-02-05""","Sports","9555"
"5940","183","""2025-01-07""","Home & Kitchen","2449"
"5941","323","""2025-02-24""","Books","12412"
"5942","330","""2024-10-08""","Clothing","13621"
"5943","174","""2026-06-15""","Home & Kitchen","3729"
"5944","854","""2026-07-21""","Beauty","803"
"5945","57","""2025-03-03""","Books","22910"
"5946","77","""2024-10-09""","Books","2557"
"5947","450","""2026-08-11""","Beauty","14629"
"5948","307","""2026-01-10""","Toys","5563"
"5949","21","""2025-02-09""","Jewelry","20055"
"5950","349","""2025-03-21""","Electronics","2266"
"5951","412","""2025-09-30""","Grocery","4642"
"5952","515","""2026-02-27""","Electronics","3329"
"5953","75","""2026-08-10""","Beauty","25818"
"5954","695","""2025-07-06""","Sports","3239"
"5955","184","""2026-02-27""","Home & Kitchen","19640"
"5956","408","""2024-12-04""","Home & Kitchen","1454"
"5957","491","""2025-10-24""","Toys","495"
"5958","845","""2026-02-02""","Mobile Accessories","4349"
"5959","859","""2025-08-24""","Clothing","757"
"5960","229","""2025-08-14""","Home & Kitchen","6009"
"5961","568","""2025-07-17""","Clothing","2522"
"5962","344","""2024-11-04""","Clothing","14427"
"5963","94","""2025-02-20""","Toys","44205"
"5964","623","""2026-09-23""","Sports","1455"
"5965","274","""2026-08-24""","Toys","8627"
"5966","427","""2026-02-26""","Electronics","4041"
"5967","434","""2024-11-10""","Books","2863"
"5968","224","""2025-07-06""","Clothing","9630"
"5969","264","""2025-05-25""","Jewelry","3177"
"5970","528","""2024-12-17""","Grocery","4044"
"5971","279","""2026-03-26""","Sports","11321"
"5972","189","""2026-01-12""","Jewelry","5887"
"5973","245","""2026-08-21""","Clothing","997"
"5974","313","""2025-04-16""","Home & Kitchen","6353"
"5975","380","""2025-09-28""","Home & Kitchen","5422"
"5976","629","""2024-10-19""","Beauty","4133"
"5977","8","""2026-08-22""","Electronics","21485"
"5978","10","""2025-08-02""","Clothing","32443"
"5979","835","""2025-04-12""","Home & Kitchen","4532"
"5980","339","""2025-04-20""","Books","14239"
"5981","335","""2026-04-10""","Mobile Accessories","11322"
"5982","178","""2026-02-10""","Home & Kitchen","29627"
"5983","904","""2025-05-19""","Mobile Accessories","4107"
"5984","221","""2025-02-15""","Electronics","13701"
"5985","971","""2025-07-24""","Electronics","1213"
"5986","838","""2025-05-28""","Mobile Accessories","102"
"5987","36","""2026-02-28""","Mobile Accessories","15899"
"5988","305","""2026-07-18""","Electronics","5494"
"5989","82","""2024-11-28""","Home & Kitchen","40967"
"5990","133","""2025-09-18""","Clothing","13085"
"5991","753","""2026-05-28""","Electronics","2287"
"5992","358","""2025-03-09""","Toys","6956"
"5993","113","""2025-08-17""","Home & Kitchen","42727"
"5994","481","""2026-04-03""","Grocery","7635"
"5995","735","""2025-07-11""","Sports","1154"
"5996","80","""2026-05-10""","Sports","29084"
"5997","368","""2025-02-25""","Home & Kitchen","3548"
"5998","651","""2024-12-16""","Home & Kitchen","148"
"5999","490","""2025-02-19""","Grocery","2442"
"6000","110","""2025-09-14""","Beauty","14990"
"6001","122","""2026-01-13""","Sports","7488"
"6002","229","""2025-01-18""","Sports","11375"
"6003","222","""2026-07-04""","Toys","1962"
"6004","14","""2026-05-09""","Toys","3217"
"6005","19","""2025-05-04""","Home & Kitchen","19320"
"6006","747","""2025-07-15""","Sports","1010"
"6007","318","""2026-02-10""","Grocery","2670"
"6008","266","""2024-12-02""","Electronics","13667"
"6009","523","""2025-11-09""","Electronics","3006"
"6010","408","""2026-07-09""","Jewelry","945"
"6011","130","""2025-12-21""","Jewelry","30033"
"6012","44","""2024-12-28""","Books","32250"
"6013","5","""2026-05-01""","Mobile Accessories","26761"
"6014","269","""2025-11-29""","Sports","9129"
"6015","963","""2024-11-21""","Clothing","899"
"6016","304","""2024-11-01""","Sports","13970"
"6017","3","""2026-03-04""","Jewelry","25242"
"6018","110","""2024-11-16""","Mobile Accessories","22722"
"6019","395","""2026-09-05""","Books","4831"
"6020","277","""2026-07-09""","Home & Kitchen","344"
"6021","23","""2025-09-02""","Sports","23774"
"6022","328","""2025-04-03""","Grocery","1228"
"6023","685","""2025-03-23""","Mobile Accessories","3261"
"6024","82","""2025-01-08""","Toys","46266"
"6025","110","""2026-06-13""","Home & Kitchen","3386"
"6026","207","""2025-03-16""","Books","11586"
"6027","186","""2025-07-31""","Books","15384"
"6028","460","""2025-05-27""","Home & Kitchen","7636"
"6029","7","""2026-06-14""","Jewelry","35777"
"6030","474","""2026-02-14""","Beauty","13235"
"6031","138","""2024-10-17""","Toys","11149"
"6032","280","""2026-09-12""","Beauty","14408"
"6033","382","""2026-07-17""","Books","11290"
"6034","504","""2025-12-22""","Home & Kitchen","3887"
"6035","177","""2025-12-15""","Grocery","6904"
"6036","137","""2024-10-04""","Clothing","5887"
"6037","743","""2026-02-21""","Electronics","202"
"6038","440","""2026-05-03""","Beauty","14800"
"6039","159","""2025-07-02""","Grocery","41518"
"6040","641","""2026-06-22""","Home & Kitchen","2746"
"6041","280","""2026-06-18""","Home & Kitchen","6230"
"6042","478","""2026-01-26""","Jewelry","1774"
"6043","631","""2025-10-09""","Jewelry","122"
"6044","621","""2026-06-12""","Home & Kitchen","509"
"6045","42","""2025-03-31""","Toys","47587"
"6046","80","""2026-09-14""","Sports","24061"
"6047","866","""2025-04-06""","Beauty","1071"
"6048","174","""2025-08-10""","Home & Kitchen","13544"
"6049","190","""2026-05-12""","Electronics","37133"
"6050","218","""2025-06-07""","Books","13760"
"6051","453","""2025-02-06""","Sports","9719"
"6052","472","""2026-04-12""","Electronics","14536"
"6053","241","""2024-10-13""","Books","11646"
"6054","735","""2025-01-20""","Beauty","1205"
"6055","398","""2026-05-10""","Sports","4059"
"6056","51","""2025-05-21""","Sports","15944"
"6057","277","""2026-04-05""","Clothing","11185"
"6058","351","""2025-01-16""","Beauty","7558"
"6059","1","""2025-01-17""","Toys","3815"
"6060","28","""2025-05-10""","Beauty","28913"
"6061","156","""2025-05-15""","Mobile Accessories","41291"
"6062","156","""2025-06-17""","Toys","7297"
"6063","266","""2026-08-06""","Sports","3695"
"6064","374","""2025-01-09""","Grocery","5090"
"6065","633","""2026-08-09""","Beauty","4049"
"6066","793","""2025-10-26""","Electronics","612"
"6067","157","""2025-10-29""","Books","34944"
"6068","230","""2025-01-23""","Clothing","7669"
"6069","333","""2025-05-12""","Clothing","9514"
"6070","136","""2025-08-31""","Grocery","20448"
"6071","750","""2025-03-08""","Electronics","277"
"6072","46","""2025-08-04""","Sports","11844"
"6073","135","""2024-12-16""","Toys","16476"
"6074","424","""2024-09-30""","Books","5270"
"6075","401","""2025-11-20""","Mobile Accessories","10261"
"6076","209","""2024-11-07""","Electronics","12030"
"6077","175","""2024-10-20""","Clothing","7225"
"6078","45","""2025-11-06""","Electronics","37615"
"6079","31","""2025-02-01""","Jewelry","42887"
"6080","263","""2024-09-28""","Grocery","13231"
"6081","470","""2026-07-19""","Sports","6891"
"6082","231","""2026-09-17""","Sports","14958"
"6083","28","""2025-09-03""","Jewelry","8573"
"6084","709","""2024-10-26""","Electronics","1324"
"6085","417","""2024-12-04""","Sports","2760"
"6086","120","""2025-09-14""","Grocery","35420"
"6087","313","""2026-07-04""","Beauty","4911"
"6088","3","""2026-08-08""","Sports","15745"
"6089","641","""2024-09-30""","Books","1200"
"6090","500","""2025-01-04""","Toys","14879"
"6091","545","""2026-07-21""","Toys","1273"
"6092","53","""2026-07-04""","Toys","13132"
"6093","446","""2026-03-29""","Electronics","7327"
"6094","108","""2026-04-29""","Books","6370"
"6095","459","""2025-10-19""","Clothing","2615"
"6096","22","""2026-06-06""","Mobile Accessories","14766"
"6097","14","""2026-07-15""","Electronics","11017"
"6098","104","""2026-03-18""","Clothing","2565"
"6099","517","""2025-02-02""","Beauty","134"
"6100","183","""2025-07-02""","Books","19298"
"6101","301","""2025-12-27""","Home & Kitchen","12827"
"6102","755","""2025-08-07""","Beauty","3793"
"6103","713","""2026-02-22""","Books","3923"
"6104","303","""2024-10-01""","Beauty","3939"
"6105","293","""2024-12-31""","Electronics","10950"
"6106","235","""2025-11-16""","Home & Kitchen","9410"
"6107","511","""2024-12-26""","Beauty","2681"
"6108","166","""2025-01-24""","Clothing","10367"
"6109","162","""2026-04-23""","Toys","32244"
"6110","191","""2026-02-15""","Electronics","8381"
"6111","180","""2025-05-24""","Sports","24646"
"6112","592","""2026-07-01""","Beauty","2521"
"6113","412","""2024-09-26""","Beauty","5201"
"6114","290","""2025-06-12""","Books","7726"
"6115","364","""2026-07-29""","Electronics","8745"
"6116","35","""2026-06-14""","Clothing","9464"
"6117","219","""2024-12-30""","Home & Kitchen","12432"
"6118","209","""2026-06-22""","Home & Kitchen","14137"
"6119","160","""2026-03-08""","Jewelry","10463"
"6120","490","""2025-09-03""","Home & Kitchen","14718"
"6121","66","""2026-05-05""","Beauty","13366"
"6122","392","""2026-07-12""","Mobile Accessories","5005"
"6123","146","""2025-07-06""","Clothing","32005"
"6124","116","""2025-11-22""","Toys","5903"
"6125","249","""2025-02-14""","Jewelry","9390"
"6126","162","""2026-02-10""","Home & Kitchen","43230"
"6127","250","""2025-01-16""","Books","1881"
"6128","613","""2025-05-01""","Sports","3798"
"6129","388","""2026-08-17""","Home & Kitchen","12095"
"6130","30","""2025-04-28""","Toys","41777"
"6131","625","""2025-06-02""","Books","3293"
"6132","321","""2025-02-19""","Books","6415"
"6133","769","""2025-06-23""","Electronics","4318"
"6134","122","""2025-07-06""","Sports","33830"
"6135","378","""2025-06-10""","Jewelry","832"
"6136","184","""2024-10-27""","Mobile Accessories","22211"
"6137","70","""2025-06-21""","Books","38395"
"6138","8","""2026-02-13""","Beauty","16961"
"6139","354","""2025-07-12""","Toys","4185"
"6140","929","""2024-12-09""","Electronics","4126"
"6141","898","""2026-06-18""","Mobile Accessories","1271"
"6142","196","""2025-08-11""","Mobile Accessories","23296"
"6143","248","""2026-01-13""","Home & Kitchen","6767"
"6144","138","""2025-05-15""","Home & Kitchen","39065"
"6145","4","""2026-03-21""","Sports","5873"
"6146","50","""2026-09-15""","Beauty","34240"
"6147","218","""2025-07-22""","Beauty","2075"
"6148","116","""2026-05-10""","Beauty","21759"
"6149","73","""2026-05-06""","Grocery","43140"
"6150","200","""2025-10-23""","Sports","6354"
"6151","98","""2025-03-23""","Jewelry","27407"
"6152","21","""2026-04-11""","Jewelry","24591"
"6153","551","""2026-04-13""","Electronics","779"
"6154","191","""2025-09-28""","Books","8624"
"6155","54","""2024-12-06""","Mobile Accessories","46641"
"6156","874","""2025-02-11""","Sports","1180"
"6157","559","""2026-08-02""","Home & Kitchen","3785"
"6158","589","""2025-05-11""","Jewelry","1149"
"6159","474","""2026-05-12""","Toys","5232"
"6160","300","""2026-04-24""","Home & Kitchen","11191"
"6161","265","""2026-06-19""","Electronics","2210"
"6162","83","""2026-08-04""","Toys","35110"
"6163","336","""2024-11-01""","Books","8823"
"6164","145","""2025-06-06""","Home & Kitchen","16452"
"6165","475","""2025-02-22""","Toys","12963"
"6166","522","""2025-03-09""","Jewelry","1783"
"6167","138","""2024-11-14""","Sports","27528"
"6168","828","""2025-08-21""","Clothing","4659"
"6169","49","""2026-04-21""","Clothing","15690"
"6170","31","""2025-05-21""","Mobile Accessories","2679"
"6171","99","""2026-08-01""","Toys","34673"
"6172","922","""2026-04-21""","Beauty","3649"
"6173","404","""2026-02-07""","Home & Kitchen","10726"
"6174","350","""2026-06-03""","Books","505"
"6175","585","""2024-10-16""","Books","3795"
"6176","222","""2026-02-03""","Electronics","11750"
"6177","431","""2024-10-20""","Books","10598"
"6178","107","""2025-09-25""","Beauty","38440"
"6179","315","""2026-08-28""","Home & Kitchen","6392"
"6180","96","""2026-06-18""","Books","19650"
"6181","354","""2025-03-20""","Clothing","13351"
"6182","9","""2024-10-08""","Mobile Accessories","3992"
"6183","124","""2024-12-01""","Beauty","10340"
"6184","160","""2025-09-11""","Sports","27675"
"6185","288","""2026-02-17""","Sports","6667"
"6186","160","""2026-03-12""","Jewelry","31373"
"6187","25","""2026-04-03""","Grocery","8492"
"6188","66","""2026-03-23""","Jewelry","3652"
"6189","417","""2025-11-20""","Sports","11037"
"6190","312","""2025-02-03""","Grocery","13466"
"6191","80","""2026-05-12""","Jewelry","6545"
"6192","383","""2024-11-05""","Beauty","4677"
"6193","263","""2025-04-26""","Grocery","1924"
"6194","721","""2025-05-02""","Electronics","4911"
"6195","1000","""2025-12-20""","Mobile Accessories","2012"
"6196","94","""2025-12-20""","Sports","45368"
"6197","10","""2025-08-11""","Electronics","49459"
"6198","236","""2025-02-17""","Grocery","12507"
"6199","388","""2024-10-30""","Books","13263"
"6200","482","""2026-02-09""","Jewelry","8059"
"6201","397","""2026-03-24""","Home & Kitchen","1999"
"6202","60","""2025-02-11""","Beauty","11940"
"6203","37","""2026-09-16""","Electronics","6445"
"6204","679","""2026-08-06""","Toys","1975"
"6205","290","""2025-04-15""","Electronics","2022"
"6206","143","""2024-11-03""","Toys","28889"
"6207","349","""2025-09-30""","Mobile Accessories","2531"
"6208","164","""2025-07-18""","Toys","9532"
"6209","356","""2026-01-27""","Mobile Accessories","6893"
"6210","270","""2025-07-23""","Clothing","4959"
"6211","71","""2025-02-04""","Jewelry","8483"
"6212","81","""2026-03-27""","Books","19262"
"6213","125","""2025-02-18""","Toys","9337"
"6214","793","""2024-11-20""","Books","2523"
"6215","141","""2025-03-06""","Sports","15779"
"6216","425","""2026-09-07""","Electronics","13705"
"6217","370","""2026-06-26""","Electronics","13480"
"6218","406","""2025-11-05""","Home & Kitchen","3755"
"6219","607","""2026-03-19""","Electronics","1718"
"6220","60","""2026-07-26""","Mobile Accessories","40078"
"6221","462","""2024-12-18""","Mobile Accessories","6402"
"6222","151","""2024-09-25""","Sports","2224"
"6223","555","""2026-06-22""","Grocery","3585"
"6224","350","""2025-11-09""","Electronics","4754"
"6225","319","""2026-01-25""","Electronics","5021"
"6226","174","""2026-05-09""","Home & Kitchen","26219"
"6227","120","""2026-05-07""","Toys","42919"
"6228","122","""2026-04-06""","Electronics","16872"
"6229","338","""2025-03-23""","Sports","10538"
"6230","132","""2025-12-26""","Mobile Accessories","42311"
"6231","188","""2025-09-01""","Electronics","6860"
"6232","247","""2025-10-17""","Grocery","12811"
"6233","125","""2025-06-20""","Grocery","16322"
"6234","83","""2026-01-07""","Beauty","6317"
"6235","410","""2026-09-21""","Electronics","8210"
"6236","363","""2026-04-14""","Beauty","1554"
"6237","3","""2025-09-21""","Electronics","8127"
"6238","651","""2024-10-10""","Beauty","4923"
"6239","471","""2024-12-25""","Books","3033"
"6240","887","""2025-04-11""","Books","3967"
"6241","199","""2025-12-15""","Toys","25757"
"6242","225","""2025-12-09""","Sports","3562"
"6243","57","""2025-01-31""","Sports","18168"
"6244","36","""2024-11-05""","Mobile Accessories","18325"
"6245","189","""2025-04-16""","Sports","23279"
"6246","171","""2025-04-05""","Toys","4899"
"6247","36","""2026-02-12""","Home & Kitchen","16157"
"6248","479","""2024-11-17""","Toys","337"
"6249","818","""2025-05-04""","Clothing","1732"
"6250","92","""2025-06-10""","Home & Kitchen","12651"
"6251","439","""2026-09-09""","Grocery","9852"
"6252","43","""2024-11-19""","Jewelry","9645"
"6253","73","""2025-09-30""","Beauty","46621"
"6254","89","""2026-04-30""","Clothing","34310"
"6255","15","""2026-07-26""","Sports","48742"
"6256","16","""2026-02-18""","Electronics","20091"
"6257","443","""2024-10-31""","Sports","5723"
"6258","484","""2024-11-05""","Toys","2301"
"6259","898","""2026-08-16""","Jewelry","1256"
"6260","972","""2025-12-23""","Clothing","1711"
"6261","442","""2026-02-16""","Mobile Accessories","6321"
"6262","4","""2025-09-15""","Electronics","16492"
"6263","99","""2026-05-26""","Jewelry","42368"
"6264","605","""2025-08-21""","Home & Kitchen","1235"
"6265","192","""2026-05-10""","Beauty","36859"
"6266","543","""2026-02-19""","Grocery","4769"
"6267","767","""2026-02-21""","Beauty","3025"
"6268","149","""2025-03-29""","Grocery","26380"
"6269","376","""2025-03-25""","Clothing","13505"
"6270","52","""2026-04-09""","Sports","33956"
"6271","533","""2025-09-13""","Sports","2874"
"6272","477","""2025-06-16""","Toys","6318"
"6273","564","""2026-04-30""","Clothing","3666"
"6274","670","""2025-05-29""","Toys","3619"
"6275","279","""2025-01-02""","Mobile Accessories","10583"
"6276","375","""2026-01-31""","Toys","14883"
"6277","351","""2025-01-31""","Electronics","13180"
"6278","427","""2026-06-24""","Toys","10313"
"6279","200","""2025-08-25""","Electronics","15884"
"6280","193","""2025-08-25""","Clothing","3672"
"6281","80","""2026-03-11""","Mobile Accessories","17796"
"6282","114","""2026-05-08""","Books","21122"
"6283","825","""2025-04-22""","Grocery","728"
"6284","419","""2025-07-25""","Jewelry","1580"
"6285","560","""2026-08-29""","Home & Kitchen","1283"
"6286","190","""2026-01-26""","Beauty","9013"
"6287","422","""2026-03-17""","Beauty","5089"
"6288","311","""2024-12-24""","Toys","7868"
"6289","481","""2025-11-02""","Sports","2637"
"6290","229","""2026-01-10""","Sports","3101"
"6291","280","""2026-03-09""","Grocery","8176"
"6292","71","""2026-01-31""","Beauty","49066"
"6293","336","""2026-04-15""","Beauty","14850"
"6294","483","""2026-03-19""","Jewelry","10125"
"6295","903","""2025-03-18""","Beauty","2382"
"6296","399","""2025-08-18""","Books","10955"
"6297","449","""2025-01-20""","Electronics","8146"
"6298","963","""2025-09-17""","Jewelry","4755"
"6299","57","""2025-12-03""","Beauty","27577"
"6300","374","""2026-05-21""","Clothing","9666"
"6301","40","""2025-08-15""","Beauty","48655"
"6302","468","""2025-01-12""","Beauty","2918"
"6303","757","""2026-04-08""","Beauty","1359"
"6304","118","""2025-09-24""","Toys","5448"
"6305","24","""2026-09-14""","Home & Kitchen","29086"
"6306","274","""2025-05-16""","Books","13656"
"6307","899","""2024-12-30""","Clothing","2444"
"6308","683","""2026-02-05""","Grocery","1980"
"6309","28","""2026-05-04""","Jewelry","46189"
"6310","181","""2024-10-21""","Sports","8356"
"6311","121","""2025-03-10""","Beauty","12388"
"6312","17","""2025-05-27""","Home & Kitchen","2587"
"6313","904","""2025-02-03""","Electronics","2499"
"6314","253","""2026-02-02""","Mobile Accessories","6522"
"6315","71","""2026-02-09""","Toys","17684"
"6316","250","""2026-02-18""","Sports","11747"
"6317","349","""2026-08-06""","Sports","14916"
"6318","235","""2025-01-25""","Jewelry","7376"
"6319","79","""2025-07-07""","Beauty","42850"
"6320","921","""2026-07-22""","Sports","4325"
"6321","380","""2025-06-20""","Beauty","3162"
"6322","366","""2025-07-29""","Books","6722"
"6323","917","""2025-02-11""","Books","2111"
"6324","433","""2024-09-29""","Electronics","8936"
"6325","97","""2026-06-01""","Home & Kitchen","33010"
"6326","95","""2025-07-11""","Sports","30767"
"6327","917","""2026-03-09""","Mobile Accessories","1736"
"6328","218","""2025-03-21""","Electronics","8313"
"6329","270","""2026-07-05""","Grocery","9818"
"6330","314","""2025-04-19""","Beauty","5833"
"6331","448","""2025-07-09""","Toys","12203"
"6332","196","""2025-01-08""","Books","34800"
"6333","943","""2025-10-11""","Grocery","404"
"6334","31","""2026-03-30""","Books","12075"
"6335","416","""2026-05-12""","Electronics","8546"
"6336","69","""2025-02-15""","Toys","10308"
"6337","145","""2025-07-06""","Grocery","41830"
"6338","415","""2026-05-12""","Electronics","7323"
"6339","341","""2026-04-28""","Electronics","6794"
"6340","362","""2025-09-01""","Electronics","10660"
"6341","167","""2026-01-06""","Grocery","26074"
"6342","470","""2025-08-11""","Mobile Accessories","14774"
"6343","774","""2026-08-13""","Home & Kitchen","4613"
"6344","42","""2025-08-06""","Sports","16252"
"6345","56","""2025-02-06""","Mobile Accessories","33466"
"6346","217","""2026-03-25""","Sports","13871"
"6347","497","""2026-04-16""","Books","12831"
"6348","90","""2024-12-06""","Mobile Accessories","43031"
"6349","32","""2025-04-02""","Beauty","18322"
"6350","270","""2025-03-03""","Electronics","11274"
"6351","339","""2026-08-02""","Electronics","327"
"6352","342","""2025-05-21""","Books","13657"
"6353","469","""2026-08-18""","Sports","4579"
"6354","144","""2024-11-10""","Clothing","2858"
"6355","381","""2025-07-03""","Jewelry","13514"
"6356","637","""2026-04-26""","Electronics","3782"
"6357","737","""2026-02-09""","Jewelry","836"
"6358","13","""2025-08-30""","Beauty","8757"
"6359","188","""2026-04-30""","Toys","31395"
"6360","269","""2026-03-20""","Toys","9528"
"6361","121","""2026-06-07""","Electronics","20069"
"6362","386","""2026-04-24""","Home & Kitchen","12810"
"6363","254","""2025-12-12""","Electronics","12684"
"6364","468","""2025-10-04""","Mobile Accessories","14149"
"6365","176","""2025-08-18""","Mobile Accessories","41018"
"6366","80","""2026-04-16""","Beauty","27559"
"6367","108","""2024-11-04""","Electronics","39180"
"6368","330","""2024-12-06""","Toys","8543"
"6369","845","""2026-05-13""","Jewelry","4864"
"6370","335","""2024-10-04""","Sports","6541"
"6371","59","""2025-10-29""","Sports","2638"
"6372","39","""2025-05-19""","Books","34162"
"6373","439","""2025-03-30""","Home & Kitchen","11385"
"6374","116","""2024-10-17""","Books","19371"
"6375","19","""2025-06-15""","Clothing","19983"
"6376","652","""2026-05-14""","Jewelry","670"
"6377","158","""2026-03-29""","Jewelry","13740"
"6378","78","""2025-09-16""","Clothing","17733"
"6379","103","""2026-02-20""","Jewelry","5439"
"6380","58","""2026-06-16""","Clothing","48938"
"6381","46","""2026-05-23""","Mobile Accessories","12121"
"6382","177","""2024-12-05""","Clothing","44122"
"6383","170","""2025-05-06""","Beauty","30052"
"6384","322","""2026-07-29""","Clothing","14449"
"6385","794","""2025-02-08""","Home & Kitchen","3224"
"6386","81","""2026-04-22""","Sports","12077"
"6387","398","""2025-02-18""","Jewelry","6434"
"6388","689","""2025-04-19""","Sports","2210"
"6389","183","""2024-09-28""","Grocery","4707"
"6390","783","""2024-10-13""","Beauty","3236"
"6391","14","""2026-09-22""","Grocery","28609"
"6392","105","""2026-01-06""","Sports","6767"
"6393","432","""2025-05-28""","Clothing","590"
"6394","27","""2026-04-20""","Grocery","45438"
"6395","516","""2026-06-30""","Beauty","4041"
"6396","678","""2025-10-06""","Home & Kitchen","1197"
"6397","976","""2025-03-17""","Electronics","4956"
"6398","171","""2025-06-27""","Beauty","34383"
"6399","157","""2025-01-08""","Clothing","32594"
"6400","87","""2025-06-22""","Beauty","38516"
"6401","217","""2025-09-05""","Toys","6162"
"6402","72","""2024-10-28""","Books","23253"
"6403","658","""2025-07-17""","Beauty","4678"
"6404","87","""2026-07-12""","Grocery","39185"
"6405","917","""2024-11-26""","Home & Kitchen","2215"
"6406","451","""2025-03-17""","Books","11989"
"6407","350","""2026-01-08""","Beauty","10317"
"6408","10","""2025-07-02""","Jewelry","20734"
"6409","290","""2026-01-06""","Jewelry","3458"
"6410","141","""2024-10-13""","Mobile Accessories","6576"
"6411","86","""2026-06-29""","Books","21716"
"6412","965","""2026-02-01""","Toys","4527"
"6413","248","""2025-04-08""","Beauty","3910"
"6414","144","""2025-06-21""","Electronics","14725"
"6415","401","""2025-09-08""","Grocery","5916"
"6416","103","""2025-08-09""","Electronics","33645"
"6417","318","""2026-08-30""","Electronics","9860"
"6418","846","""2026-04-11""","Jewelry","3925"
"6419","34","""2026-06-04""","Books","7040"
"6420","952","""2025-09-02""","Beauty","736"
"6421","213","""2026-08-09""","Toys","4908"
"6422","232","""2025-12-08""","Mobile Accessories","12856"
"6423","343","""2026-01-24""","Clothing","2690"
"6424","375","""2024-11-05""","Mobile Accessories","7748"
"6425","59","""2025-04-28""","Sports","10745"
"6426","436","""2026-07-06""","Mobile Accessories","5679"
"6427","63","""2025-07-25""","Electronics","25449"
"6428","237","""2026-05-01""","Books","3711"
"6429","353","""2026-03-25""","Clothing","14788"
"6430","416","""2026-01-05""","Jewelry","13055"
"6431","327","""2026-08-29""","Books","6460"
"6432","201","""2026-08-30""","Beauty","3478"
"6433","422","""2025-11-14""","Home & Kitchen","5066"
"6434","12","""2025-11-10""","Home & Kitchen","4670"
"6435","159","""2026-05-03""","Jewelry","22675"
"6436","221","""2024-10-15""","Books","6850"
"6437","625","""2025-06-20""","Electronics","2666"
"6438","419","""2025-11-23""","Grocery","14766"
"6439","159","""2025-06-29""","Beauty","22236"
"6440","164","""2025-04-29""","Toys","19476"
"6441","129","""2025-09-09""","Mobile Accessories","35575"
"6442","660","""2026-08-25""","Mobile Accessories","3166"
"6443","891","""2026-07-22""","Home & Kitchen","1999"
"6444","18","""2024-10-27""","Grocery","40392"
"6445","29","""2025-03-19""","Mobile Accessories","48443"
"6446","180","""2026-03-07""","Jewelry","24638"
"6447","801","""2026-03-27""","Grocery","1841"
"6448","497","""2024-11-18""","Home & Kitchen","4225"
"6449","75","""2024-11-05""","Toys","6713"
"6450","563","""2026-09-23""","Clothing","4300"
"6451","333","""2025-10-12""","Sports","4432"
"6452","367","""2025-11-06""","Home & Kitchen","6119"
"6453","128","""2025-11-17""","Home & Kitchen","20846"
"6454","6","""2024-11-04""","Books","13765"
"6455","469","""2025-09-04""","Sports","2829"
"6456","28","""2026-08-30""","Electronics","22636"
"6457","426","""2025-08-24""","Toys","8082"
"6458","207","""2026-03-21""","Mobile Accessories","5467"
"6459","96","""2024-10-19""","Books","36920"
"6460","229","""2025-06-22""","Beauty","9517"
"6461","161","""2025-08-11""","Home & Kitchen","6502"
"6462","821","""2024-11-22""","Home & Kitchen","2267"
"6463","148","""2024-12-08""","Clothing","26945"
"6464","582","""2025-03-01""","Jewelry","3756"
"6465","193","""2024-11-16""","Toys","35087"
"6466","785","""2024-10-27""","Sports","1557"
"6467","365","""2025-11-25""","Books","12223"
"6468","370","""2024-12-23""","Beauty","10989"
"6469","735","""2025-07-17""","Mobile Accessories","3290"
"6470","187","""2025-08-25""","Sports","33913"
"6471","52","""2024-11-27""","Books","22666"
"6472","111","""2025-03-08""","Jewelry","42253"
"6473","313","""2026-04-26""","Books","5521"
"6474","484","""2026-07-14""","Mobile Accessories","5477"
"6475","176","""2024-12-27""","Sports","41190"
"6476","219","""2026-06-20""","Toys","3686"
"6477","507","""2026-06-14""","Mobile Accessories","4892"
"6478","895","""2024-12-19""","Mobile Accessories","3736"
"6479","578","""2026-08-31""","Jewelry","3498"
"6480","482","""2025-07-14""","Beauty","3349"
"6481","387","""2025-01-18""","Sports","13516"
"6482","824","""2025-03-04""","Clothing","2396"
"6483","686","""2025-03-20""","Mobile Accessories","3693"
"6484","99","""2025-03-26""","Clothing","21953"
"6485","397","""2026-08-03""","Grocery","5208"
"6486","371","""2025-02-21""","Jewelry","10434"
"6487","514","""2025-08-15""","Sports","429"
"6488","726","""2024-10-02""","Grocery","1066"
"6489","238","""2026-02-17""","Clothing","5992"
"6490","487","""2026-09-16""","Grocery","12562"
"6491","517","""2026-05-05""","Jewelry","2682"
"6492","126","""2025-11-08""","Mobile Accessories","19156"
"6493","442","""2025-06-30""","Electronics","9863"
"6494","596","""2025-01-21""","Home & Kitchen","4396"
"6495","484","""2025-02-08""","Clothing","865"
"6496","543","""2026-06-28""","Books","2404"
"6497","420","""2026-04-01""","Sports","1697"
"6498","279","""2026-01-18""","Jewelry","13431"
"6499","70","""2026-08-21""","Sports","28720"
"6500","997","""2025-03-11""","Toys","4919"
"6501","60","""2026-04-01""","Toys","12226"
"6502","121","""2026-04-10""","Grocery","19129"
"6503","151","""2025-04-28""","Beauty","33418"
"6504","346","""2025-04-20""","Sports","14716"
"6505","174","""2026-05-01""","Electronics","12879"
"6506","273","""2025-01-06""","Jewelry","11059"
"6507","95","""2025-12-15""","Electronics","10982"
"6508","200","""2026-05-01""","Books","44890"
"6509","207","""2026-07-07""","Home & Kitchen","14929"
"6510","78","""2026-01-04""","Sports","43470"
"6511","467","""2024-12-26""","Books","13295"
"6512","171","""2025-04-02""","Clothing","8530"
"6513","485","""2026-07-05""","Beauty","1261"
"6514","54","""2025-04-15""","Books","33150"
"6515","212","""2026-08-15""","Toys","2324"
"6516","411","""2026-06-18""","Toys","3117"
"6517","378","""2025-11-01""","Sports","12539"
"6518","278","""2026-06-09""","Sports","7558"
"6519","104","""2024-11-21""","Mobile Accessories","44660"
"6520","546","""2025-03-18""","Mobile Accessories","3163"
"6521","407","""2026-02-25""","Home & Kitchen","7530"
"6522","183","""2026-02-07""","Toys","37626"
"6523","176","""2025-07-04""","Mobile Accessories","21697"
"6524","106","""2025-02-11""","Beauty","34977"
"6525","120","""2025-02-20""","Toys","40688"
"6526","447","""2025-10-24""","Mobile Accessories","9723"
"6527","673","""2025-04-12""","Electronics","1630"
"6528","436","""2024-10-22""","Toys","13700"
"6529","35","""2025-01-31""","Electronics","22472"
"6530","12","""2024-09-28""","Jewelry","49392"
"6531","827","""2026-08-30""","Clothing","1333"
"6532","450","""2025-12-18""","Electronics","14091"
"6533","364","""2025-01-03""","Beauty","6689"
"6534","203","""2025-01-08""","Books","14289"
"6535","918","""2025-05-25""","Clothing","4160"
"6536","590","""2026-08-26""","Books","4737"
"6537","852","""2025-11-15""","Books","3648"
"6538","671","""2025-01-03""","Jewelry","1344"
"6539","390","""2025-06-10""","Beauty","3645"
"6540","536","""2025-10-16""","Books","259"
"6541","944","""2025-07-15""","Beauty","2438"
"6542","219","""2025-06-03""","Sports","9110"
"6543","520","""2026-02-22""","Mobile Accessories","4802"
"6544","241","""2026-05-15""","Electronics","5757"
"6545","192","""2024-09-27""","Clothing","20518"
"6546","64","""2025-03-04""","Clothing","34528"
"6547","190","""2026-05-14""","Electronics","31097"
"6548","73","""2025-04-29""","Sports","19394"
"6549","10","""2024-10-30""","Toys","32503"
"6550","164","""2026-03-03""","Electronics","32386"
"6551","449","""2026-03-06""","Grocery","503"
"6552","469","""2025-03-06""","Grocery","9468"
"6553","454","""2026-09-09""","Clothing","9463"
"6554","35","""2025-11-17""","Beauty","46893"
"6555","271","""2025-03-20""","Electronics","8492"
"6556","134","""2025-04-17""","Electronics","21410"
"6557","455","""2025-01-04""","Home & Kitchen","2871"
"6558","480","""2025-09-19""","Beauty","5993"
"6559","666","""2025-03-16""","Electronics","723"
"6560","349","""2026-05-06""","Clothing","6731"
"6561","189","""2026-05-05""","Grocery","16139"
"6562","213","""2025-04-30""","Sports","13482"
"6563","26","""2026-09-07""","Jewelry","9384"
"6564","74","""2024-11-06""","Electronics","22819"
"6565","38","""2025-10-04""","Sports","6645"
"6566","465","""2024-10-11""","Electronics","7601"
"6567","137","""2025-09-01""","Grocery","34591"
"6568","43","""2024-09-28""","Jewelry","39740"
"6569","355","""2026-04-22""","Home & Kitchen","1637"
"6570","385","""2026-09-21""","Beauty","5701"
"6571","345","""2025-12-25""","Electronics","5254"
"6572","211","""2025-06-22""","Beauty","2622"
"6573","556","""2026-03-29""","Grocery","1766"
"6574","200","""2025-09-15""","Home & Kitchen","19163"
"6575","812","""2025-07-07""","Mobile Accessories","688"
"6576","131","""2026-05-13""","Jewelry","20298"
"6577","434","""2025-11-09""","Sports","5428"
"6578","920","""2026-07-06""","Beauty","3241"
"6579","432","""2026-09-03""","Toys","9403"
"6580","29","""2026-04-09""","Toys","5294"
"6581","947","""2025-09-26""","Home & Kitchen","1138"
"6582","208","""2026-05-22""","Electronics","12368"
"6583","161","""2025-05-26""","Books","21388"
"6584","151","""2025-08-30""","Electronics","13786"
"6585","815","""2026-04-30""","Toys","1192"
"6586","134","""2026-01-15""","Books","37919"
"6587","365","""2025-01-07""","Grocery","13501"
"6588","232","""2024-12-16""","Electronics","1546"
"6589","445","""2025-01-11""","Home & Kitchen","3337"
"6590","585","""2025-05-18""","Books","4330"
"6591","975","""2025-09-11""","Clothing","3996"
"6592","468","""2024-11-22""","Books","9083"
"6593","268","""2024-10-28""","Mobile Accessories","14391"
"6594","128","""2026-06-03""","Books","17613"
"6595","390","""2025-08-09""","Jewelry","4712"
"6596","469","""2025-08-09""","Clothing","2608"
"6597","31","""2024-10-17""","Home & Kitchen","12889"
"6598","66","""2026-01-23""","Books","48917"
"6599","480","""2026-05-25""","Sports","10703"
"6600","677","""2024-12-17""","Jewelry","1239"
"6601","563","""2026-09-18""","Books","1082"
"6602","457","""2025-02-14""","Mobile Accessories","1675"
"6603","41","""2026-01-18""","Beauty","16383"
"6604","260","""2026-06-26""","Jewelry","3866"
"6605","370","""2025-09-27""","Home & Kitchen","1431"
"6606","452","""2025-04-16""","Beauty","12399"
"6607","86","""2026-04-05""","Mobile Accessories","33907"
"6608","397","""2025-04-29""","Electronics","1027"
"6609","34","""2025-10-20""","Clothing","33933"
"6610","833","""2024-11-09""","Mobile Accessories","866"
"6611","518","""2025-04-15""","Toys","1488"
"6612","305","""2026-03-04""","Toys","10677"
"6613","547","""2024-12-25""","Beauty","2395"
"6614","800","""2025-12-02""","Mobile Accessories","1286"
"6615","189","""2024-09-28""","Beauty","26855"
"6616","190","""2025-07-01""","Home & Kitchen","42488"
"6617","126","""2025-04-11""","Clothing","37153"
"6618","462","""2026-05-23""","Toys","1693"
"6619","86","""2026-08-08""","Home & Kitchen","13636"
"6620","389","""2026-09-24""","Home & Kitchen","12002"
"6621","183","""2025-01-28""","Beauty","42610"
"6622","616","""2025-03-03""","Beauty","1215"
"6623","56","""2025-09-22""","Jewelry","25860"
"6624","624","""2025-08-18""","Jewelry","1376"
"6625","279","""2026-07-06""","Toys","1892"
"6626","324","""2024-11-17""","Home & Kitchen","1847"
"6627","364","""2026-03-28""","Grocery","5032"
"6628","132","""2026-02-02""","Clothing","25743"
"6629","526","""2025-10-13""","Toys","2084"
"6630","984","""2024-12-29""","Books","4665"
"6631","849","""2025-09-24""","Mobile Accessories","141"
"6632","35","""2025-08-21""","Electronics","21559"
"6633","28","""2025-07-01""","Mobile Accessories","39113"
"6634","381","""2025-09-07""","Clothing","3065"
"6635","118","""2026-05-29""","Home & Kitchen","17853"
"6636","12","""2026-06-16""","Grocery","6634"
"6637","56","""2025-10-22""","Sports","29876"
"6638","302","""2024-10-30""","Mobile Accessories","2597"
"6639","217","""2025-02-19""","Mobile Accessories","9861"
"6640","407","""2026-03-07""","Jewelry","737"
"6641","131","""2025-10-14""","Toys","14535"
"6642","107","""2025-05-15""","Mobile Accessories","13644"
"6643","487","""2026-02-17""","Jewelry","7867"
"6644","283","""2026-03-06""","Books","9574"
"6645","44","""2026-09-12""","Sports","44856"
"6646","157","""2025-01-15""","Sports","42690"
"6647","225","""2025-09-28""","Beauty","9156"
"6648","117","""2024-09-27""","Toys","39732"
"6649","820","""2026-02-15""","Sports","1335"
"6650","44","""2026-03-10""","Toys","4985"
"6651","631","""2026-06-11""","Clothing","375"
"6652","573","""2025-11-18""","Clothing","1335"
"6653","470","""2025-04-08""","Clothing","8921"
"6654","190","""2024-10-25""","Sports","37011"
"6655","834","""2026-06-13""","Grocery","723"
"6656","282","""2026-05-03""","Jewelry","13055"
"6657","491","""2025-01-16""","Mobile Accessories","4741"
"6658","112","""2025-06-15""","Mobile Accessories","39324"
"6659","203","""2025-05-12""","Beauty","11727"
"6660","147","""2025-10-31""","Books","15924"
"6661","179","""2026-06-18""","Sports","15053"
"6662","309","""2026-08-05""","Electronics","11804"
"6663","510","""2025-10-03""","Electronics","4866"
"6664","225","""2024-10-26""","Sports","8497"
"6665","449","""2025-04-12""","Toys","3576"
"6666","334","""2026-04-19""","Beauty","1828"
"6667","502","""2024-09-27""","Beauty","4465"
"6668","400","""2026-04-26""","Sports","8997"
"6669","752","""2025-04-18""","Clothing","3269"
"6670","427","""2025-02-19""","Home & Kitchen","915"
"6671","221","""2025-11-07""","Clothing","3394"
"6672","795","""2026-01-12""","Toys","4720"
"6673","500","""2026-06-11""","Mobile Accessories","9447"
"6674","543","""2025-11-23""","Grocery","3080"
"6675","189","""2025-02-18""","Books","12089"
"6676","286","""2025-12-28""","Books","2324"
"6677","269","""2026-04-15""","Books","14693"
"6678","59","""2026-02-23""","Mobile Accessories","10969"
"6679","855","""2025-10-12""","Grocery","2477"
"6680","524","""2026-08-21""","Toys","3019"
"6681","441","""2026-04-10""","Home & Kitchen","14543"
"6682","24","""2025-01-08""","Grocery","30065"
"6683","893","""2024-10-31""","Grocery","4206"
"6684","30","""2025-09-26""","Grocery","16445"
"6685","345","""2025-07-25""","Electronics","11007"
"6686","480","""2026-07-16""","Sports","11033"
"6687","162","""2026-01-02""","Toys","5814"
"6688","128","""2025-01-20""","Electronics","23393"
"6689","315","""2025-05-23""","Jewelry","6791"
"6690","159","""2025-05-12""","Grocery","25050"
"6691","438","""2025-01-26""","Electronics","9379"
"6692","45","""2025-07-20""","Toys","2804"
"6693","61","""2026-07-26""","Electronics","27370"
"6694","615","""2026-02-15""","Mobile Accessories","228"
"6695","370","""2026-06-20""","Beauty","2156"
"6696","22","""2026-08-25""","Mobile Accessories","3415"
"6697","679","""2025-02-15""","Books","3187"
"6698","97","""2025-09-11""","Home & Kitchen","40319"
"6699","799","""2026-02-10""","Jewelry","4822"
"6700","689","""2025-02-15""","Beauty","1468"
"6701","983","""2026-01-26""","Jewelry","1939"
"6702","739","""2025-03-30""","Toys","4697"
"6703","135","""2025-12-05""","Books","38362"
"6704","126","""2025-10-19""","Electronics","15143"
"6705","771","""2025-12-15""","Clothing","4737"
"6706","409","""2024-09-30""","Books","5448"
"6707","148","""2024-10-15""","Sports","3259"
"6708","69","""2025-10-16""","Electronics","32806"
"6709","224","""2026-02-25""","Beauty","8489"
"6710","266","""2026-06-17""","Mobile Accessories","12779"
"6711","369","""2024-10-22""","Home & Kitchen","11439"
"6712","377","""2026-07-18""","Clothing","10932"
"6713","114","""2025-05-03""","Home & Kitchen","14690"
"6714","370","""2024-09-30""","Mobile Accessories","8366"
"6715","288","""2026-04-24""","Clothing","11127"
"6716","132","""2026-01-01""","Sports","2511"
"6717","209","""2026-07-31""","Electronics","13483"
"6718","424","""2025-10-21""","Mobile Accessories","10800"
"6719","122","""2026-03-31""","Toys","3569"
"6720","416","""2026-02-19""","Jewelry","962"
"6721","187","""2026-06-01""","Grocery","28991"
"6722","403","""2025-02-17""","Electronics","10938"
"6723","798","""2025-12-23""","Jewelry","3240"
"6724","137","""2024-12-01""","Sports","24682"
"6725","388","""2025-07-28""","Grocery","5053"
"6726","28","""2026-04-12""","Beauty","41331"
"6727","192","""2026-05-18""","Clothing","5299"
"6728","379","""2026-05-20""","Clothing","5118"
"6729","838","""2026-04-29""","Home & Kitchen","3193"
"6730","117","""2025-12-05""","Sports","3438"
"6731","194","""2025-07-19""","Grocery","38395"
"6732","683","""2024-11-08""","Toys","573"
"6733","219","""2025-04-16""","Toys","6114"
"6734","59","""2025-12-27""","Grocery","13494"
"6735","412","""2025-06-08""","Books","13294"
"6736","140","""2026-01-30""","Jewelry","15855"
"6737","405","""2025-05-05""","Beauty","4272"
"6738","101","""2025-01-24""","Sports","19574"
"6739","137","""2025-07-26""","Mobile Accessories","35484"
"6740","472","""2026-09-23""","Beauty","7767"
"6741","289","""2025-08-08""","Sports","5004"
"6742","147","""2025-03-22""","Home & Kitchen","38136"
"6743","90","""2025-09-18""","Mobile Accessories","9513"
"6744","995","""2025-02-22""","Clothing","3324"
"6745","189","""2025-01-26""","Jewelry","26879"
"6746","122","""2025-08-19""","Clothing","32481"
"6747","626","""2026-06-10""","Home & Kitchen","1342"
"6748","169","""2024-11-10""","Sports","3961"
"6749","143","""2025-04-02""","Sports","11961"
"6750","40","""2025-05-07""","Beauty","46453"
"6751","37","""2025-09-14""","Jewelry","18817"
"6752","850","""2024-10-02""","Electronics","4431"
"6753","225","""2025-04-17""","Sports","1194"
"6754","113","""2024-11-01""","Books","33275"
"6755","155","""2026-04-16""","Beauty","33139"
"6756","751","""2025-06-18""","Books","2680"
"6757","318","""2024-10-14""","Beauty","12568"
"6758","231","""2026-08-31""","Toys","4197"
"6759","803","""2025-06-30""","Clothing","3244"
"6760","175","""2025-03-26""","Mobile Accessories","11683"
"6761","149","""2025-10-23""","Beauty","43786"
"6762","177","""2026-04-09""","Beauty","6791"
"6763","909","""2025-01-09""","Toys","1587"
"6764","147","""2025-12-23""","Clothing","27851"
"6765","988","""2026-06-18""","Books","662"
"6766","49","""2025-10-25""","Mobile Accessories","43059"
"6767","38","""2025-04-07""","Electronics","46137"
"6768","42","""2026-03-26""","Electronics","24322"
"6769","920","""2025-12-01""","Clothing","3986"
"6770","143","""2026-01-04""","Jewelry","21698"
"6771","58","""2025-10-26""","Beauty","18329"
"6772","104","""2025-06-13""","Sports","7689"
"6773","598","""2025-06-12""","Mobile Accessories","627"
"6774","152","""2026-02-08""","Clothing","6867"
"6775","157","""2026-02-16""","Beauty","23879"
"6776","871","""2026-01-10""","Books","444"
"6777","453","""2026-02-15""","Sports","5264"
"6778","170","""2024-11-19""","Toys","31541"
"6779","925","""2025-08-02""","Sports","909"
"6780","372","""2024-10-13""","Mobile Accessories","4888"
"6781","22","""2025-06-14""","Beauty","35320"
"6782","156","""2025-08-07""","Grocery","26239"
"6783","682","""2026-08-29""","Sports","177"
"6784","628","""2024-12-07""","Electronics","2771"
"6785","180","""2026-06-14""","Beauty","36098"
"6786","991","""2025-06-09""","Beauty","607"
"6787","104","""2026-01-31""","Jewelry","27609"
"6788","45","""2025-03-23""","Toys","41173"
"6789","885","""2025-02-14""","Mobile Accessories","2143"
"6790","446","""2025-08-24""","Jewelry","11848"
"6791","471","""2026-05-03""","Home & Kitchen","1886"
"6792","913","""2026-02-03""","Sports","4494"
"6793","521","""2025-06-27""","Beauty","3018"
"6794","490","""2025-02-16""","Clothing","472"
"6795","106","""2024-10-06""","Sports","6847"
"6796","688","""2026-03-14""","Sports","3449"
"6797","577","""2026-08-07""","Home & Kitchen","2455"
"6798","767","""2025-05-11""","Books","268"
"6799","203","""2025-10-20""","Grocery","2148"
"6800","233","""2025-08-02""","Grocery","6469"
"6801","127","""2025-06-06""","Grocery","3916"
"6802","327","""2025-05-14""","Sports","9792"
"6803","287","""2024-10-26""","Grocery","8735"
"6804","194","""2026-04-29""","Electronics","21857"
"6805","61","""2024-11-19""","Home & Kitchen","19546"
"6806","506","""2026-01-27""","Beauty","1763"
"6807","141","""2025-01-24""","Clothing","24002"
"6808","409","""2026-02-21""","Beauty","8169"
"6809","694","""2026-03-27""","Mobile Accessories","1449"
"6810","682","""2024-11-30""","Books","1736"
"6811","474","""2025-02-10""","Clothing","13503"
"6812","135","""2025-07-28""","Clothing","38112"
"6813","190","""2025-08-16""","Home & Kitchen","37131"
"6814","495","""2025-08-15""","Grocery","4584"
"6815","181","""2025-05-19""","Mobile Accessories","31450"
"6816","851","""2025-07-23""","Sports","4871"
"6817","544","""2024-10-04""","Grocery","633"
"6818","983","""2026-04-23""","Toys","2072"
"6819","732","""2025-06-24""","Home & Kitchen","1326"
"6820","621","""2026-03-11""","Electronics","2436"
"6821","373","""2026-09-17""","Clothing","10440"
"6822","176","""2025-07-27""","Clothing","6624"
"6823","956","""2025-10-06""","Toys","4852"
"6824","784","""2025-08-27""","Grocery","384"
"6825","125","""2025-07-28""","Clothing","10007"
"6826","323","""2026-03-13""","Mobile Accessories","11944"
"6827","885","""2026-04-05""","Mobile Accessories","472"
"6828","279","""2025-06-26""","Electronics","12557"
"6829","735","""2024-12-17""","Electronics","2827"
"6830","343","""2026-09-14""","Beauty","12865"
"6831","458","""2026-02-05""","Sports","6708"
"6832","266","""2025-07-05""","Mobile Accessories","3282"
"6833","66","""2025-10-08""","Toys","35655"
"6834","312","""2025-05-31""","Jewelry","1540"
"6835","495","""2026-01-11""","Clothing","12971"
"6836","188","""2025-12-28""","Clothing","26028"
"6837","282","""2025-02-26""","Jewelry","4800"
"6838","763","""2025-05-23""","Mobile Accessories","1622"
"6839","435","""2025-06-09""","Jewelry","3551"
"6840","87","""2026-06-12""","Toys","8237"
"6841","757","""2026-06-15""","Grocery","3048"
"6842","439","""2025-11-09""","Electronics","11831"
"6843","108","""2025-04-30""","Grocery","3902"
"6844","89","""2026-08-31""","Electronics","10528"
"6845","251","""2025-06-07""","Sports","12787"
"6846","123","""2025-02-08""","Clothing","33871"
"6847","9","""2026-04-06""","Mobile Accessories","22433"
"6848","26","""2025-03-31""","Clothing","8583"
"6849","334","""2026-08-19""","Mobile Accessories","6311"
"6850","992","""2025-10-04""","Jewelry","3639"
"6851","700","""2025-11-29""","Toys","579"
"6852","37","""2025-05-06""","Electronics","30360"
"6853","394","""2026-06-08""","Grocery","3170"
"6854","842","""2025-10-01""","Jewelry","332"
"6855","431","""2024-11-08""","Sports","6332"
"6856","290","""2024-12-25""","Grocery","8115"
"6857","953","""2024-11-10""","Books","4673"
"6858","858","""2026-06-01""","Electronics","4947"
"6859","533","""2026-02-23""","Jewelry","429"
"6860","481","""2025-04-22""","Books","2073"
"6861","290","""2025-09-13""","Home & Kitchen","10177"
"6862","200","""2026-04-27""","Jewelry","31882"
"6863","419","""2025-09-08""","Electronics","14835"
"6864","642","""2025-04-23""","Mobile Accessories","4181"
"6865","75","""2026-08-17""","Sports","46952"
"6866","169","""2025-07-02""","Clothing","44075"
"6867","11","""2025-07-11""","Grocery","47990"
"6868","213","""2025-01-19""","Home & Kitchen","7536"
"6869","245","""2025-06-04""","Books","11638"
"6870","40","""2026-05-11""","Mobile Accessories","11616"
"6871","615","""2024-11-14""","Grocery","2385"
"6872","348","""2025-05-04""","Beauty","7437"
"6873","149","""2026-01-09""","Clothing","5415"
"6874","836","""2025-06-18""","Clothing","859"
"6875","287","""2025-05-01""","Beauty","8198"
"6876","122","""2025-11-05""","Toys","25097"
"6877","608","""2025-09-05""","Grocery","4998"
"6878","227","""2025-11-17""","Beauty","10062"
"6879","268","""2026-05-15""","Clothing","11596"
"6880","336","""2025-12-23""","Beauty","3494"
"6881","596","""2025-11-29""","Books","1518"
"6882","143","""2026-04-09""","Books","37345"
"6883","253","""2025-09-06""","Mobile Accessories","2733"
"6884","527","""2025-12-08""","Clothing","517"
"6885","163","""2025-04-16""","Toys","2979"
"6886","156","""2025-06-18""","Beauty","35958"
"6887","141","""2026-05-01""","Electronics","41076"
"6888","130","""2025-09-07""","Toys","15868"
"6889","54","""2025-04-19""","Sports","41727"
"6890","873","""2025-08-07""","Sports","1444"
"6891","879","""2026-06-05""","Grocery","606"
"6892","327","""2025-05-04""","Books","1736"
"6893","239","""2025-03-24""","Jewelry","14741"
"6894","82","""2025-09-18""","Sports","25094"
"6895","474","""2026-07-28""","Jewelry","6959"
"6896","428","""2026-01-05""","Home & Kitchen","14180"
"6897","104","""2026-02-02""","Beauty","32296"
"6898","317","""2025-06-24""","Books","10978"
"6899","393","""2026-06-14""","Mobile Accessories","10128"
"6900","220","""2025-07-13""","Toys","9731"
"6901","434","""2026-04-22""","Mobile Accessories","13994"
"6902","364","""2026-08-08""","Electronics","5558"
"6903","620","""2025-05-14""","Books","1984"
"6904","698","""2024-10-16""","Sports","1599"
"6905","565","""2025-04-25""","Books","3147"
"6906","607","""2025-12-29""","Mobile Accessories","2150"
"6907","2","""2026-09-23""","Beauty","43229"
"6908","183","""2026-06-14""","Home & Kitchen","32461"
"6909","14","""2026-03-06""","Grocery","46467"
"6910","432","""2025-11-11""","Mobile Accessories","2048"
"6911","150","""2025-04-19""","Electronics","11131"
"6912","165","""2024-12-26""","Beauty","20512"
"6913","185","""2025-03-08""","Home & Kitchen","10748"
"6914","98","""2025-05-13""","Sports","40883"
"6915","401","""2025-06-09""","Electronics","1237"
"6916","414","""2024-11-28""","Grocery","8544"
"6917","179","""2024-12-26""","Sports","19932"
"6918","138","""2025-02-20""","Grocery","35863"
"6919","381","""2025-06-13""","Beauty","11304"
"6920","487","""2026-04-11""","Grocery","10374"
"6921","397","""2025-07-29""","Beauty","12955"
"6922","724","""2026-07-09""","Sports","1773"
"6923","107","""2025-05-29""","Mobile Accessories","17660"
"6924","513","""2026-03-01""","Sports","3407"
"6925","530","""2026-09-13""","Beauty","1432"
"6926","166","""2025-04-24""","Books","13739"
"6927","446","""2026-05-12""","Books","6217"
"6928","449","""2026-03-10""","Clothing","3329"
"6929","115","""2024-11-24""","Home & Kitchen","32231"
"6930","34","""2025-05-04""","Beauty","46071"
"6931","172","""2025-07-25""","Toys","14085"
"6932","419","""2025-01-20""","Books","6524"
"6933","15","""2026-06-12""","Beauty","7551"
"6934","281","""2026-02-28""","Beauty","13670"
"6935","991","""2025-01-30""","Books","4110"
"6936","329","""2026-04-23""","Toys","8738"
"6937","21","""2025-03-03""","Electronics","30188"
"6938","112","""2025-03-08""","Mobile Accessories","5351"
"6939","792","""2025-06-09""","Beauty","1506"
"6940","280","""2026-08-15""","Grocery","13138"
"6941","438","""2025-07-29""","Clothing","9211"
"6942","164","""2025-07-14""","Beauty","44143"
"6943","820","""2024-12-09""","Books","3564"
"6944","169","""2024-12-28""","Toys","39947"
"6945","458","""2025-09-30""","Electronics","9635"
"6946","154","""2025-09-29""","Clothing","34526"
"6947","641","""2024-09-29""","Sports","1954"
"6948","65","""2024-09-29""","Grocery","11129"
"6949","893","""2025-01-30""","Clothing","3769"
"6950","324","""2026-04-09""","Grocery","14182"
"6951","276","""2024-09-28""","Clothing","6644"
"6952","809","""2026-07-19""","Grocery","443"
"6953","81","""2025-02-11""","Jewelry","49137"
"6954","483","""2025-04-12""","Beauty","2351"
"6955","98","""2024-10-15""","Sports","41272"
"6956","488","""2024-11-24""","Books","10026"
"6957","179","""2025-07-14""","Clothing","24961"
"6958","603","""2025-03-31""","Sports","2722"
"6959","383","""2025-01-07""","Clothing","9044"
"6960","191","""2025-11-11""","Home & Kitchen","33649"
"6961","275","""2025-08-01""","Mobile Accessories","2831"
"6962","398","""2026-03-28""","Beauty","12060"
"6963","16","""2026-08-24""","Beauty","13499"
"6964","921","""2026-07-06""","Sports","2315"
"6965","147","""2025-12-28""","Toys","10113"
"6966","600","""2025-10-05""","Clothing","4062"
"6967","350","""2024-10-11""","Toys","3828"
"6968","166","""2026-06-07""","Books","12417"
"6969","284","""2024-10-21""","Beauty","7827"
"6970","132","""2026-06-06""","Beauty","25738"
"6971","20","""2026-09-25""","Electronics","28204"
"6972","280","""2026-05-29""","Toys","14683"
"6973","290","""2025-10-07""","Books","7446"
"6974","208","""2025-06-11""","Grocery","6418"
"6975","306","""2024-12-10""","Jewelry","14341"
"6976","139","""2024-12-25""","Mobile Accessories","5750"
"6977","411","""2025-05-05""","Mobile Accessories","6013"
"6978","157","""2025-05-15""","Mobile Accessories","39231"
"6979","239","""2026-05-15""","Mobile Accessories","5074"
"6980","718","""2026-07-29""","Home & Kitchen","1238"
"6981","33","""2026-04-17""","Electronics","38093"
"6982","433","""2025-01-30""","Home & Kitchen","1637"
"6983","121","""2026-03-15""","Jewelry","8017"
"6984","319","""2025-03-21""","Jewelry","10340"
"6985","206","""2026-06-09""","Grocery","7976"
"6986","399","""2025-12-08""","Mobile Accessories","7502"
"6987","402","""2025-09-11""","Beauty","5605"
"6988","14","""2025-03-16""","Jewelry","15256"
"6989","25","""2025-08-14""","Home & Kitchen","22880"
"6990","120","""2025-02-18""","Clothing","19012"
"6991","57","""2026-02-04""","Clothing","21442"
"6992","933","""2026-01-22""","Beauty","693"
"6993","183","""2026-03-14""","Toys","38024"
"6994","74","""2025-02-12""","Electronics","40462"
"6995","52","""2026-09-07""","Jewelry","32917"
"6996","365","""2025-01-23""","Books","5686"
"6997","13","""2026-03-01""","Home & Kitchen","7970"
"6998","186","""2025-08-19""","Grocery","26217"
"6999","458","""2024-10-30""","Grocery","8489"
"7000","47","""2026-01-03""","Toys","44623"
"7001","14","""2024-10-14""","Grocery","14790"
"7002","439","""2026-06-28""","Clothing","9480"
"7003","82","""2025-02-20""","Mobile Accessories","45214"
"7004","658","""2025-10-24""","Jewelry","2724"
"7005","473","""2026-05-14""","Clothing","6154"
"7006","416","""2025-02-26""","Beauty","12567"
"7007","754","""2025-02-15""","Clothing","4937"
"7008","200","""2026-04-10""","Jewelry","31747"
"7009","64","""2026-01-27""","Electronics","36241"
"7010","642","""2024-10-02""","Toys","4192"
"7011","574","""2025-05-27""","Grocery","401"
"7012","250","""2025-01-09""","Home & Kitchen","7749"
"7013","85","""2024-10-13""","Mobile Accessories","40676"
"7014","89","""2026-01-16""","Sports","49700"
"7015","173","""2024-09-27""","Grocery","25075"
"7016","63","""2025-07-26""","Home & Kitchen","44698"
"7017","325","""2025-02-16""","Books","10444"
"7018","329","""2026-03-10""","Mobile Accessories","477"
"7019","593","""2025-06-01""","Sports","2532"
"7020","992","""2026-08-20""","Sports","906"
"7021","73","""2025-08-06""","Books","48444"
"7022","115","""2026-05-03""","Clothing","7014"
"7023","721","""2025-11-25""","Home & Kitchen","3499"
"7024","431","""2025-12-21""","Electronics","12735"
"7025","89","""2024-09-25""","Jewelry","17265"
"7026","20","""2025-07-04""","Mobile Accessories","39312"
"7027","115","""2025-02-06""","Sports","10814"
"7028","33","""2025-03-10""","Beauty","18133"
"7029","403","""2026-02-06""","Sports","13571"
"7030","518","""2026-04-05""","Books","2842"
"7031","38","""2026-03-28""","Home & Kitchen","22988"
"7032","505","""2026-03-23""","Beauty","4495"
"7033","644","""2025-11-11""","Jewelry","1641"
"7034","236","""2026-02-05""","Mobile Accessories","785"
"7035","488","""2026-03-04""","Mobile Accessories","405"
"7036","564","""2026-04-09""","Toys","2011"
"7037","281","""2026-05-31""","Jewelry","1214"
"7038","162","""2025-12-05""","Electronics","30538"
"7039","12","""2025-03-03""","Toys","32099"
"7040","222","""2025-03-07""","Toys","14253"
"7041","562","""2025-08-07""","Clothing","130"
"7042","168","""2025-07-31""","Books","19280"
"7043","560","""2025-06-15""","Electronics","2004"
"7044","172","""2025-07-25""","Electronics","12964"
"7045","325","""2026-08-14""","Beauty","624"
"7046","239","""2026-03-08""","Sports","8183"
"7047","201","""2026-06-20""","Grocery","6038"
"7048","94","""2026-03-23""","Books","23433"
"7049","126","""2026-03-01""","Home & Kitchen","3270"
"7050","160","""2024-11-20""","Beauty","33406"
"7051","950","""2025-09-30""","Toys","2360"
"7052","156","""2025-07-14""","Clothing","24660"
"7053","897","""2025-01-31""","Beauty","1207"
"7054","465","""2025-12-12""","Home & Kitchen","4844"
"7055","283","""2026-01-26""","Grocery","13163"
"7056","171","""2026-05-29""","Clothing","15181"
"7057","267","""2026-05-17""","Sports","7058"
"7058","171","""2025-06-24""","Grocery","5499"
"7059","122","""2025-12-22""","Clothing","14021"
"7060","28","""2025-10-11""","Mobile Accessories","12920"
"7061","420","""2025-09-18""","Home & Kitchen","1500"
"7062","116","""2024-12-07""","Beauty","12021"
"7063","126","""2024-12-29""","Beauty","12170"
"7064","363","""2026-08-12""","Electronics","13275"
"7065","105","""2025-06-13""","Electronics","30595"
"7066","60","""2026-04-27""","Grocery","8415"
"7067","211","""2026-07-06""","Beauty","12673"
"7068","298","""2025-05-19""","Home & Kitchen","8565"
"7069","166","""2025-05-03""","Jewelry","2863"
"7070","279","""2025-08-09""","Beauty","2108"
"7071","3","""2025-03-21""","Beauty","32583"
"7072","596","""2026-08-31""","Home & Kitchen","1442"
"7073","290","""2025-10-15""","Sports","13364"
"7074","110","""2024-10-15""","Electronics","17700"
"7075","902","""2025-04-15""","Jewelry","573"
"7076","252","""2025-01-03""","Jewelry","9932"
"7077","476","""2026-08-23""","Toys","14994"
"7078","464","""2026-07-22""","Beauty","8398"
"7079","119","""2026-04-20""","Jewelry","38418"
"7080","573","""2025-07-21""","Grocery","608"
"7081","962","""2025-10-01""","Mobile Accessories","4359"
"7082","70","""2025-08-29""","Grocery","21898"
"7083","778","""2026-07-20""","Sports","593"
"7084","827","""2026-03-10""","Mobile Accessories","4683"
"7085","118","""2025-12-17""","Toys","26438"
"7086","173","""2024-11-03""","Toys","21775"
"7087","473","""2026-01-25""","Toys","12920"
"7088","207","""2025-07-03""","Electronics","10132"
"7089","80","""2026-01-15""","Home & Kitchen","11035"
"7090","486","""2025-12-18""","Jewelry","2027"
"7091","88","""2025-04-24""","Home & Kitchen","3892"
"7092","56","""2025-11-09""","Mobile Accessories","3256"
"7093","831","""2025-01-01""","Jewelry","843"
"7094","49","""2025-01-11""","Beauty","28991"
"7095","197","""2026-05-01""","Sports","18874"
"7096","75","""2025-04-02""","Toys","18994"
"7097","116","""2025-08-16""","Sports","42130"
"7098","306","""2025-03-03""","Electronics","2962"
"7099","275","""2026-05-11""","Jewelry","12564"
"7100","459","""2026-06-11""","Grocery","10477"
"7101","840","""2024-12-13""","Toys","1018"
"7102","117","""2025-07-25""","Mobile Accessories","38683"
"7103","378","""2026-06-05""","Beauty","625"
"7104","242","""2025-09-21""","Clothing","9488"
"7105","489","""2026-04-12""","Beauty","9193"
"7106","850","""2024-12-28""","Books","1296"
"7107","682","""2026-08-19""","Home & Kitchen","2539"
"7108","176","""2026-04-27""","Grocery","5309"
"7109","398","""2024-09-29""","Sports","5951"
"7110","110","""2025-05-15""","Sports","2837"
"7111","81","""2025-03-20""","Jewelry","33885"
"7112","13","""2026-03-09""","Jewelry","10063"
"7113","142","""2026-03-10""","Beauty","18762"
"7114","172","""2026-01-07""","Sports","31669"
"7115","230","""2024-10-24""","Toys","2838"
"7116","118","""2024-12-10""","Beauty","4980"
"7117","90","""2026-05-26""","Electronics","46239"
"7118","155","""2025-09-22""","Clothing","33116"
"7119","327","""2025-04-03""","Books","9117"
"7120","27","""2025-07-31""","Beauty","4479"
"7121","453","""2026-07-11""","Toys","9479"
"7122","126","""2025-08-15""","Mobile Accessories","3458"
"7123","28","""2025-03-14""","Mobile Accessories","46658"
"7124","1","""2024-10-13""","Mobile Accessories","9475"
"7125","91","""2026-06-19""","Beauty","36540"
"7126","4","""2026-01-21""","Jewelry","5649"
"7127","60","""2025-03-19""","Books","15419"
"7128","13","""2025-02-22""","Toys","24438"
"7129","3","""2025-12-03""","Clothing","27400"
"7130","915","""2025-02-26""","Beauty","127"
"7131","392","""2026-02-03""","Electronics","5675"
"7132","190","""2025-10-03""","Beauty","12147"
"7133","217","""2026-09-13""","Toys","4490"
"7134","117","""2025-09-11""","Mobile Accessories","32135"
"7135","66","""2025-08-03""","Toys","7892"
"7136","254","""2026-07-20""","Jewelry","2906"
"7137","8","""2025-04-22""","Electronics","44420"
"7138","203","""2025-04-01""","Jewelry","2807"
"7139","144","""2025-03-27""","Sports","23920"
"7140","92","""2025-07-06""","Toys","9677"
"7141","275","""2025-02-27""","Grocery","11643"
"7142","323","""2026-06-26""","Mobile Accessories","11689"
"7143","181","""2025-12-09""","Electronics","44562"
"7144","368","""2025-01-02""","Beauty","3288"
"7145","96","""2025-07-08""","Electronics","20736"
"7146","727","""2024-11-07""","Home & Kitchen","4388"
"7147","12","""2025-06-06""","Books","35292"
"7148","194","""2025-01-17""","Grocery","2946"
"7149","369","""2025-09-18""","Sports","3209"
"7150","28","""2024-12-17""","Books","49323"
"7151","626","""2026-08-20""","Electronics","3553"
"7152","327","""2026-04-23""","Toys","5675"
"7153","438","""2026-02-08""","Home & Kitchen","1250"
"7154","994","""2025-10-09""","Books","2521"
"7155","112","""2024-10-13""","Grocery","17548"
"7156","223","""2026-07-03""","Toys","5851"
"7157","484","""2026-03-08""","Jewelry","3185"
"7158","395","""2025-09-26""","Home & Kitchen","6896"
"7159","123","""2026-05-17""","Electronics","6591"
"7160","22","""2026-04-19""","Mobile Accessories","14017"
"7161","686","""2025-05-18""","Home & Kitchen","3052"
"7162","23","""2024-11-10""","Electronics","37319"
"7163","85","""2025-06-09""","Beauty","8841"
"7164","110","""2025-10-22""","Mobile Accessories","34096"
"7165","373","""2026-09-25""","Jewelry","11117"
"7166","459","""2026-02-17""","Electronics","7046"
"7167","558","""2026-06-18""","Home & Kitchen","2955"
"7168","202","""2026-07-15""","Grocery","3652"
"7169","996","""2025-08-11""","Home & Kitchen","1516"
"7170","128","""2026-04-02""","Mobile Accessories","41567"
"7171","331","""2025-11-16""","Mobile Accessories","2372"
"7172","182","""2026-06-21""","Books","44807"
"7173","71","""2024-10-23""","Home & Kitchen","6976"
"7174","539","""2025-05-08""","Home & Kitchen","1489"
"7175","284","""2026-03-02""","Home & Kitchen","14839"
"7176","191","""2025-01-18""","Home & Kitchen","24792"
"7177","345","""2026-02-21""","Clothing","5363"
"7178","333","""2025-04-01""","Grocery","1744"
"7179","145","""2026-05-14""","Jewelry","38397"
"7180","828","""2026-01-02""","Toys","4928"
"7181","311","""2025-10-02""","Jewelry","10412"
"7182","83","""2026-02-25""","Electronics","9097"
"7183","854","""2025-04-13""","Mobile Accessories","2410"
"7184","270","""2025-01-08""","Toys","1500"
"7185","835","""2025-05-28""","Beauty","2006"
"7186","854","""2025-09-02""","Books","2420"
"7187","177","""2026-01-23""","Grocery","39734"
"7188","905","""2026-09-15""","Jewelry","1653"
"7189","434","""2026-07-27""","Jewelry","13932"
"7190","298","""2026-06-23""","Jewelry","14207"
"7191","237","""2025-04-12""","Electronics","8191"
"7192","891","""2024-11-09""","Beauty","2356"
"7193","121","""2025-03-19""","Books","44496"
"7194","125","""2025-11-24""","Toys","13608"
"7195","43","""2024-09-30""","Beauty","45779"
"7196","269","""2026-03-19""","Mobile Accessories","11664"
"7197","578","""2025-09-22""","Books","2199"
"7198","127","""2026-06-25""","Mobile Accessories","41412"
"7199","44","""2026-09-15""","Mobile Accessories","21745"
"7200","320","""2025-04-24""","Grocery","13691"
"7201","183","""2025-07-22""","Jewelry","11639"
"7202","325","""2025-03-08""","Toys","1645"
"7203","810","""2026-01-18""","Mobile Accessories","3922"
"7204","17","""2026-01-05""","Mobile Accessories","4323"
"7205","925","""2025-01-09""","Grocery","1252"
"7206","265","""2025-04-24""","Beauty","11451"
"7207","184","""2025-06-10""","Electronics","32689"
"7208","215","""2026-07-12""","Books","5418"
"7209","387","""2026-09-24""","Grocery","1284"
"7210","981","""2024-10-07""","Clothing","3780"
"7211","769","""2026-07-20""","Clothing","1227"
"7212","131","""2024-12-26""","Sports","7766"
"7213","538","""2026-06-06""","Jewelry","3107"
"7214","370","""2024-12-29""","Jewelry","14406"
"7215","867","""2025-09-02""","Sports","4252"
"7216","689","""2025-01-05""","Mobile Accessories","421"
"7217","350","""2025-12-09""","Mobile Accessories","14230"
"7218","262","""2026-01-21""","Toys","9048"
"7219","184","""2025-06-11""","Mobile Accessories","11011"
"7220","880","""2026-02-04""","Toys","3437"
"7221","701","""2025-08-21""","Grocery","1384"
"7222","216","""2025-04-26""","Clothing","8424"
"7223","410","""2025-10-15""","Mobile Accessories","10763"
"7224","969","""2025-11-30""","Books","3447"
"7225","68","""2025-06-19""","Grocery","13129"
"7226","321","""2025-12-02""","Sports","8769"
"7227","260","""2024-11-06""","Mobile Accessories","11463"
"7228","314","""2025-07-21""","Sports","7923"
"7229","115","""2024-11-17""","Jewelry","12121"
"7230","76","""2025-09-07""","Mobile Accessories","10606"
"7231","493","""2026-08-29""","Toys","7193"
"7232","281","""2024-11-18""","Jewelry","13364"
"7233","24","""2026-09-15""","Home & Kitchen","36376"
"7234","243","""2025-02-06""","Electronics","7330"
"7235","477","""2025-01-15""","Clothing","8762"
"7236","260","""2025-03-15""","Jewelry","8227"
"7237","357","""2026-02-09""","Electronics","7630"
"7238","491","""2025-09-27""","Grocery","708"
"7239","771","""2024-11-24""","Books","1588"
"7240","72","""2024-12-17""","Home & Kitchen","32449"
"7241","234","""2026-03-02""","Jewelry","9792"
"7242","106","""2026-06-07""","Home & Kitchen","3967"
"7243","517","""2025-09-12""","Clothing","215"
"7244","446","""2025-10-11""","Electronics","9769"
"7245","514","""2024-11-23""","Books","1913"
"7246","693","""2026-05-12""","Toys","916"
"7247","453","""2025-06-12""","Jewelry","8655"
"7248","902","""2025-09-07""","Sports","2688"
"7249","106","""2025-06-15""","Mobile Accessories","10048"
"7250","169","""2025-08-17""","Electronics","44583"
"7251","936","""2025-05-23""","Electronics","4211"
"7252","405","""2026-03-02""","Home & Kitchen","13698"
"7253","828","""2024-12-16""","Beauty","4299"
"7254","479","""2026-04-03""","Beauty","10957"
"7255","898","""2025-08-10""","Mobile Accessories","168"
"7256","328","""2025-10-16""","Jewelry","8612"
"7257","99","""2025-05-03""","Mobile Accessories","19880"
"7258","70","""2025-01-05""","Jewelry","12591"
"7259","31","""2025-10-31""","Electronics","49864"
"7260","754","""2024-12-11""","Clothing","2159"
"7261","129","""2024-10-07""","Clothing","27096"
"7262","29","""2026-07-26""","Toys","32071"
"7263","353","""2025-02-11""","Mobile Accessories","2077"
"7264","190","""2025-10-24""","Home & Kitchen","10327"
"7265","707","""2025-10-29""","Grocery","2133"
"7266","210","""2025-06-08""","Beauty","1053"
"7267","667","""2025-02-22""","Grocery","838"
"7268","186","""2025-01-28""","Beauty","7485"
"7269","944","""2025-06-13""","Books","2635"
"7270","124","""2025-01-26""","Jewelry","9891"
"7271","166","""2025-08-01""","Beauty","33276"
"7272","48","""2025-08-25""","Books","31047"
"7273","332","""2025-06-23""","Clothing","12703"
"7274","229","""2025-04-22""","Clothing","11362"
"7275","32","""2024-11-18""","Toys","36713"
"7276","438","""2024-12-02""","Home & Kitchen","14241"
"7277","83","""2026-05-20""","Home & Kitchen","14299"
"7278","20","""2025-11-05""","Mobile Accessories","3116"
"7279","872","""2025-05-16""","Home & Kitchen","476"
"7280","17","""2024-11-26""","Grocery","25734"
"7281","975","""2026-09-02""","Clothing","3128"
"7282","160","""2026-03-18""","Toys","19010"
"7283","272","""2026-04-15""","Electronics","3439"
"7284","276","""2025-04-09""","Mobile Accessories","8300"
"7285","500","""2025-11-09""","Electronics","3174"
"7286","124","""2025-09-03""","Beauty","36103"
"7287","187","""2025-11-10""","Mobile Accessories","12308"
"7288","130","""2025-04-29""","Jewelry","36355"
"7289","620","""2025-11-24""","Books","2873"
"7290","80","""2025-09-20""","Clothing","16761"
"7291","90","""2024-10-30""","Mobile Accessories","24734"
"7292","457","""2025-08-21""","Beauty","8861"
"7293","495","""2025-10-09""","Electronics","5145"
"7294","36","""2025-05-03""","Sports","4309"
"7295","49","""2025-05-22""","Beauty","35028"
"7296","230","""2025-08-02""","Mobile Accessories","6528"
"7297","134","""2026-01-16""","Mobile Accessories","17407"
"7298","123","""2025-05-06""","Sports","35086"
"7299","665","""2026-03-29""","Beauty","1555"
"7300","289","""2024-11-30""","Mobile Accessories","6119"
"7301","922","""2026-03-11""","Sports","1049"
"7302","987","""2025-03-05""","Beauty","4070"
"7303","465","""2025-11-15""","Jewelry","11198"
"7304","40","""2024-12-18""","Mobile Accessories","5163"
"7305","316","""2026-06-07""","Home & Kitchen","2302"
"7306","192","""2026-05-13""","Beauty","23797"
"7307","478","""2025-08-23""","Books","6011"
"7308","8","""2025-08-20""","Clothing","31972"
"7309","863","""2025-03-06""","Clothing","1909"
"7310","228","""2025-08-26""","Grocery","7795"
"7311","216","""2026-06-17""","Jewelry","8629"
"7312","55","""2026-05-11""","Electronics","41589"
"7313","462","""2025-12-06""","Home & Kitchen","400"
"7314","250","""2026-07-20""","Clothing","3576"
"7315","414","""2025-05-09""","Sports","7091"
"7316","980","""2025-11-21""","Books","2852"
"7317","943","""2025-08-27""","Books","3915"
"7318","458","""2025-12-18""","Grocery","7576"
"7319","121","""2025-07-28""","Beauty","44680"
"7320","374","""2024-11-03""","Mobile Accessories","8290"
"7321","11","""2024-12-20""","Clothing","32464"
"7322","63","""2026-01-27""","Books","21166"
"7323","96","""2024-12-01""","Mobile Accessories","30610"
"7324","105","""2025-01-07""","Mobile Accessories","28867"
"7325","48","""2025-03-10""","Sports","10184"
"7326","731","""2026-02-14""","Books","1519"
"7327","584","""2025-01-15""","Jewelry","4380"
"7328","111","""2025-11-14""","Sports","36276"
"7329","307","""2025-05-03""","Home & Kitchen","3600"
"7330","136","""2024-12-10""","Books","44361"
"7331","148","""2025-05-18""","Toys","38081"
"7332","100","""2025-07-22""","Books","27231"
"7333","206","""2025-08-15""","Home & Kitchen","4361"
"7334","201","""2025-10-21""","Electronics","10158"
"7335","422","""2025-11-05""","Toys","1626"
"7336","400","""2025-08-19""","Sports","13618"
"7337","980","""2024-10-18""","Books","3793"
"7338","479","""2025-08-12""","Sports","12914"
"7339","641","""2024-12-06""","Beauty","2580"
"7340","110","""2025-09-16""","Toys","44286"
"7341","597","""2025-04-27""","Grocery","1874"
"7342","10","""2024-12-30""","Beauty","21916"
"7343","533","""2025-10-13""","Clothing","4250"
"7344","990","""2026-06-20""","Toys","1003"
"7345","297","""2024-11-12""","Clothing","2885"
"7346","27","""2026-06-17""","Mobile Accessories","45649"
"7347","169","""2025-11-29""","Mobile Accessories","9637"
"7348","749","""2025-03-27""","Electronics","3665"
"7349","370","""2025-03-27""","Jewelry","3194"
"7350","303","""2025-03-14""","Jewelry","10452"
"7351","193","""2026-04-06""","Clothing","9007"
"7352","170","""2025-08-10""","Home & Kitchen","16620"
"7353","413","""2026-04-11""","Books","11647"
"7354","464","""2024-10-20""","Toys","14673"
"7355","746","""2026-01-13""","Books","3809"
"7356","139","""2024-09-27""","Mobile Accessories","38531"
"7357","119","""2026-01-07""","Mobile Accessories","16296"
"7358","809","""2026-07-24""","Jewelry","2513"
"7359","206","""2026-07-29""","Electronics","10852"
"7360","995","""2025-09-06""","Grocery","2546"
"7361","671","""2025-07-24""","Home & Kitchen","3848"
"7362","35","""2026-05-18""","Books","26206"
"7363","373","""2025-09-30""","Books","13743"
"7364","58","""2026-01-19""","Clothing","7333"
"7365","23","""2025-07-12""","Home & Kitchen","14084"
"7366","75","""2025-03-20""","Books","41189"
"7367","161","""2025-12-11""","Jewelry","10295"
"7368","396","""2025-02-21""","Grocery","10482"
"7369","393","""2025-07-16""","Grocery","11469"
"7370","5","""2026-06-26""","Sports","6332"
"7371","317","""2026-07-08""","Mobile Accessories","5522"
"7372","293","""2026-07-03""","Sports","7175"
"7373","576","""2025-08-06""","Books","2985"
"7374","123","""2025-12-18""","Jewelry","28866"
"7375","106","""2026-06-05""","Home & Kitchen","21384"
"7376","66","""2024-11-21""","Home & Kitchen","16870"
"7377","179","""2026-04-29""","Beauty","13053"
"7378","129","""2025-05-18""","Clothing","40877"
"7379","984","""2024-12-17""","Clothing","1046"
"7380","82","""2025-05-13""","Sports","7439"
"7381","336","""2024-10-25""","Toys","8215"
"7382","173","""2026-05-10""","Home & Kitchen","16560"
"7383","611","""2025-11-04""","Jewelry","3159"
"7384","32","""2024-12-23""","Toys","27032"
"7385","656","""2025-04-22""","Clothing","4484"
"7386","221","""2024-12-10""","Books","4550"
"7387","413","""2026-02-28""","Jewelry","14446"
"7388","460","""2025-10-26""","Sports","9593"
"7389","159","""2026-03-01""","Books","28919"
"7390","482","""2025-08-12""","Toys","4187"
"7391","778","""2026-09-11""","Electronics","3441"
"7392","72","""2025-08-30""","Sports","22200"
"7393","278","""2026-06-08""","Mobile Accessories","11615"
"7394","494","""2026-05-01""","Home & Kitchen","4237"
"7395","622","""2026-01-06""","Grocery","4126"
"7396","598","""2025-07-31""","Electronics","3215"
"7397","115","""2026-06-15""","Grocery","24551"
"7398","861","""2025-06-29""","Grocery","835"
"7399","845","""2025-09-30""","Home & Kitchen","4490"
"7400","29","""2025-05-05""","Home & Kitchen","45823"
"7401","323","""2026-08-01""","Jewelry","7580"
"7402","530","""2025-05-23""","Home & Kitchen","888"
"7403","155","""2025-01-08""","Books","31734"
"7404","23","""2025-04-02""","Jewelry","19549"
"7405","653","""2024-09-27""","Jewelry","743"
"7406","398","""2025-01-05""","Toys","6791"
"7407","315","""2026-09-01""","Home & Kitchen","6676"
"7408","262","""2025-03-31""","Grocery","14376"
"7409","13","""2025-03-15""","Clothing","40987"
"7410","407","""2024-12-26""","Mobile Accessories","11300"
"7411","347","""2026-04-09""","Toys","14079"
"7412","758","""2025-04-30""","Toys","4543"
"7413","376","""2024-11-09""","Clothing","9784"
"7414","324","""2025-11-10""","Beauty","1991"
"7415","576","""2025-07-06""","Books","273"
"7416","630","""2025-06-24""","Electronics","3057"
"7417","271","""2026-07-25""","Sports","10546"
"7418","458","""2025-01-26""","Home & Kitchen","9066"
"7419","204","""2025-04-25""","Electronics","12870"
"7420","164","""2025-05-08""","Electronics","10620"
"7421","88","""2026-05-27""","Home & Kitchen","2395"
"7422","89","""2025-07-07""","Grocery","28052"
"7423","436","""2026-09-02""","Electronics","11347"
"7424","133","""2024-12-19""","Clothing","30586"
"7425","669","""2025-11-20""","Home & Kitchen","2193"
"7426","409","""2026-03-24""","Clothing","14996"
"7427","41","""2025-04-06""","Toys","13993"
"7428","127","""2024-12-13""","Toys","42087"
"7429","102","""2026-02-20""","Electronics","32723"
"7430","162","""2025-10-13""","Books","44733"
"7431","132","""2025-07-28""","Toys","32997"
"7432","157","""2025-04-23""","Jewelry","22774"
"7433","893","""2026-08-18""","Clothing","3568"
"7434","393","""2026-01-10""","Sports","8593"
"7435","19","""2026-02-15""","Books","42378"
"7436","480","""2025-03-11""","Beauty","1077"
"7437","6","""2025-04-13""","Books","42733"
"7438","135","""2026-06-26""","Toys","36579"
"7439","20","""2026-01-18""","Toys","25191"
"7440","49","""2025-03-26""","Clothing","14242"
"7441","977","""2026-08-28""","Sports","2885"
"7442","450","""2024-11-13""","Beauty","5037"
"7443","524","""2025-05-24""","Grocery","3425"
"7444","75","""2025-06-12""","Jewelry","28709"
"7445","401","""2025-11-17""","Beauty","7465"
"7446","640","""2025-08-28""","Books","114"
"7447","502","""2024-10-04""","Electronics","2536"
"7448","26","""2025-01-20""","Electronics","9254"
"7449","856","""2026-07-26""","Clothing","1026"
"7450","299","""2025-07-22""","Toys","12145"
"7451","865","""2025-09-07""","Mobile Accessories","3249"
"7452","158","""2025-11-29""","Electronics","26860"
"7453","301","""2024-11-05""","Mobile Accessories","11317"
"7454","776","""2026-04-30""","Electronics","3737"
"7455","649","""2026-01-18""","Toys","4048"
"7456","890","""2026-05-07""","Clothing","4781"
"7457","980","""2025-01-02""","Clothing","994"
"7458","35","""2026-07-17""","Clothing","45879"
"7459","45","""2025-02-23""","Beauty","44445"
"7460","498","""2026-07-10""","Home & Kitchen","13322"
"7461","83","""2025-08-16""","Clothing","25793"
"7462","133","""2025-09-17""","Electronics","20276"
"7463","717","""2026-01-20""","Grocery","1877"
"7464","669","""2025-10-20""","Electronics","760"
"7465","18","""2025-11-16""","Electronics","43742"
"7466","57","""2024-11-15""","Jewelry","33752"
"7467","231","""2025-05-28""","Grocery","9845"
"7468","417","""2026-09-18""","Mobile Accessories","2093"
"7469","158","""2025-11-16""","Books","38054"
"7470","562","""2025-03-20""","Books","4004"
"7471","601","""2024-11-11""","Home & Kitchen","2634"
"7472","297","""2025-03-02""","Clothing","4970"
"7473","483","""2025-04-16""","Electronics","11578"
"7474","215","""2025-10-13""","Electronics","2864"
"7475","319","""2026-03-27""","Toys","9081"
"7476","70","""2026-01-21""","Electronics","36967"
"7477","536","""2026-09-08""","Sports","4169"
"7478","448","""2025-06-01""","Home & Kitchen","8302"
"7479","9","""2025-03-30""","Home & Kitchen","23644"
"7480","107","""2025-05-27""","Home & Kitchen","35437"
"7481","45","""2025-06-10""","Mobile Accessories","45115"
"7482","929","""2025-06-10""","Beauty","4639"
"7483","459","""2026-06-08""","Grocery","12874"
"7484","9","""2026-05-02""","Electronics","32307"
"7485","211","""2025-08-09""","Mobile Accessories","14758"
"7486","954","""2024-11-22""","Home & Kitchen","3858"
"7487","99","""2026-03-24""","Electronics","25315"
"7488","48","""2025-01-19""","Mobile Accessories","16670"
"7489","997","""2026-04-17""","Sports","3166"
"7490","245","""2025-08-18""","Grocery","11807"
"7491","155","""2024-12-11""","Grocery","31213"
"7492","270","""2024-12-09""","Clothing","6724"
"7493","239","""2025-03-19""","Toys","5094"
"7494","88","""2026-06-08""","Sports","17609"
"7495","719","""2025-05-22""","Toys","3333"
"7496","423","""2024-11-04""","Clothing","2716"
"7497","325","""2025-05-09""","Books","1948"
"7498","226","""2025-09-05""","Mobile Accessories","10734"
"7499","149","""2025-08-30""","Clothing","28055"
"7500","133","""2025-12-13""","Clothing","27538"
"7501","440","""2026-09-05""","Books","5134"
"7502","27","""2024-10-23""","Home & Kitchen","46552"
"7503","808","""2026-07-23""","Grocery","255"
"7504","907","""2025-01-05""","Jewelry","1374"
"7505","169","""2025-04-10""","Sports","22208"
"7506","449","""2024-11-03""","Sports","13229"
"7507","432","""2026-08-27""","Clothing","12994"
"7508","365","""2025-12-09""","Electronics","1233"
"7509","254","""2025-10-12""","Mobile Accessories","10307"
"7510","10","""2026-02-10""","Sports","7506"
"7511","355","""2026-08-10""","Home & Kitchen","10670"
"7512","485","""2025-06-23""","Electronics","12928"
"7513","441","""2026-08-26""","Sports","5459"
"7514","145","""2025-05-09""","Beauty","34349"
"7515","263","""2026-09-12""","Toys","6143"
"7516","247","""2025-01-18""","Books","4863"
"7517","368","""2026-06-27""","Electronics","7310"
"7518","928","""2024-11-16""","Mobile Accessories","1738"
"7519","63","""2025-05-14""","Mobile Accessories","16794"
"7520","394","""2025-09-02""","Toys","8301"
"7521","433","""2025-06-30""","Beauty","12725"
"7522","778","""2025-08-24""","Clothing","915"
"7523","394","""2026-09-02""","Home & Kitchen","8247"
"7524","418","""2025-12-25""","Books","4243"
"7525","894","""2026-03-27""","Mobile Accessories","1901"
"7526","454","""2025-02-25""","Books","4506"
"7527","451","""2024-12-28""","Beauty","2189"
"7528","386","""2025-02-27""","Grocery","14097"
"7529","448","""2025-08-17""","Home & Kitchen","2560"
"7530","49","""2024-11-04""","Clothing","31673"
"7531","183","""2025-02-20""","Clothing","4804"
"7532","255","""2025-10-12""","Home & Kitchen","2369"
"7533","90","""2025-07-02""","Mobile Accessories","4575"
"7534","223","""2026-08-21""","Books","12907"
"7535","117","""2026-01-17""","Clothing","26317"
"7536","494","""2026-07-22""","Home & Kitchen","7798"
"7537","844","""2025-06-11""","Grocery","2444"
"7538","482","""2026-08-17""","Home & Kitchen","12094"
"7539","6","""2026-05-24""","Jewelry","17447"
"7540","605","""2025-09-07""","Toys","3368"
"7541","377","""2025-01-31""","Mobile Accessories","6847"
"7542","139","""2025-04-25""","Jewelry","26329"
"7543","461","""2025-10-13""","Home & Kitchen","10769"
"7544","175","""2025-10-11""","Electronics","24274"
"7545","553","""2024-12-23""","Books","1098"
"7546","170","""2026-06-11""","Books","44847"
"7547","82","""2026-01-06""","Beauty","8850"
"7548","466","""2026-07-01""","Grocery","3234"
"7549","251","""2025-02-21""","Grocery","3415"
"7550","367","""2025-05-06""","Books","11164"
"7551","695","""2025-01-02""","Beauty","3414"
"7552","76","""2024-11-20""","Books","23020"
"7553","827","""2025-07-19""","Beauty","4913"
"7554","701","""2026-04-22""","Books","441"
"7555","408","""2025-02-17""","Grocery","1823"
"7556","239","""2025-03-05""","Toys","4040"
"7557","150","""2025-08-12""","Clothing","2112"
"7558","446","""2026-03-29""","Grocery","8392"
"7559","303","""2024-10-05""","Clothing","1606"
"7560","55","""2024-12-12""","Jewelry","26494"
"7561","161","""2026-01-30""","Sports","9771"
"7562","809","""2025-11-17""","Jewelry","470"
"7563","30","""2024-12-27""","Jewelry","47227"
"7564","784","""2024-10-27""","Home & Kitchen","1342"
"7565","243","""2024-10-26""","Jewelry","14876"
"7566","740","""2025-10-21""","Electronics","4221"
"7567","148","""2026-02-14""","Electronics","33884"
"7568","270","""2026-06-03""","Toys","8198"
"7569","462","""2025-11-12""","Toys","7517"
"7570","486","""2025-12-22""","Grocery","11428"
"7571","801","""2025-11-27""","Home & Kitchen","2892"
"7572","276","""2026-02-17""","Beauty","14181"
"7573","87","""2025-03-30""","Clothing","29321"
"7574","224","""2026-03-03""","Beauty","5524"
"7575","800","""2025-11-18""","Toys","3316"
"7576","591","""2026-03-19""","Books","955"
"7577","97","""2026-04-14""","Home & Kitchen","15178"
"7578","215","""2026-05-17""","Mobile Accessories","7065"
"7579","200","""2024-12-11""","Jewelry","12250"
"7580","866","""2025-01-07""","Home & Kitchen","1954"
"7581","431","""2025-08-20""","Mobile Accessories","4778"
"7582","80","""2025-04-07""","Grocery","35039"
"7583","1000","""2025-12-23""","Jewelry","2083"
"7584","591","""2026-03-15""","Beauty","2515"
"7585","671","""2026-06-21""","Jewelry","1609"
"7586","12","""2026-01-06""","Sports","48994"
"7587","110","""2025-08-11""","Sports","28156"
"7588","134","""2026-04-18""","Mobile Accessories","44481"
"7589","749","""2024-11-15""","Jewelry","660"
"7590","31","""2025-06-17""","Books","21149"
"7591","402","""2025-09-05""","Home & Kitchen","10268"
"7592","815","""2026-05-09""","Sports","886"
"7593","887","""2025-02-15""","Toys","918"
"7594","265","""2025-02-21""","Beauty","4447"
"7595","27","""2025-12-28""","Beauty","32307"
"7596","457","""2026-01-04""","Sports","1459"
"7597","37","""2026-05-17""","Sports","10297"
"7598","898","""2024-10-24""","Sports","2782"
"7599","87","""2026-02-12""","Home & Kitchen","37723"
"7600","830","""2026-05-10""","Home & Kitchen","4063"
"7601","191","""2025-01-29""","Mobile Accessories","25372"
"7602","4","""2025-05-15""","Jewelry","26675"
"7603","272","""2025-02-15""","Sports","1027"
"7604","244","""2026-02-24""","Beauty","2054"
"7605","590","""2025-01-30""","Electronics","2715"
"7606","462","""2024-10-17""","Toys","12400"
"7607","59","""2025-07-23""","Books","27792"
"7608","187","""2025-02-08""","Grocery","36812"
"7609","137","""2026-03-26""","Home & Kitchen","26473"
"7610","437","""2026-05-22""","Beauty","1288"
"7611","587","""2025-07-31""","Electronics","1923"
"7612","71","""2025-06-06""","Sports","44164"
"7613","700","""2026-07-31""","Clothing","3341"
"7614","155","""2026-06-04""","Clothing","26183"
"7615","265","""2025-07-04""","Mobile Accessories","10125"
"7616","23","""2026-08-07""","Mobile Accessories","19543"
"7617","318","""2025-06-14""","Books","6779"
"7618","57","""2025-09-27""","Clothing","9044"
"7619","658","""2024-10-24""","Books","3455"
"7620","175","""2024-12-10""","Beauty","21477"
"7621","949","""2025-01-15""","Jewelry","4072"
"7622","370","""2025-06-24""","Grocery","4836"
"7623","481","""2026-02-07""","Jewelry","6170"
"7624","186","""2026-06-03""","Grocery","2864"
"7625","140","""2025-08-22""","Sports","36989"
"7626","581","""2025-01-15""","Sports","1297"
"7627","657","""2025-09-17""","Mobile Accessories","1538"
"7628","477","""2025-12-22""","Electronics","9962"
"7629","495","""2026-07-01""","Beauty","9447"
"7630","38","""2025-11-14""","Home & Kitchen","44766"
"7631","164","""2024-10-30""","Books","25842"
"7632","209","""2024-11-16""","Books","5946"
"7633","188","""2026-01-06""","Clothing","31478"
"7634","460","""2025-02-18""","Home & Kitchen","5211"
"7635","531","""2026-05-19""","Clothing","2671"
"7636","264","""2024-10-28""","Electronics","10519"
"7637","538","""2024-10-21""","Home & Kitchen","878"
"7638","13","""2024-12-21""","Home & Kitchen","35177"
"7639","477","""2026-06-02""","Sports","11953"
"7640","711","""2025-11-28""","Electronics","2130"
"7641","67","""2026-08-14""","Grocery","33423"
"7642","465","""2025-06-29""","Sports","1729"
"7643","128","""2026-03-16""","Grocery","27989"
"7644","211","""2024-10-19""","Electronics","2832"
"7645","194","""2025-03-17""","Toys","23684"
"7646","440","""2025-07-24""","Home & Kitchen","11639"
"7647","270","""2025-12-14""","Electronics","5528"
"7648","183","""2025-01-21""","Mobile Accessories","37536"
"7649","448","""2026-01-15""","Mobile Accessories","9468"
"7650","130","""2024-09-28""","Clothing","6441"
"7651","164","""2024-12-02""","Home & Kitchen","9457"
"7652","605","""2026-03-17""","Sports","3532"
"7653","197","""2025-04-21""","Mobile Accessories","22933"
"7654","257","""2025-09-01""","Jewelry","6591"
"7655","204","""2025-04-28""","Electronics","3683"
"7656","4","""2026-03-26""","Clothing","33282"
"7657","69","""2025-10-05""","Electronics","12554"
"7658","334","""2026-09-16""","Beauty","2372"
"7659","445","""2026-09-05""","Home & Kitchen","5653"
"7660","495","""2024-12-24""","Clothing","7368"
"7661","4","""2026-07-29""","Electronics","44854"
"7662","495","""2026-04-07""","Beauty","4545"
"7663","1","""2025-03-31""","Books","27340"
"7664","28","""2025-09-17""","Clothing","19851"
"7665","311","""2026-04-28""","Sports","6976"
"7666","201","""2024-12-21""","Electronics","10409"
"7667","721","""2026-03-27""","Jewelry","1258"
"7668","30","""2026-08-07""","Electronics","49231"
"7669","129","""2025-03-08""","Grocery","16095"
"7670","35","""2026-07-26""","Home & Kitchen","36294"
"7671","369","""2026-06-14""","Mobile Accessories","14877"
"7672","92","""2026-06-10""","Electronics","5423"
"7673","406","""2026-07-26""","Books","9452"
"7674","762","""2025-06-27""","Home & Kitchen","3229"
"7675","63","""2026-08-28""","Jewelry","14079"
"7676","318","""2026-03-24""","Electronics","10483"
"7677","880","""2025-09-13""","Sports","286"
"7678","619","""2025-12-28""","Mobile Accessories","1371"
"7679","105","""2026-04-24""","Jewelry","12885"
"7680","264","""2025-10-25""","Grocery","4640"
"7681","584","""2024-10-03""","Home & Kitchen","1966"
"7682","814","""2026-02-22""","Home & Kitchen","3055"
"7683","376","""2026-01-07""","Jewelry","6690"
"7684","133","""2026-03-13""","Beauty","8438"
"7685","291","""2024-11-26""","Grocery","12669"
"7686","295","""2025-12-17""","Grocery","12643"
"7687","882","""2026-02-01""","Clothing","1246"
"7688","345","""2026-08-08""","Home & Kitchen","3483"
"7689","174","""2025-11-16""","Electronics","9583"
"7690","75","""2026-08-01""","Grocery","4656"
"7691","347","""2024-09-26""","Sports","5710"
"7692","2","""2026-01-13""","Electronics","25892"
"7693","864","""2025-04-27""","Clothing","3865"
"7694","743","""2025-04-17""","Books","552"
"7695","155","""2025-04-28""","Home & Kitchen","33306"
"7696","139","""2024-10-06""","Grocery","8607"
"7697","149","""2025-06-25""","Sports","41196"
"7698","66","""2025-05-15""","Sports","12032"
"7699","136","""2026-06-13""","Beauty","19741"
"7700","679","""2024-11-29""","Books","3595"
"7701","185","""2025-12-24""","Jewelry","3158"
"7702","365","""2026-04-16""","Beauty","3340"
"7703","256","""2025-07-16""","Clothing","5902"
"7704","396","""2025-02-07""","Beauty","10166"
"7705","83","""2026-08-27""","Grocery","33590"
"7706","8","""2025-08-13""","Sports","26401"
"7707","605","""2024-09-26""","Mobile Accessories","763"
"7708","181","""2025-01-02""","Books","39018"
"7709","672","""2025-07-19""","Clothing","4689"
"7710","18","""2025-04-03""","Toys","40655"
"7711","313","""2025-06-03""","Electronics","6245"
"7712","875","""2026-09-05""","Beauty","2026"
"7713","195","""2025-10-22""","Beauty","6161"
"7714","709","""2025-06-18""","Home & Kitchen","439"
"7715","240","""2024-11-22""","Mobile Accessories","9540"
"7716","434","""2025-09-09""","Sports","9892"
"7717","59","""2024-10-21""","Home & Kitchen","29080"
"7718","175","""2026-06-21""","Electronics","12582"
"7719","704","""2026-04-28""","Mobile Accessories","1593"
"7720","22","""2026-03-25""","Sports","4675"
"7721","998","""2025-05-12""","Books","453"
"7722","490","""2026-02-09""","Beauty","8546"
"7723","570","""2025-05-02""","Sports","4201"
"7724","613","""2024-12-11""","Sports","718"
"7725","234","""2025-03-29""","Electronics","13493"
"7726","345","""2025-02-10""","Toys","740"
"7727","219","""2026-01-05""","Toys","12298"
"7728","320","""2025-01-19""","Jewelry","12119"
"7729","790","""2025-02-05""","Home & Kitchen","2568"
"7730","115","""2025-06-29""","Clothing","4890"
"7731","850","""2026-08-10""","Beauty","3279"
"7732","311","""2024-10-22""","Mobile Accessories","6719"
"7733","464","""2025-02-15""","Home & Kitchen","5978"
"7734","411","""2026-08-26""","Beauty","13754"
"7735","17","""2025-10-02""","Grocery","28214"
"7736","535","""2025-12-17""","Books","3793"
"7737","87","""2025-03-07""","Grocery","11481"
"7738","749","""2025-11-05""","Clothing","4377"
"7739","480","""2026-05-22""","Books","923"
"7740","81","""2025-07-21""","Home & Kitchen","33638"
"7741","97","""2026-08-09""","Jewelry","38953"
"7742","37","""2025-08-30""","Books","26809"
"7743","173","""2025-07-08""","Mobile Accessories","5739"
"7744","664","""2025-12-23""","Sports","2463"
"7745","66","""2024-10-25""","Mobile Accessories","31418"
"7746","880","""2026-03-16""","Clothing","3270"
"7747","293","""2024-11-03""","Jewelry","8692"
"7748","27","""2025-04-22""","Home & Kitchen","22010"
"7749","28","""2026-07-25""","Beauty","41124"
"7750","726","""2026-06-17""","Beauty","1913"
"7751","26","""2025-12-25""","Sports","18752"
"7752","880","""2026-04-26""","Grocery","2961"
"7753","894","""2025-10-30""","Toys","1171"
"7754","68","""2025-07-01""","Sports","16373"
"7755","19","""2025-11-07""","Toys","36318"
"7756","673","""2025-06-12""","Beauty","2774"
"7757","934","""2025-12-16""","Beauty","4799"
"7758","241","""2025-09-25""","Jewelry","815"
"7759","238","""2025-11-09""","Books","3531"
"7760","172","""2025-01-26""","Clothing","41777"
"7761","152","""2026-02-27""","Sports","44556"
"7762","107","""2025-04-22""","Jewelry","20504"
"7763","197","""2025-02-07""","Clothing","6251"
"7764","307","""2024-11-22""","Electronics","456"
"7765","262","""2024-11-23""","Beauty","11085"
"7766","431","""2025-01-18""","Electronics","13127"
"7767","308","""2025-01-29""","Jewelry","5708"
"7768","409","""2026-04-14""","Toys","9679"
"7769","386","""2025-07-07""","Home & Kitchen","8376"
"7770","784","""2026-08-28""","Mobile Accessories","1379"
"7771","426","""2026-08-28""","Grocery","6378"
"7772","11","""2026-09-12""","Grocery","12358"
"7773","321","""2025-07-26""","Clothing","10992"
"7774","54","""2026-01-29""","Clothing","35384"
"7775","464","""2026-08-14""","Mobile Accessories","7410"
"7776","864","""2026-01-18""","Grocery","3835"
"7777","466","""2026-03-27""","Electronics","7777"
"7778","278","""2025-10-22""","Home & Kitchen","9843"
"7779","566","""2026-01-14""","Clothing","3570"
"7780","196","""2026-01-27""","Home & Kitchen","44932"
"7781","725","""2025-07-11""","Beauty","2741"
"7782","442","""2026-02-13""","Beauty","6139"
"7783","570","""2025-08-19""","Jewelry","2869"
"7784","607","""2025-10-08""","Beauty","4841"
"7785","416","""2025-09-20""","Clothing","6819"
"7786","56","""2025-04-18""","Grocery","43056"
"7787","344","""2026-09-15""","Jewelry","13298"
"7788","13","""2026-03-20""","Beauty","21806"
"7789","94","""2025-03-07""","Clothing","11193"
"7790","451","""2026-02-08""","Electronics","14785"
"7791","423","""2025-01-18""","Clothing","3764"
"7792","773","""2025-06-15""","Grocery","3465"
"7793","966","""2025-02-07""","Mobile Accessories","1763"
"7794","164","""2025-06-27""","Clothing","43914"
"7795","928","""2025-12-23""","Electronics","4205"
"7796","145","""2025-03-21""","Toys","12044"
"7797","319","""2026-03-31""","Toys","11095"
"7798","527","""2026-09-12""","Sports","1985"
"7799","399","""2026-03-09""","Books","11926"
"7800","886","""2026-04-10""","Jewelry","1266"
"7801","92","""2025-10-17""","Mobile Accessories","15310"
"7802","943","""2025-05-31""","Books","569"
"7803","439","""2026-09-12""","Sports","7519"
"7804","787","""2025-09-10""","Toys","4982"
"7805","240","""2024-10-24""","Toys","4533"
"7806","230","""2025-03-16""","Clothing","9647"
"7807","990","""2025-05-03""","Jewelry","4564"
"7808","995","""2025-02-04""","Sports","3694"
"7809","998","""2026-09-04""","Jewelry","3498"
"7810","593","""2026-05-30""","Jewelry","4380"
"7811","216","""2025-06-22""","Clothing","3531"
"7812","92","""2026-02-28""","Jewelry","41023"
"7813","631","""2025-12-16""","Electronics","1955"
"7814","374","""2024-12-31""","Jewelry","3634"
"7815","639","""2025-06-01""","Electronics","3736"
"7816","24","""2025-12-14""","Jewelry","30685"
"7817","172","""2026-04-23""","Toys","12031"
"7818","426","""2026-08-14""","Clothing","9383"
"7819","63","""2025-03-24""","Sports","5302"
"7820","104","""2026-04-16""","Toys","40562"
"7821","47","""2026-01-09""","Grocery","13852"
"7822","881","""2026-08-07""","Books","3819"
"7823","465","""2026-06-14""","Electronics","4311"
"7824","28","""2025-09-15""","Jewelry","5630"
"7825","119","""2026-04-26""","Sports","2616"
"7826","257","""2024-12-20""","Jewelry","7724"
"7827","305","""2025-07-09""","Mobile Accessories","7019"
"7828","174","""2025-06-03""","Toys","17361"
"7829","834","""2025-09-22""","Grocery","3181"
"7830","878","""2025-08-05""","Electronics","1645"
"7831","591","""2025-03-01""","Mobile Accessories","606"
"7832","41","""2025-03-02""","Home & Kitchen","12730"
"7833","375","""2025-04-10""","Toys","12849"
"7834","334","""2025-10-27""","Clothing","13478"
"7835","516","""2026-07-16""","Sports","1438"
"7836","730","""2026-02-13""","Mobile Accessories","4593"
"7837","90","""2025-07-14""","Clothing","30515"
"7838","194","""2025-10-26""","Home & Kitchen","14067"
"7839","910","""2026-08-09""","Jewelry","1732"
"7840","102","""2025-07-11""","Grocery","31263"
"7841","898","""2025-03-11""","Books","1171"
"7842","928","""2024-11-15""","Mobile Accessories","2901"
"7843","903","""2025-02-09""","Mobile Accessories","213"
"7844","432","""2026-01-23""","Beauty","11264"
"7845","381","""2026-02-04""","Electronics","14691"
"7846","81","""2026-09-03""","Books","47843"
"7847","406","""2026-01-08""","Grocery","11839"
"7848","328","""2025-09-06""","Jewelry","10108"
"7849","237","""2025-06-06""","Jewelry","11417"
"7850","337","""2025-07-30""","Beauty","10365"
"7851","19","""2024-12-01""","Beauty","29283"
"7852","139","""2026-02-22""","Mobile Accessories","18402"
"7853","286","""2026-06-28""","Grocery","4186"
"7854","96","""2026-02-09""","Books","2949"
"7855","70","""2026-02-10""","Clothing","13487"
"7856","478","""2025-06-22""","Grocery","1502"
"7857","427","""2026-01-02""","Books","13248"
"7858","437","""2025-12-13""","Grocery","7502"
"7859","169","""2025-10-16""","Mobile Accessories","22755"
"7860","18","""2024-10-20""","Beauty","36251"
"7861","469","""2025-01-30""","Jewelry","1428"
"7862","708","""2026-08-19""","Grocery","2339"
"7863","886","""2025-11-08""","Beauty","1324"
"7864","185","""2024-10-29""","Jewelry","8806"
"7865","41","""2026-02-09""","Grocery","41708"
"7866","799","""2025-01-06""","Grocery","1029"
"7867","157","""2025-08-08""","Books","9047"
"7868","459","""2025-09-09""","Sports","9714"
"7869","460","""2026-04-23""","Jewelry","7860"
"7870","229","""2025-01-26""","Books","14770"
"7871","421","""2026-04-09""","Toys","7023"
"7872","189","""2025-06-28""","Mobile Accessories","44168"
"7873","649","""2026-07-04""","Books","332"
"7874","43","""2025-06-17""","Clothing","10931"
"7875","310","""2026-02-15""","Jewelry","10134"
"7876","197","""2025-12-06""","Mobile Accessories","27105"
"7877","587","""2024-12-04""","Toys","1803"
"7878","339","""2024-12-28""","Books","6545"
"7879","402","""2024-10-08""","Home & Kitchen","8738"
"7880","81","""2025-04-16""","Beauty","20643"
"7881","64","""2026-01-16""","Books","26398"
"7882","167","""2024-11-21""","Sports","34210"
"7883","231","""2025-09-11""","Grocery","3538"
"7884","157","""2025-08-29""","Mobile Accessories","37451"
"7885","163","""2024-10-21""","Electronics","40855"
"7886","175","""2024-11-12""","Mobile Accessories","10339"
"7887","81","""2026-09-05""","Beauty","42266"
"7888","30","""2025-07-03""","Mobile Accessories","36354"
"7889","5","""2024-12-31""","Grocery","13682"
"7890","657","""2026-08-04""","Clothing","1396"
"7891","541","""2025-01-04""","Clothing","829"
"7892","44","""2025-08-01""","Jewelry","42161"
"7893","641","""2026-07-09""","Grocery","3543"
"7894","705","""2026-08-16""","Grocery","2090"
"7895","149","""2026-01-02""","Beauty","30222"
"7896","286","""2026-02-27""","Books","10693"
"7897","604","""2025-06-28""","Clothing","3702"
"7898","951","""2025-01-18""","Books","4496"
"7899","131","""2025-06-20""","Electronics","13490"
"7900","43","""2026-01-12""","Toys","46702"
"7901","202","""2025-03-04""","Clothing","12528"
"7902","129","""2025-06-04""","Home & Kitchen","43491"
"7903","346","""2026-02-12""","Mobile Accessories","2050"
"7904","95","""2026-09-15""","Books","25780"
"7905","686","""2026-05-01""","Toys","4862"
"7906","195","""2025-10-10""","Sports","39399"
"7907","104","""2026-03-07""","Sports","36740"
"7908","993","""2026-07-13""","Electronics","4117"
"7909","73","""2026-01-07""","Home & Kitchen","18989"
"7910","775","""2025-07-11""","Electronics","351"
"7911","492","""2025-12-23""","Books","9303"
"7912","774","""2025-01-22""","Sports","2745"
"7913","120","""2025-10-30""","Beauty","41704"
"7914","296","""2025-08-23""","Home & Kitchen","11458"
"7915","850","""2024-11-13""","Mobile Accessories","4146"
"7916","110","""2025-06-19""","Beauty","36195"
"7917","113","""2025-08-18""","Beauty","7688"
"7918","580","""2026-06-27""","Books","1587"
"7919","591","""2025-03-04""","Electronics","3301"
"7920","322","""2026-05-14""","Books","10146"
"7921","700","""2025-04-28""","Grocery","2208"
"7922","67","""2026-07-29""","Electronics","8147"
"7923","499","""2026-03-28""","Beauty","11783"
"7924","47","""2026-08-16""","Jewelry","39776"
"7925","656","""2025-08-10""","Jewelry","1094"
"7926","280","""2026-06-26""","Mobile Accessories","967"
"7927","545","""2025-02-02""","Beauty","1989"
"7928","139","""2025-07-28""","Sports","24033"
"7929","157","""2026-01-24""","Books","35004"
"7930","208","""2025-09-02""","Clothing","6824"
"7931","957","""2025-07-12""","Electronics","1005"
"7932","664","""2025-06-25""","Jewelry","3393"
"7933","92","""2026-07-26""","Clothing","26256"
"7934","794","""2026-05-26""","Grocery","281"
"7935","295","""2026-06-05""","Toys","791"
"7936","160","""2024-10-04""","Mobile Accessories","40444"
"7937","536","""2025-11-07""","Books","2723"
"7938","806","""2025-05-07""","Grocery","3385"
"7939","970","""2024-10-03""","Home & Kitchen","1628"
"7940","48","""2026-09-01""","Jewelry","17282"
"7941","241","""2024-12-23""","Books","14643"
"7942","93","""2025-08-23""","Mobile Accessories","43736"
"7943","218","""2026-07-02""","Clothing","5667"
"7944","256","""2026-05-07""","Clothing","2898"
"7945","188","""2025-11-29""","Jewelry","8725"
"7946","131","""2025-07-25""","Sports","9712"
"7947","182","""2025-05-16""","Home & Kitchen","42105"
"7948","980","""2024-12-09""","Clothing","540"
"7949","769","""2024-11-28""","Jewelry","2537"
"7950","449","""2025-10-20""","Clothing","774"
"7951","163","""2025-01-03""","Grocery","43011"
"7952","50","""2024-10-15""","Electronics","35007"
"7953","664","""2024-10-14""","Sports","1260"
"7954","442","""2025-04-29""","Books","4051"
"7955","155","""2026-01-31""","Sports","2333"
"7956","36","""2025-10-19""","Home & Kitchen","41533"
"7957","137","""2025-08-05""","Toys","41065"
"7958","811","""2026-02-22""","Toys","915"
"7959","882","""2026-01-13""","Electronics","1872"
"7960","653","""2026-01-17""","Sports","1441"
"7961","359","""2026-02-03""","Toys","12838"
"7962","147","""2025-03-18""","Home & Kitchen","2236"
"7963","240","""2026-02-16""","Toys","6577"
"7964","981","""2026-06-21""","Jewelry","4703"
"7965","196","""2026-03-19""","Grocery","28548"
"7966","100","""2024-11-03""","Grocery","5807"
"7967","166","""2025-03-26""","Jewelry","4608"
"7968","356","""2024-10-01""","Home & Kitchen","12089"
"7969","407","""2025-04-20""","Toys","9864"
"7970","302","""2025-02-22""","Beauty","13328"
"7971","491","""2026-07-09""","Books","8618"
"7972","492","""2025-07-26""","Grocery","1330"
"7973","434","""2026-03-06""","Electronics","6376"
"7974","143","""2026-03-14""","Jewelry","26864"
"7975","102","""2025-11-23""","Beauty","28054"
"7976","399","""2025-07-07""","Books","8481"
"7977","210","""2024-10-03""","Clothing","13276"
"7978","232","""2025-01-23""","Jewelry","2480"
"7979","137","""2026-06-21""","Books","38896"
"7980","169","""2026-05-25""","Electronics","14595"
"7981","278","""2026-04-03""","Jewelry","14971"
"7982","133","""2026-04-20""","Electronics","4072"
"7983","485","""2025-06-26""","Grocery","4448"
"7984","124","""2025-11-23""","Beauty","5244"
"7985","61","""2025-08-12""","Beauty","28765"
"7986","304","""2026-03-08""","Home & Kitchen","1390"
"7987","491","""2025-03-04""","Clothing","4060"
"7988","222","""2025-05-07""","Toys","1725"
"7989","144","""2025-09-02""","Electronics","10562"
"7990","28","""2026-09-02""","Sports","4735"
"7991","280","""2025-09-25""","Toys","10897"
"7992","513","""2024-12-30""","Home & Kitchen","1084"
"7993","104","""2025-12-04""","Beauty","8263"
"7994","3","""2025-11-30""","Home & Kitchen","2807"
"7995","161","""2024-12-18""","Toys","26568"
"7996","711","""2025-12-01""","Sports","4920"
"7997","397","""2025-01-02""","Grocery","5425"
"7998","527","""2024-11-12""","Sports","1459"
"7999","140","""2025-11-22""","Mobile Accessories","26836"
"8000","115","""2026-06-24""","Clothing","43600"
